--
-- PostgreSQL database dump
--

\restrict ejMgiXpcxKvuStxFqhz6sV0CRQMS6blwva4I8MD4rApCVOmTAc8Nu1Sn6RZYGsT

-- Dumped from database version 17.6
-- Dumped by pg_dump version 17.6

SET statement_timeout = 0;
SET lock_timeout = 0;
SET idle_in_transaction_session_timeout = 0;
SET transaction_timeout = 0;
SET client_encoding = 'UTF8';
SET standard_conforming_strings = on;
SELECT pg_catalog.set_config('search_path', '', false);
SET check_function_bodies = false;
SET xmloption = content;
SET client_min_messages = warning;
SET row_security = off;

--
-- Data for Name: companies; Type: TABLE DATA; Schema: public; Owner: postgres
--

INSERT INTO public.companies VALUES ('c54500dd-f55d-4fcd-aa25-28570335499c', 'DeenMobiles Service Center', 'info@deenmobiles.com', '+1234567890', '123 Main Street, City, State 12345', NULL, true, '2025-10-31 00:06:38.286', '2025-10-31 00:06:38.286');


--
-- Data for Name: branches; Type: TABLE DATA; Schema: public; Owner: postgres
--

INSERT INTO public.branches VALUES ('96143ebf-24e9-43b6-900b-7cda5f9d0f64', 'Main Branch', 'c54500dd-f55d-4fcd-aa25-28570335499c', '123 Main Street, City, State 12345', '+1234567890', 'main@deenmobiles.com', true, '2025-10-31 00:06:38.91', '2025-10-31 00:06:38.91', 'MAIN-001', NULL);
INSERT INTO public.branches VALUES ('c5ea27d8-a13d-4c9a-81c1-7fcc2a953ae1', 'Downtown Branch', 'c54500dd-f55d-4fcd-aa25-28570335499c', '456 Downtown Ave, City, State 12345', '+1234567891', 'downtown@deenmobiles.com', true, '2025-10-31 00:06:38.92', '2025-10-31 00:06:38.92', 'DOWN-001', NULL);
INSERT INTO public.branches VALUES ('fd9b3568-c312-41d1-b44e-e70437adc666', 'TPT Branch', 'c54500dd-f55d-4fcd-aa25-28570335499c', '789 TPT Road, Tiruppur, Tamil Nadu 641601', '+91-9876543210', 'tpt@deenmobiles.com', true, '2025-10-31 00:06:38.923', '2025-10-31 00:06:38.923', 'TPT', NULL);
INSERT INTO public.branches VALUES ('c1a9dfc9-354a-4e71-bde1-5a1ade259bdd', 'Deen Mobiles Villupuram', 'c54500dd-f55d-4fcd-aa25-28570335499c', 'No 719, Neruji Road, Near Greens, Villupuram 605602', '+91 9994447003', 'villupuram@deenmobiles.com', true, '2025-10-31 00:12:38.443', '2025-10-31 00:12:38.752', 'VPM', '97f0d703-751c-4747-9a3b-b0d56c5b6825');
INSERT INTO public.branches VALUES ('85b64dfa-0872-4942-83c3-489358ba6264', 'Deen Mobiles Tirukovilure', 'c54500dd-f55d-4fcd-aa25-28570335499c', 'No 11, Hospital Road, Tirukovilure 605757', '+91 82208 87745', 'tirukovilure@deenmobiles.com', true, '2025-10-31 00:12:38.766', '2025-10-31 00:12:39.059', 'TKV', '65f0d4f7-3f0c-4c5d-9043-b52e153aaa9b');
INSERT INTO public.branches VALUES ('c3f2e56e-3e75-4721-be53-de1e8ef799d8', 'Deen Mobiles Gingee', 'c54500dd-f55d-4fcd-aa25-28570335499c', 'No 130/1 Tiruvannamalai road, Noor Lodge & complex, Gingee 604202', '+91 90432 16877', 'gingee@deenmobiles.com', true, '2025-10-31 00:12:39.069', '2025-10-31 00:12:39.354', 'GNG', 'e4d85aa7-5bc3-4e6f-b027-dc786f855a8b');
INSERT INTO public.branches VALUES ('291b0188-2f77-4b8c-8127-22de295e6290', 'Deen Mobiles Tindivanam', 'c54500dd-f55d-4fcd-aa25-28570335499c', '363, Jawaharlal Neru Street, Nearby aryaas hotel, Tindivanam 604001', '+91 91502 79611', 'tindivanam@deenmobiles.com', true, '2025-10-31 00:12:39.36', '2025-10-31 00:12:39.64', 'TND', 'b188cab7-f1f1-4749-89f9-8edd08c0883c');


--
-- Data for Name: roles; Type: TABLE DATA; Schema: public; Owner: postgres
--

INSERT INTO public.roles VALUES ('1d845419-cb7c-4366-9e0a-19eae4fe5704', 'Super Administrator', 'Full system access with all permissions', true, NULL, '2025-10-31 00:06:38.802', '2025-10-31 00:06:38.802');
INSERT INTO public.roles VALUES ('0c31d297-b4c5-4321-ba78-d098f492324d', 'Administrator', 'Administrative access without system role management', true, NULL, '2025-10-31 00:06:38.836', '2025-10-31 00:06:38.836');
INSERT INTO public.roles VALUES ('54dfbdc9-da0d-4052-acff-df4caf5153ea', 'Branch Admin', 'Full branch-level administrative access including employee management', true, NULL, '2025-10-31 00:06:38.852', '2025-10-31 00:06:38.852');
INSERT INTO public.roles VALUES ('a28f0d61-975d-4a3b-917d-4ef53a5313f0', 'Manager', 'Manage branch operations, view reports', true, NULL, '2025-10-31 00:06:38.863', '2025-10-31 00:06:38.863');
INSERT INTO public.roles VALUES ('d0e57d4f-1f1b-4501-a187-14b4c40d9f96', 'Service Admin', 'Full control over service operations and assignments', true, NULL, '2025-10-31 00:06:38.871', '2025-10-31 00:06:38.871');
INSERT INTO public.roles VALUES ('e8e16882-3171-4dbe-99e3-1c29fa1397f4', 'Service Manager', 'Oversee service operations and technician assignments', true, NULL, '2025-10-31 00:06:38.882', '2025-10-31 00:06:38.882');
INSERT INTO public.roles VALUES ('350bdbff-ae2e-40d2-b48a-d205b87c175d', 'Technician', 'Handle service repairs and update service status', true, NULL, '2025-10-31 00:06:38.888', '2025-10-31 00:06:38.888');
INSERT INTO public.roles VALUES ('48d7a8a4-1e2d-41ba-8679-e612d828d34e', 'Receptionist', 'Customer intake, service creation, and basic operations', true, NULL, '2025-10-31 00:06:38.896', '2025-10-31 00:06:38.896');
INSERT INTO public.roles VALUES ('30f9a185-e0e6-4c70-865f-416abd6f08e4', 'Customer Support', 'Handle customer inquiries and service status updates', true, NULL, '2025-10-31 00:06:38.903', '2025-10-31 00:06:38.903');


--
-- Data for Name: users; Type: TABLE DATA; Schema: public; Owner: postgres
--

INSERT INTO public.users VALUES ('127e88cf-e475-443b-99b4-574b1d4db788', 'tech1@deenmobiles.com', '$2b$10$rAWxa9EHAV8dYpMhSpT5je1mRqrQUpn5XvY03NTfpY9CttBfn0s5y', 'John Technician', '+1234567892', 'TECHNICIAN', 'c54500dd-f55d-4fcd-aa25-28570335499c', '96143ebf-24e9-43b6-900b-7cda5f9d0f64', true, NULL, '2025-10-31 00:06:39.134', '2025-10-31 00:06:39.134', NULL, 0, NULL, NULL, 'tech1', '350bdbff-ae2e-40d2-b48a-d205b87c175d', NULL);
INSERT INTO public.users VALUES ('3f756df5-9ad9-4365-b6c7-d23f4d4be390', 'tech2@deenmobiles.com', '$2b$10$rAWxa9EHAV8dYpMhSpT5je1mRqrQUpn5XvY03NTfpY9CttBfn0s5y', 'Jane Technician', '+1234567893', 'TECHNICIAN', 'c54500dd-f55d-4fcd-aa25-28570335499c', 'c5ea27d8-a13d-4c9a-81c1-7fcc2a953ae1', true, NULL, '2025-10-31 00:06:39.138', '2025-10-31 00:06:39.138', NULL, 0, NULL, NULL, 'tech2', '350bdbff-ae2e-40d2-b48a-d205b87c175d', NULL);
INSERT INTO public.users VALUES ('db9c25ba-eb20-4adb-9457-8dfa44a9d52c', 'reception@deenmobiles.com', '$2b$10$rAWxa9EHAV8dYpMhSpT5je1mRqrQUpn5XvY03NTfpY9CttBfn0s5y', 'Sarah Receptionist', '+1234567894', 'RECEPTIONIST', 'c54500dd-f55d-4fcd-aa25-28570335499c', '96143ebf-24e9-43b6-900b-7cda5f9d0f64', true, NULL, '2025-10-31 00:06:39.142', '2025-10-31 00:06:39.142', NULL, 0, NULL, NULL, 'reception', '48d7a8a4-1e2d-41ba-8679-e612d828d34e', NULL);
INSERT INTO public.users VALUES ('d90ff1ab-163c-41b5-ab0f-5eba96adb3e1', 'admin@deenmobiles.com', '$2b$10$rAWxa9EHAV8dYpMhSpT5je1mRqrQUpn5XvY03NTfpY9CttBfn0s5y', 'Super Admin', '+1234567890', 'SUPER_ADMIN', 'c54500dd-f55d-4fcd-aa25-28570335499c', NULL, true, '2025-10-31 06:40:26.981', '2025-10-31 00:06:39.116', '2025-11-29 10:59:26.643', NULL, 2, '2025-11-29 10:59:26.641', NULL, 'admin', '1d845419-cb7c-4366-9e0a-19eae4fe5704', NULL);
INSERT INTO public.users VALUES ('c05796e4-8a67-4530-a475-9e3648084b6e', 'manager@deenmobiles.com', '$2b$10$rAWxa9EHAV8dYpMhSpT5je1mRqrQUpn5XvY03NTfpY9CttBfn0s5y', 'Branch Manager', '+1234567891', 'MANAGER', 'c54500dd-f55d-4fcd-aa25-28570335499c', '96143ebf-24e9-43b6-900b-7cda5f9d0f64', true, NULL, '2025-10-31 00:06:39.129', '2025-11-29 10:59:29.488', NULL, 1, '2025-11-29 10:59:29.487', NULL, 'manager', 'a28f0d61-975d-4a3b-917d-4ef53a5313f0', NULL);
INSERT INTO public.users VALUES ('65f0d4f7-3f0c-4c5d-9043-b52e153aaa9b', 'manager.tirukovilure@deenmobiles.com', '$2b$10$x0VrROAlJJCUCg/BKcNHOe9L1NAlgAOFEafCZR6ffkuO8gxnFD6FS', 'Tirukovilure Manager', '+91 82208 87745', 'MANAGER', 'c54500dd-f55d-4fcd-aa25-28570335499c', '85b64dfa-0872-4942-83c3-489358ba6264', true, NULL, '2025-10-31 00:12:39.045', '2025-10-31 00:12:39.045', NULL, 0, NULL, NULL, 'manager.tirukovilure', 'a28f0d61-975d-4a3b-917d-4ef53a5313f0', NULL);
INSERT INTO public.users VALUES ('e4d85aa7-5bc3-4e6f-b027-dc786f855a8b', 'manager.gingee@deenmobiles.com', '$2b$10$6ANQ051HdC8kuELdeySPQOTSqWpBMAjIow7LYqb3fmsRymwwCblRy', 'Gingee Manager', '+91 90432 16877', 'MANAGER', 'c54500dd-f55d-4fcd-aa25-28570335499c', 'c3f2e56e-3e75-4721-be53-de1e8ef799d8', true, NULL, '2025-10-31 00:12:39.347', '2025-10-31 00:12:39.347', NULL, 0, NULL, NULL, 'manager.gingee', 'a28f0d61-975d-4a3b-917d-4ef53a5313f0', NULL);
INSERT INTO public.users VALUES ('b188cab7-f1f1-4749-89f9-8edd08c0883c', 'manager.tindivanam@deenmobiles.com', '$2b$10$Nn.PEJ4niNrf6E.GPPJSH.IQTLTwn8HE71B899HXgEDJXL7C8.84a', 'Tindivanam Manager', '+91 91502 79611', 'MANAGER', 'c54500dd-f55d-4fcd-aa25-28570335499c', '291b0188-2f77-4b8c-8127-22de295e6290', true, NULL, '2025-10-31 00:12:39.63', '2025-10-31 00:12:39.63', NULL, 0, NULL, NULL, 'manager.tindivanam', 'a28f0d61-975d-4a3b-917d-4ef53a5313f0', NULL);
INSERT INTO public.users VALUES ('97f0d703-751c-4747-9a3b-b0d56c5b6825', 'manager.villupuram@deenmobiles.com', '$2b$10$C2Z48du2I0pG1cS9ycFgCeiXcgIkOOIOBGazTUhLOzJ7JF5gXHlO6', 'Villupuram Manager', '+91 9994447003', 'MANAGER', 'c54500dd-f55d-4fcd-aa25-28570335499c', 'c1a9dfc9-354a-4e71-bde1-5a1ade259bdd', true, '2025-11-29 10:59:35.921', '2025-10-31 00:12:38.735', '2025-11-29 10:59:35.923', NULL, 0, NULL, NULL, 'manager.villupuram', 'a28f0d61-975d-4a3b-917d-4ef53a5313f0', NULL);


--
-- Data for Name: activity_logs; Type: TABLE DATA; Schema: public; Owner: postgres
--

INSERT INTO public.activity_logs VALUES ('75cbd78a-f97a-47c6-93b1-8f662d18d2d2', '97f0d703-751c-4747-9a3b-b0d56c5b6825', 'CREATE', 'service', '069b4b54-1025-43fa-b8eb-cc154a68b1e3', '{"ticketNumber":"SRV-VPM-20251031-001","customerName":"Sowmya Devi","deviceBrand":"Motorola","deviceModel":"G54 5G","serviceCategory":"Battery Replacement","estimatedCost":800,"advancePayment":0,"paymentEntriesCount":0}', NULL, NULL, '2025-10-31 01:25:22.213');
INSERT INTO public.activity_logs VALUES ('7b71d68d-32dd-4f38-911f-e0e1612da5ea', '97f0d703-751c-4747-9a3b-b0d56c5b6825', 'STATUS_UPDATE', 'service', '069b4b54-1025-43fa-b8eb-cc154a68b1e3', '{"oldStatus":"PENDING","newStatus":"IN_PROGRESS","notes":""}', NULL, NULL, '2025-10-31 02:01:32.799');
INSERT INTO public.activity_logs VALUES ('9115b49f-d581-46aa-8b4e-d6b1cdd435e4', '97f0d703-751c-4747-9a3b-b0d56c5b6825', 'STATUS_UPDATE', 'service', '069b4b54-1025-43fa-b8eb-cc154a68b1e3', '{"oldStatus":"IN_PROGRESS","newStatus":"WAITING_PARTS","notes":""}', NULL, NULL, '2025-10-31 02:01:51.065');
INSERT INTO public.activity_logs VALUES ('c328a462-dcd0-4bb8-8758-ac0025448bb4', '97f0d703-751c-4747-9a3b-b0d56c5b6825', 'CREATE', 'service', '1120de55-a803-472e-8156-a6f1486bf2c0', '{"ticketNumber":"SRV-VPM-20251031-002","customerName":"Meena Kumari","deviceBrand":"Nothing","deviceModel":"Phone (2)","serviceCategory":"Camera Repair","estimatedCost":1200,"advancePayment":1000,"paymentEntriesCount":1}', NULL, NULL, '2025-10-31 07:04:21.358');
INSERT INTO public.activity_logs VALUES ('bf9ea014-a0ee-47f9-963b-d9924e6ef39b', '97f0d703-751c-4747-9a3b-b0d56c5b6825', 'STATUS_UPDATE', 'service', '1120de55-a803-472e-8156-a6f1486bf2c0', '{"oldStatus":"PENDING","newStatus":"IN_PROGRESS","notes":""}', NULL, NULL, '2025-10-31 07:04:55.79');


--
-- Data for Name: item_brands; Type: TABLE DATA; Schema: public; Owner: postgres
--

INSERT INTO public.item_brands VALUES ('6675891f-3be8-4747-aa47-682208f02ed5', 'Apple', 'APL', 'Premium smartphones, tablets and accessories', true, 'c54500dd-f55d-4fcd-aa25-28570335499c', '2025-10-31 00:06:53.742', '2025-10-31 00:06:53.742');
INSERT INTO public.item_brands VALUES ('8d7b3766-a8ff-46fa-8fba-aac806db9e79', 'Samsung', 'SAM', 'Korean electronics giant - phones, tablets, accessories', true, 'c54500dd-f55d-4fcd-aa25-28570335499c', '2025-10-31 00:06:53.768', '2025-10-31 00:06:53.768');
INSERT INTO public.item_brands VALUES ('a204f7c8-8663-48bd-9bad-33f362ea22f7', 'Xiaomi', 'XIA', 'Value for money smartphones and accessories', true, 'c54500dd-f55d-4fcd-aa25-28570335499c', '2025-10-31 00:06:53.787', '2025-10-31 00:06:53.787');
INSERT INTO public.item_brands VALUES ('db3b37b4-7f1a-4d53-b038-1794e88fd9a7', 'OnePlus', 'OPL', 'Flagship killer smartphones', true, 'c54500dd-f55d-4fcd-aa25-28570335499c', '2025-10-31 00:06:53.806', '2025-10-31 00:06:53.806');
INSERT INTO public.item_brands VALUES ('1e70da15-2527-4830-a11c-6db24c91dcae', 'Oppo', 'OPP', 'Camera-focused smartphones', true, 'c54500dd-f55d-4fcd-aa25-28570335499c', '2025-10-31 00:06:53.824', '2025-10-31 00:06:53.824');
INSERT INTO public.item_brands VALUES ('6201da3c-3df7-4100-928b-1f008be864f9', 'Vivo', 'VIV', 'Selfie-focused smartphones', true, 'c54500dd-f55d-4fcd-aa25-28570335499c', '2025-10-31 00:06:53.844', '2025-10-31 00:06:53.844');
INSERT INTO public.item_brands VALUES ('88657f85-edaa-4c5e-8dd5-4fe767b1e047', 'Realme', 'RLM', 'Budget and mid-range smartphones', true, 'c54500dd-f55d-4fcd-aa25-28570335499c', '2025-10-31 00:06:53.866', '2025-10-31 00:06:53.866');
INSERT INTO public.item_brands VALUES ('76592e23-fec2-4d50-a001-e8f824b5d53b', 'Google', 'GOG', 'Pixel smartphones with pure Android', true, 'c54500dd-f55d-4fcd-aa25-28570335499c', '2025-10-31 00:06:53.883', '2025-10-31 00:06:53.883');
INSERT INTO public.item_brands VALUES ('5b370bfd-a595-4abc-9e35-0bbfd9256e36', 'Motorola', 'MOT', 'Durable smartphones with stock Android', true, 'c54500dd-f55d-4fcd-aa25-28570335499c', '2025-10-31 00:06:53.903', '2025-10-31 00:06:53.903');
INSERT INTO public.item_brands VALUES ('d8820c11-4f20-4cb3-928e-dc1fb3d59fcb', 'Nokia', 'NOK', 'Classic and reliable smartphones', true, 'c54500dd-f55d-4fcd-aa25-28570335499c', '2025-10-31 00:06:53.922', '2025-10-31 00:06:53.922');
INSERT INTO public.item_brands VALUES ('74d32840-8099-433e-9c62-25c973fec741', 'Nothing', 'NTH', 'Innovative design smartphones', true, 'c54500dd-f55d-4fcd-aa25-28570335499c', '2025-10-31 00:06:53.935', '2025-10-31 00:06:53.935');
INSERT INTO public.item_brands VALUES ('1a7bfbeb-6908-405f-9afa-1da0bb9baba3', 'iQOO', 'IQO', 'Gaming-focused smartphones', true, 'c54500dd-f55d-4fcd-aa25-28570335499c', '2025-10-31 00:06:53.948', '2025-10-31 00:06:53.948');
INSERT INTO public.item_brands VALUES ('35f1fdbe-edf9-4ff0-b937-a94b4a32a8fc', 'Huawei', 'HUAWEI', 'Huawei Technologies', true, 'c54500dd-f55d-4fcd-aa25-28570335499c', '2025-10-31 00:18:04.758', '2025-10-31 00:18:04.758');
INSERT INTO public.item_brands VALUES ('e5e17d81-2c36-4905-b5e3-0e1e44025676', 'Honor', 'HONOR', 'Honor Device', true, 'c54500dd-f55d-4fcd-aa25-28570335499c', '2025-10-31 00:18:04.764', '2025-10-31 00:18:04.764');
INSERT INTO public.item_brands VALUES ('256ba6da-e994-43ac-871d-73d168dad571', 'Asus', 'ASUS', 'Asus Mobile', true, 'c54500dd-f55d-4fcd-aa25-28570335499c', '2025-10-31 00:18:04.77', '2025-10-31 00:18:04.77');
INSERT INTO public.item_brands VALUES ('8ab1f58c-e1d2-4a8b-8fea-481bd600e064', 'Sony', 'SONY', 'Sony Corporation', true, 'c54500dd-f55d-4fcd-aa25-28570335499c', '2025-10-31 00:18:04.775', '2025-10-31 00:18:04.775');
INSERT INTO public.item_brands VALUES ('139a4865-26bc-460a-9f5e-979fc6427ba8', 'LG', 'LG', 'LG Electronics', true, 'c54500dd-f55d-4fcd-aa25-28570335499c', '2025-10-31 00:18:04.78', '2025-10-31 00:18:04.78');
INSERT INTO public.item_brands VALUES ('7184fb70-a29d-4345-a9be-d521018bdb24', 'Infinix', 'INFINIX', 'Infinix Mobility', true, 'c54500dd-f55d-4fcd-aa25-28570335499c', '2025-10-31 00:18:04.789', '2025-10-31 00:18:04.789');
INSERT INTO public.item_brands VALUES ('a0fae29d-8aac-4abc-8e84-f15c65e75690', 'Tecno', 'TECNO', 'Tecno Mobile', true, 'c54500dd-f55d-4fcd-aa25-28570335499c', '2025-10-31 00:18:04.795', '2025-10-31 00:18:04.795');
INSERT INTO public.item_brands VALUES ('2eda36ef-1017-45a0-bee5-7a10345809bc', 'Itel', 'ITEL', 'Itel Mobile', true, 'c54500dd-f55d-4fcd-aa25-28570335499c', '2025-10-31 00:18:04.8', '2025-10-31 00:18:04.8');
INSERT INTO public.item_brands VALUES ('3d4ff179-e217-4b79-8849-b85b70c980f8', 'Lava', 'LAVA', 'Lava International', true, 'c54500dd-f55d-4fcd-aa25-28570335499c', '2025-10-31 00:18:04.805', '2025-10-31 00:18:04.805');
INSERT INTO public.item_brands VALUES ('2ddf647a-32bc-43fe-af2c-02b679837854', 'Generic', 'GENERIC', 'Generic/Universal products', true, 'c54500dd-f55d-4fcd-aa25-28570335499c', '2025-11-07 15:55:23.045', '2025-11-07 15:55:23.045');


--
-- Data for Name: item_categories; Type: TABLE DATA; Schema: public; Owner: postgres
--

INSERT INTO public.item_categories VALUES ('22b38051-516f-4e55-b1ff-54f97a4dd387', 'Battery', 'BATTERY', 'Batteries and power cells', true, 'c54500dd-f55d-4fcd-aa25-28570335499c', '2025-10-31 00:06:38.518', '2025-10-31 00:06:38.518');
INSERT INTO public.item_categories VALUES ('ee00ca7f-f56d-43b6-8375-ac21cf16904c', 'Display', 'DISPLAY', 'Display screens and LCD panels', true, 'c54500dd-f55d-4fcd-aa25-28570335499c', '2025-10-31 00:06:38.518', '2025-10-31 00:06:38.518');
INSERT INTO public.item_categories VALUES ('2612ec5c-a35f-4371-aa8a-8d8a0f3a33d4', 'Charger', 'CHARGER', 'Chargers and charging adapters', true, 'c54500dd-f55d-4fcd-aa25-28570335499c', '2025-10-31 00:06:38.518', '2025-10-31 00:06:38.518');
INSERT INTO public.item_categories VALUES ('b3868b40-f996-4b43-9366-9a7f156e21f6', 'Camera', 'CAMERA', 'Camera modules and components', true, 'c54500dd-f55d-4fcd-aa25-28570335499c', '2025-10-31 00:06:38.518', '2025-10-31 00:06:38.518');
INSERT INTO public.item_categories VALUES ('024510cb-b1ab-418e-be48-fc7662a07918', 'Mechanical', 'MECHANICAL', 'Mechanical parts and components', true, 'c54500dd-f55d-4fcd-aa25-28570335499c', '2025-10-31 00:06:38.519', '2025-10-31 00:06:38.519');
INSERT INTO public.item_categories VALUES ('533b301c-2ecc-4e97-8742-0b6c7af96d67', 'Cable', 'CABLE', 'Cables and connectors', true, 'c54500dd-f55d-4fcd-aa25-28570335499c', '2025-10-31 00:06:38.518', '2025-10-31 00:06:38.518');
INSERT INTO public.item_categories VALUES ('cbac4be2-41d1-46b8-9d66-6367942a9321', 'Other', 'OTHER', 'Other miscellaneous items', true, 'c54500dd-f55d-4fcd-aa25-28570335499c', '2025-10-31 00:06:38.519', '2025-10-31 00:06:38.519');
INSERT INTO public.item_categories VALUES ('377bf1ff-3164-486f-aa57-dc2622dbb551', 'Audio', 'AUDIO', 'Audio components (speakers, microphones)', true, 'c54500dd-f55d-4fcd-aa25-28570335499c', '2025-10-31 00:06:38.518', '2025-10-31 00:06:38.518');
INSERT INTO public.item_categories VALUES ('12aba9f5-4c21-4639-9798-2f2a81ae6b59', 'Electrical', 'ELECTRICAL', 'Electrical components', true, 'c54500dd-f55d-4fcd-aa25-28570335499c', '2025-10-31 00:06:38.519', '2025-10-31 00:06:38.519');
INSERT INTO public.item_categories VALUES ('52fd62c2-41d5-4cf0-8e03-dd6434e60d86', 'Case/Cover', 'CASE_COVER', 'Phone cases and protective covers', true, 'c54500dd-f55d-4fcd-aa25-28570335499c', '2025-10-31 00:06:38.518', '2025-10-31 00:06:38.518');
INSERT INTO public.item_categories VALUES ('9f02668c-e07a-42ee-8c82-c7dda1cf65d8', 'Accessory', 'ACCESSORY', 'General accessories', true, 'c54500dd-f55d-4fcd-aa25-28570335499c', '2025-10-31 00:06:38.519', '2025-10-31 00:06:38.519');
INSERT INTO public.item_categories VALUES ('01d453d9-8138-4681-8190-e45ab2022b54', 'Screen Protector', 'SCREEN_PROTECTOR', 'Screen protectors and tempered glass', true, 'c54500dd-f55d-4fcd-aa25-28570335499c', '2025-10-31 00:06:38.518', '2025-10-31 00:06:38.518');
INSERT INTO public.item_categories VALUES ('3a6ac3bb-c27b-4f63-8983-38deb097a56d', 'Display & Screens', 'DISPLAYS', 'Mobile phone displays, screens, and digitizers', true, 'c54500dd-f55d-4fcd-aa25-28570335499c', '2025-11-07 15:47:58.443', '2025-11-07 15:47:58.443');
INSERT INTO public.item_categories VALUES ('85ef10b8-e556-4d60-aeae-150feadab75a', 'Batteries', 'BATTERIES', 'Mobile phone batteries and power banks', true, 'c54500dd-f55d-4fcd-aa25-28570335499c', '2025-11-07 15:47:58.549', '2025-11-07 15:47:58.549');
INSERT INTO public.item_categories VALUES ('8f25b25d-1122-44c8-853d-65c352ff0e67', 'Accessories', 'ACCESSORIES', 'Mobile accessories like cables, chargers, cases', true, 'c54500dd-f55d-4fcd-aa25-28570335499c', '2025-11-07 15:47:58.56', '2025-11-07 15:47:58.56');
INSERT INTO public.item_categories VALUES ('6a349f9a-fb35-40b7-b0d7-8d27c9432c9b', 'Spare Parts', 'PARTS', 'Mobile spare parts for repairs', true, 'c54500dd-f55d-4fcd-aa25-28570335499c', '2025-11-07 15:47:58.583', '2025-11-07 15:47:58.583');
INSERT INTO public.item_categories VALUES ('b8306da3-fd21-4334-8950-8726782d3788', 'Protection', 'PROTECTION', 'Screen protectors, tempered glass, protective films', true, 'c54500dd-f55d-4fcd-aa25-28570335499c', '2025-11-07 15:47:58.6', '2025-11-07 15:47:58.6');


--
-- Data for Name: item_gst_rates; Type: TABLE DATA; Schema: public; Owner: postgres
--

INSERT INTO public.item_gst_rates VALUES ('6a673331-2db2-482d-8565-8b46731ec932', 'GST 18%', 18.00, '18% GST rate', true, 'c54500dd-f55d-4fcd-aa25-28570335499c', '2025-10-31 00:06:38.759', '2025-10-31 00:06:38.759');
INSERT INTO public.item_gst_rates VALUES ('b35dd4a1-e327-4ac1-b032-db88f57396f8', 'GST 28%', 28.00, '28% GST rate', true, 'c54500dd-f55d-4fcd-aa25-28570335499c', '2025-10-31 00:06:38.759', '2025-10-31 00:06:38.759');
INSERT INTO public.item_gst_rates VALUES ('90496cbb-e514-4deb-9f3b-fed7b1adc4f3', 'GST 0%', 0.00, 'Zero GST rate', true, 'c54500dd-f55d-4fcd-aa25-28570335499c', '2025-10-31 00:06:38.759', '2025-10-31 00:06:38.759');
INSERT INTO public.item_gst_rates VALUES ('455b5d20-b13d-47ec-adf3-ee5914821f1e', 'GST 5%', 5.00, '5% GST rate', true, 'c54500dd-f55d-4fcd-aa25-28570335499c', '2025-10-31 00:06:38.759', '2025-10-31 00:06:38.759');
INSERT INTO public.item_gst_rates VALUES ('8a0eb668-0b49-4af8-ab69-f5ca4464417f', 'GST 12%', 12.00, '12% GST rate', true, 'c54500dd-f55d-4fcd-aa25-28570335499c', '2025-10-31 00:06:38.759', '2025-10-31 00:06:38.759');


--
-- Data for Name: item_models; Type: TABLE DATA; Schema: public; Owner: postgres
--

INSERT INTO public.item_models VALUES ('53f7b39e-65d0-45ff-844f-6648ce8430ac', 'iPhone 15 Pro Max', 'IP15PM', 'Latest flagship with titanium design', '6675891f-3be8-4747-aa47-682208f02ed5', true, 'c54500dd-f55d-4fcd-aa25-28570335499c', '2025-10-31 00:06:54.656', '2025-10-31 00:06:54.656');
INSERT INTO public.item_models VALUES ('a58923c8-dac0-4585-8422-80130429fa61', 'iPhone 15 Pro', 'IP15P', 'Premium model with A17 Pro chip', '6675891f-3be8-4747-aa47-682208f02ed5', true, 'c54500dd-f55d-4fcd-aa25-28570335499c', '2025-10-31 00:06:54.691', '2025-10-31 00:06:54.691');
INSERT INTO public.item_models VALUES ('01b7f126-7950-4376-bca1-85656cb5b37d', 'iPhone 15 Plus', 'IP15+', 'Large display model', '6675891f-3be8-4747-aa47-682208f02ed5', true, 'c54500dd-f55d-4fcd-aa25-28570335499c', '2025-10-31 00:06:54.715', '2025-10-31 00:06:54.715');
INSERT INTO public.item_models VALUES ('d524614f-5883-4ae2-a076-7d458dd50c0d', 'iPhone 15', 'IP15', 'Standard model with dynamic island', '6675891f-3be8-4747-aa47-682208f02ed5', true, 'c54500dd-f55d-4fcd-aa25-28570335499c', '2025-10-31 00:06:54.742', '2025-10-31 00:06:54.742');
INSERT INTO public.item_models VALUES ('5fcf508b-2b94-46fd-a862-1c4031d3e279', 'iPhone 14 Pro Max', 'IP14PM', 'Previous gen pro max', '6675891f-3be8-4747-aa47-682208f02ed5', true, 'c54500dd-f55d-4fcd-aa25-28570335499c', '2025-10-31 00:06:54.764', '2025-10-31 00:06:54.764');
INSERT INTO public.item_models VALUES ('ccf994aa-f10c-4e92-b5c2-7cf9052af47f', 'iPhone 14 Pro', 'IP14P', 'Previous gen pro model', '6675891f-3be8-4747-aa47-682208f02ed5', true, 'c54500dd-f55d-4fcd-aa25-28570335499c', '2025-10-31 00:06:54.786', '2025-10-31 00:06:54.786');
INSERT INTO public.item_models VALUES ('808ac1b0-cde1-459b-83e1-350b89f84589', 'iPhone 14', 'IP14', 'Previous standard model', '6675891f-3be8-4747-aa47-682208f02ed5', true, 'c54500dd-f55d-4fcd-aa25-28570335499c', '2025-10-31 00:06:54.807', '2025-10-31 00:06:54.807');
INSERT INTO public.item_models VALUES ('29449ef9-ce45-490d-adca-800fc869d3f6', 'iPhone 13', 'IP13', 'Popular mid-range model', '6675891f-3be8-4747-aa47-682208f02ed5', true, 'c54500dd-f55d-4fcd-aa25-28570335499c', '2025-10-31 00:06:54.834', '2025-10-31 00:06:54.834');
INSERT INTO public.item_models VALUES ('515672f7-becc-46e0-ab33-e50c2e6b078b', 'iPhone 12', 'IP12', '5G enabled iPhone', '6675891f-3be8-4747-aa47-682208f02ed5', true, 'c54500dd-f55d-4fcd-aa25-28570335499c', '2025-10-31 00:06:54.854', '2025-10-31 00:06:54.854');
INSERT INTO public.item_models VALUES ('775ed7d8-89ad-4f18-82b3-9fe02e72abc9', 'iPhone SE 2022', 'IPSE22', 'Budget iPhone with A15 chip', '6675891f-3be8-4747-aa47-682208f02ed5', true, 'c54500dd-f55d-4fcd-aa25-28570335499c', '2025-10-31 00:06:54.875', '2025-10-31 00:06:54.875');
INSERT INTO public.item_models VALUES ('d2e322d6-1c3c-4353-ab87-acf66b3a1fc4', 'Galaxy S24 Ultra', 'S24U', 'Flagship with S Pen', '8d7b3766-a8ff-46fa-8fba-aac806db9e79', true, 'c54500dd-f55d-4fcd-aa25-28570335499c', '2025-10-31 00:06:54.893', '2025-10-31 00:06:54.893');
INSERT INTO public.item_models VALUES ('24cf22f3-af69-4ba0-ab23-613d0608cb35', 'Galaxy S24+', 'S24+', 'Premium large display', '8d7b3766-a8ff-46fa-8fba-aac806db9e79', true, 'c54500dd-f55d-4fcd-aa25-28570335499c', '2025-10-31 00:06:54.909', '2025-10-31 00:06:54.909');
INSERT INTO public.item_models VALUES ('74600694-b7d4-4d87-9eef-760f6b3aa6d4', 'Galaxy S24', 'S24', 'Standard flagship', '8d7b3766-a8ff-46fa-8fba-aac806db9e79', true, 'c54500dd-f55d-4fcd-aa25-28570335499c', '2025-10-31 00:06:54.93', '2025-10-31 00:06:54.93');
INSERT INTO public.item_models VALUES ('ff5fc817-eae9-492c-b9f8-a1b4f7a701ab', 'Galaxy S23 Ultra', 'S23U', 'Previous flagship ultra', '8d7b3766-a8ff-46fa-8fba-aac806db9e79', true, 'c54500dd-f55d-4fcd-aa25-28570335499c', '2025-10-31 00:06:54.949', '2025-10-31 00:06:54.949');
INSERT INTO public.item_models VALUES ('955aba47-1aa6-47ee-8bc7-2e915ec02bca', 'Galaxy A54 5G', 'A54', 'Mid-range with great camera', '8d7b3766-a8ff-46fa-8fba-aac806db9e79', true, 'c54500dd-f55d-4fcd-aa25-28570335499c', '2025-10-31 00:06:54.966', '2025-10-31 00:06:54.966');
INSERT INTO public.item_models VALUES ('893f9c5f-0a13-4a2b-bfa5-69b772f2ae9e', 'Galaxy A34 5G', 'A34', 'Mid-range 5G phone', '8d7b3766-a8ff-46fa-8fba-aac806db9e79', true, 'c54500dd-f55d-4fcd-aa25-28570335499c', '2025-10-31 00:06:54.987', '2025-10-31 00:06:54.987');
INSERT INTO public.item_models VALUES ('4f1f301d-b6ed-4b0a-8387-18e4dc2b42d7', 'Galaxy A24', 'A24', 'Budget friendly model', '8d7b3766-a8ff-46fa-8fba-aac806db9e79', true, 'c54500dd-f55d-4fcd-aa25-28570335499c', '2025-10-31 00:06:55.009', '2025-10-31 00:06:55.009');
INSERT INTO public.item_models VALUES ('476f0bda-eae7-4519-af85-eb8ac17b2780', 'Galaxy M34 5G', 'M34', 'Value for money 5G', '8d7b3766-a8ff-46fa-8fba-aac806db9e79', true, 'c54500dd-f55d-4fcd-aa25-28570335499c', '2025-10-31 00:06:55.027', '2025-10-31 00:06:55.027');
INSERT INTO public.item_models VALUES ('60d2e1ee-3da1-43f3-baa6-d92331fc5fb9', 'Galaxy Z Fold 5', 'ZF5', 'Foldable flagship', '8d7b3766-a8ff-46fa-8fba-aac806db9e79', true, 'c54500dd-f55d-4fcd-aa25-28570335499c', '2025-10-31 00:06:55.045', '2025-10-31 00:06:55.045');
INSERT INTO public.item_models VALUES ('055a8c68-3963-4795-9b94-72d0bc07c4af', 'Galaxy Z Flip 5', 'ZFLIP5', 'Compact foldable', '8d7b3766-a8ff-46fa-8fba-aac806db9e79', true, 'c54500dd-f55d-4fcd-aa25-28570335499c', '2025-10-31 00:06:55.062', '2025-10-31 00:06:55.062');
INSERT INTO public.item_models VALUES ('dde3a259-44cd-4f64-8ab8-aefefda0c2f9', 'Redmi Note 13 Pro+', 'RN13P+', 'Pro plus variant', 'a204f7c8-8663-48bd-9bad-33f362ea22f7', true, 'c54500dd-f55d-4fcd-aa25-28570335499c', '2025-10-31 00:06:55.081', '2025-10-31 00:06:55.081');
INSERT INTO public.item_models VALUES ('748f6f2c-90a1-4a5c-8b42-57a9b5ef9419', 'Redmi Note 13 Pro', 'RN13P', 'Popular pro variant', 'a204f7c8-8663-48bd-9bad-33f362ea22f7', true, 'c54500dd-f55d-4fcd-aa25-28570335499c', '2025-10-31 00:06:55.1', '2025-10-31 00:06:55.1');
INSERT INTO public.item_models VALUES ('c6e2934a-61d0-43e2-b9eb-ed52e6e5151c', 'Redmi Note 13', 'RN13', 'Best selling note series', 'a204f7c8-8663-48bd-9bad-33f362ea22f7', true, 'c54500dd-f55d-4fcd-aa25-28570335499c', '2025-10-31 00:06:55.118', '2025-10-31 00:06:55.118');
INSERT INTO public.item_models VALUES ('0ed403d3-9bed-45b9-9333-888fc3b273ed', 'Redmi 13C', 'R13C', 'Budget entry level', 'a204f7c8-8663-48bd-9bad-33f362ea22f7', true, 'c54500dd-f55d-4fcd-aa25-28570335499c', '2025-10-31 00:06:55.14', '2025-10-31 00:06:55.14');
INSERT INTO public.item_models VALUES ('d390ef84-3822-4839-b318-ded176846d98', 'Redmi 12', 'R12', 'Standard budget phone', 'a204f7c8-8663-48bd-9bad-33f362ea22f7', true, 'c54500dd-f55d-4fcd-aa25-28570335499c', '2025-10-31 00:06:55.159', '2025-10-31 00:06:55.159');
INSERT INTO public.item_models VALUES ('5486f3ca-335d-40b7-9877-c23eb4a508cf', 'Poco X6 Pro', 'PX6P', 'Gaming focused pro', 'a204f7c8-8663-48bd-9bad-33f362ea22f7', true, 'c54500dd-f55d-4fcd-aa25-28570335499c', '2025-10-31 00:06:55.18', '2025-10-31 00:06:55.18');
INSERT INTO public.item_models VALUES ('5d25b9d9-ca1e-4fce-bb98-0bf062ae71a8', 'Poco X6', 'PX6', 'Performance phone', 'a204f7c8-8663-48bd-9bad-33f362ea22f7', true, 'c54500dd-f55d-4fcd-aa25-28570335499c', '2025-10-31 00:06:55.2', '2025-10-31 00:06:55.2');
INSERT INTO public.item_models VALUES ('36cd1a02-adde-439f-82b7-10a48e506438', 'Poco M6 Pro', 'PM6P', 'Budget gaming phone', 'a204f7c8-8663-48bd-9bad-33f362ea22f7', true, 'c54500dd-f55d-4fcd-aa25-28570335499c', '2025-10-31 00:06:55.223', '2025-10-31 00:06:55.223');
INSERT INTO public.item_models VALUES ('c18f6bc1-2381-409d-acce-14aab2588f49', 'Mi 11X', 'M11X', 'Flagship killer', 'a204f7c8-8663-48bd-9bad-33f362ea22f7', true, 'c54500dd-f55d-4fcd-aa25-28570335499c', '2025-10-31 00:06:55.245', '2025-10-31 00:06:55.245');
INSERT INTO public.item_models VALUES ('88aa0e49-bdd2-492f-ade7-79ecf4c89075', 'OnePlus 12', 'OP12', 'Latest flagship', 'db3b37b4-7f1a-4d53-b038-1794e88fd9a7', true, 'c54500dd-f55d-4fcd-aa25-28570335499c', '2025-10-31 00:06:55.267', '2025-10-31 00:06:55.267');
INSERT INTO public.item_models VALUES ('73111570-b5f9-4080-a344-ada43ebf95e4', 'OnePlus 11', 'OP11', 'Previous flagship', 'db3b37b4-7f1a-4d53-b038-1794e88fd9a7', true, 'c54500dd-f55d-4fcd-aa25-28570335499c', '2025-10-31 00:06:55.288', '2025-10-31 00:06:55.288');
INSERT INTO public.item_models VALUES ('cc7a6879-f8b5-4e6d-bae3-b05ec5000406', 'OnePlus Nord 3', 'OPN3', 'Mid-range nord series', 'db3b37b4-7f1a-4d53-b038-1794e88fd9a7', true, 'c54500dd-f55d-4fcd-aa25-28570335499c', '2025-10-31 00:06:55.316', '2025-10-31 00:06:55.316');
INSERT INTO public.item_models VALUES ('4f0c8538-3a87-4d3c-ac32-f67616e5d9b8', 'OnePlus Nord CE 3', 'OPNCE3', 'Core edition', 'db3b37b4-7f1a-4d53-b038-1794e88fd9a7', true, 'c54500dd-f55d-4fcd-aa25-28570335499c', '2025-10-31 00:06:55.34', '2025-10-31 00:06:55.34');
INSERT INTO public.item_models VALUES ('f064fd78-ad30-49ce-864a-9ceee769d2ec', 'OnePlus 10 Pro', 'OP10P', 'Pro model with Hasselblad camera', 'db3b37b4-7f1a-4d53-b038-1794e88fd9a7', true, 'c54500dd-f55d-4fcd-aa25-28570335499c', '2025-10-31 00:06:55.361', '2025-10-31 00:06:55.361');
INSERT INTO public.item_models VALUES ('b4307650-54df-4da3-a87a-ed38fa9d89c5', 'Reno 11 Pro', 'R11P', 'Premium reno series', '1e70da15-2527-4830-a11c-6db24c91dcae', true, 'c54500dd-f55d-4fcd-aa25-28570335499c', '2025-10-31 00:06:55.385', '2025-10-31 00:06:55.385');
INSERT INTO public.item_models VALUES ('6e9b830b-ade0-4ff9-b3fe-d90df5a23a46', 'Reno 11', 'R11', 'Mid-range reno', '1e70da15-2527-4830-a11c-6db24c91dcae', true, 'c54500dd-f55d-4fcd-aa25-28570335499c', '2025-10-31 00:06:55.402', '2025-10-31 00:06:55.402');
INSERT INTO public.item_models VALUES ('6aeee1e2-121a-4487-b7d7-ac489a81baca', 'F25 Pro', 'F25P', 'F series pro', '1e70da15-2527-4830-a11c-6db24c91dcae', true, 'c54500dd-f55d-4fcd-aa25-28570335499c', '2025-10-31 00:06:55.42', '2025-10-31 00:06:55.42');
INSERT INTO public.item_models VALUES ('ade17ef5-946d-4163-b57b-e77b3dc5b4ba', 'A78 5G', 'A78', 'Budget 5G phone', '1e70da15-2527-4830-a11c-6db24c91dcae', true, 'c54500dd-f55d-4fcd-aa25-28570335499c', '2025-10-31 00:06:55.438', '2025-10-31 00:06:55.438');
INSERT INTO public.item_models VALUES ('0a787358-f73a-401d-a730-792a38e4369d', 'A58', 'A58', 'Entry level model', '1e70da15-2527-4830-a11c-6db24c91dcae', true, 'c54500dd-f55d-4fcd-aa25-28570335499c', '2025-10-31 00:06:55.455', '2025-10-31 00:06:55.455');
INSERT INTO public.item_models VALUES ('fbe98417-5751-44d2-b1c1-1fcb0788d3b8', 'V29 Pro', 'V29P', 'Selfie focused pro', '6201da3c-3df7-4100-928b-1f008be864f9', true, 'c54500dd-f55d-4fcd-aa25-28570335499c', '2025-10-31 00:06:55.474', '2025-10-31 00:06:55.474');
INSERT INTO public.item_models VALUES ('6bf16370-401f-432a-acd6-c1913e52a3bf', 'V29', 'V29', 'Popular V series', '6201da3c-3df7-4100-928b-1f008be864f9', true, 'c54500dd-f55d-4fcd-aa25-28570335499c', '2025-10-31 00:06:55.492', '2025-10-31 00:06:55.492');
INSERT INTO public.item_models VALUES ('431eca06-1852-4050-8698-0b972076b7a9', 'T2 Pro', 'T2P', 'Performance oriented', '6201da3c-3df7-4100-928b-1f008be864f9', true, 'c54500dd-f55d-4fcd-aa25-28570335499c', '2025-10-31 00:06:55.509', '2025-10-31 00:06:55.509');
INSERT INTO public.item_models VALUES ('4c15a5c1-f383-4644-8b0c-29ba206a9d70', 'Y100', 'Y100', 'Budget Y series', '6201da3c-3df7-4100-928b-1f008be864f9', true, 'c54500dd-f55d-4fcd-aa25-28570335499c', '2025-10-31 00:06:55.533', '2025-10-31 00:06:55.533');
INSERT INTO public.item_models VALUES ('9c76f053-5728-4492-8244-fea3461bea56', 'Y56 5G', 'Y56', '5G budget phone', '6201da3c-3df7-4100-928b-1f008be864f9', true, 'c54500dd-f55d-4fcd-aa25-28570335499c', '2025-10-31 00:06:55.554', '2025-10-31 00:06:55.554');
INSERT INTO public.item_models VALUES ('69f40227-c1b8-4176-8c00-b3fd8854be7f', 'Realme 12 Pro+', 'R12P+', 'Pro plus with periscope', '88657f85-edaa-4c5e-8dd5-4fe767b1e047', true, 'c54500dd-f55d-4fcd-aa25-28570335499c', '2025-10-31 00:06:55.573', '2025-10-31 00:06:55.573');
INSERT INTO public.item_models VALUES ('f5c2c944-ce99-49f0-9d73-f3838b74128b', 'Realme 12 Pro', 'R12P', 'Pro variant', '88657f85-edaa-4c5e-8dd5-4fe767b1e047', true, 'c54500dd-f55d-4fcd-aa25-28570335499c', '2025-10-31 00:06:55.591', '2025-10-31 00:06:55.591');
INSERT INTO public.item_models VALUES ('30cf2fb2-36bf-4188-a1ea-3ea4e59c4185', 'Realme C67', 'C67', 'Budget C series', '88657f85-edaa-4c5e-8dd5-4fe767b1e047', true, 'c54500dd-f55d-4fcd-aa25-28570335499c', '2025-10-31 00:06:55.63', '2025-10-31 00:06:55.63');
INSERT INTO public.item_models VALUES ('f19a7225-10e4-4071-93c7-5eef3d8680cf', 'Realme Narzo 60 Pro', 'N60P', 'Gaming narzo series', '88657f85-edaa-4c5e-8dd5-4fe767b1e047', true, 'c54500dd-f55d-4fcd-aa25-28570335499c', '2025-10-31 00:06:55.647', '2025-10-31 00:06:55.647');
INSERT INTO public.item_models VALUES ('8f679320-4502-422a-894a-507623359f56', 'Pixel 8 Pro', 'P8P', 'Flagship with tensor G3', '76592e23-fec2-4d50-a001-e8f824b5d53b', true, 'c54500dd-f55d-4fcd-aa25-28570335499c', '2025-10-31 00:06:55.666', '2025-10-31 00:06:55.666');
INSERT INTO public.item_models VALUES ('3ed7b32e-a3d0-46b7-9765-725704e3c3dd', 'Pixel 8', 'P8', 'Standard pixel 8', '76592e23-fec2-4d50-a001-e8f824b5d53b', true, 'c54500dd-f55d-4fcd-aa25-28570335499c', '2025-10-31 00:06:55.685', '2025-10-31 00:06:55.685');
INSERT INTO public.item_models VALUES ('6c544846-b36b-4711-a4e5-e8ea681266f3', 'Pixel 7a', 'P7A', 'Budget pixel with great camera', '76592e23-fec2-4d50-a001-e8f824b5d53b', true, 'c54500dd-f55d-4fcd-aa25-28570335499c', '2025-10-31 00:06:55.704', '2025-10-31 00:06:55.704');
INSERT INTO public.item_models VALUES ('c68cdb73-e022-44e7-9378-5c40f8a5981c', 'Pixel 7 Pro', 'P7P', 'Previous flagship', '76592e23-fec2-4d50-a001-e8f824b5d53b', true, 'c54500dd-f55d-4fcd-aa25-28570335499c', '2025-10-31 00:06:55.723', '2025-10-31 00:06:55.723');
INSERT INTO public.item_models VALUES ('ee3f6524-2a26-4d18-a544-ad31c28f0fd8', 'Edge 40 Neo', 'E40N', 'Premium edge series', '5b370bfd-a595-4abc-9e35-0bbfd9256e36', true, 'c54500dd-f55d-4fcd-aa25-28570335499c', '2025-10-31 00:06:55.742', '2025-10-31 00:06:55.742');
INSERT INTO public.item_models VALUES ('e06d3bbf-9e05-4cfa-bd23-7ea456a114e7', 'Edge 40', 'E40', 'Standard edge', '5b370bfd-a595-4abc-9e35-0bbfd9256e36', true, 'c54500dd-f55d-4fcd-aa25-28570335499c', '2025-10-31 00:06:55.76', '2025-10-31 00:06:55.76');
INSERT INTO public.item_models VALUES ('20a09b04-e157-4c35-b10d-2d584bb0340a', 'G84 5G', 'G84', 'Mid-range G series', '5b370bfd-a595-4abc-9e35-0bbfd9256e36', true, 'c54500dd-f55d-4fcd-aa25-28570335499c', '2025-10-31 00:06:55.78', '2025-10-31 00:06:55.78');
INSERT INTO public.item_models VALUES ('ea3c817a-9452-4194-9869-cee917cf90af', 'G54 5G', 'G54', 'Budget 5G option', '5b370bfd-a595-4abc-9e35-0bbfd9256e36', true, 'c54500dd-f55d-4fcd-aa25-28570335499c', '2025-10-31 00:06:55.801', '2025-10-31 00:06:55.801');
INSERT INTO public.item_models VALUES ('aeae304e-716a-4936-9fba-9a2b57849cc6', 'G42 5G', 'G42', 'Mid-range 5G phone', 'd8820c11-4f20-4cb3-928e-dc1fb3d59fcb', true, 'c54500dd-f55d-4fcd-aa25-28570335499c', '2025-10-31 00:06:55.82', '2025-10-31 00:06:55.82');
INSERT INTO public.item_models VALUES ('83d80637-98be-488a-b0c8-4d7de073dccd', 'C32', 'C32', 'Budget entry phone', 'd8820c11-4f20-4cb3-928e-dc1fb3d59fcb', true, 'c54500dd-f55d-4fcd-aa25-28570335499c', '2025-10-31 00:06:55.838', '2025-10-31 00:06:55.838');
INSERT INTO public.item_models VALUES ('c925f68e-8bca-45e9-8021-8b75b0d45e75', 'G22', 'G22', 'Repairable smartphone', 'd8820c11-4f20-4cb3-928e-dc1fb3d59fcb', true, 'c54500dd-f55d-4fcd-aa25-28570335499c', '2025-10-31 00:06:55.859', '2025-10-31 00:06:55.859');
INSERT INTO public.item_models VALUES ('59014038-7c7c-4e53-b2db-1fa1214d2de4', 'Phone (2)', 'NP2', 'Second gen with glyph interface', '74d32840-8099-433e-9c62-25c973fec741', true, 'c54500dd-f55d-4fcd-aa25-28570335499c', '2025-10-31 00:06:55.88', '2025-10-31 00:06:55.88');
INSERT INTO public.item_models VALUES ('b094b6ca-4d1c-496f-bf61-03a684d3cd46', 'Phone (1)', 'NP1', 'First gen unique design', '74d32840-8099-433e-9c62-25c973fec741', true, 'c54500dd-f55d-4fcd-aa25-28570335499c', '2025-10-31 00:06:55.9', '2025-10-31 00:06:55.9');
INSERT INTO public.item_models VALUES ('cb253474-0925-4727-bcff-d2851baf2bf9', 'Phone (2a)', 'NP2A', 'Budget variant', '74d32840-8099-433e-9c62-25c973fec741', true, 'c54500dd-f55d-4fcd-aa25-28570335499c', '2025-10-31 00:06:55.92', '2025-10-31 00:06:55.92');
INSERT INTO public.item_models VALUES ('562e5824-2bd9-4ded-81ef-49c2727c937a', 'iQOO 12', 'IQ12', 'Gaming flagship', '1a7bfbeb-6908-405f-9afa-1da0bb9baba3', true, 'c54500dd-f55d-4fcd-aa25-28570335499c', '2025-10-31 00:06:55.939', '2025-10-31 00:06:55.939');
INSERT INTO public.item_models VALUES ('6e222c46-8b7b-4c67-b5d1-689c8312329f', 'iQOO Neo 9 Pro', 'IQN9P', 'Neo series pro', '1a7bfbeb-6908-405f-9afa-1da0bb9baba3', true, 'c54500dd-f55d-4fcd-aa25-28570335499c', '2025-10-31 00:06:55.956', '2025-10-31 00:06:55.956');
INSERT INTO public.item_models VALUES ('18a6c13b-2bcc-408b-bed1-6a823419732d', 'iQOO Z9', 'IQZ9', 'Budget gaming phone', '1a7bfbeb-6908-405f-9afa-1da0bb9baba3', true, 'c54500dd-f55d-4fcd-aa25-28570335499c', '2025-10-31 00:06:55.975', '2025-10-31 00:06:55.975');
INSERT INTO public.item_models VALUES ('d88f0174-6cd9-46fe-83bb-fbc07c580d75', 'Galaxy S24 Ultra', 'S24U', 'Flagship with S Pen', NULL, true, 'c54500dd-f55d-4fcd-aa25-28570335499c', '2025-10-31 00:19:38.263', '2025-10-31 00:19:38.263');
INSERT INTO public.item_models VALUES ('c016f937-4d8e-44ad-854e-0b81947e55c5', 'Galaxy S24+', 'S24+', 'Premium large display', NULL, true, 'c54500dd-f55d-4fcd-aa25-28570335499c', '2025-10-31 00:19:38.269', '2025-10-31 00:19:38.269');
INSERT INTO public.item_models VALUES ('28641beb-7177-4660-95d6-e3c2af7ee25a', 'Galaxy S24', 'S24', 'Standard flagship', NULL, true, 'c54500dd-f55d-4fcd-aa25-28570335499c', '2025-10-31 00:19:38.274', '2025-10-31 00:19:38.274');
INSERT INTO public.item_models VALUES ('94dde9aa-cff5-4e6a-a572-5389f6d21bb2', 'Galaxy S23 Ultra', 'S23U', 'Previous flagship ultra', NULL, true, 'c54500dd-f55d-4fcd-aa25-28570335499c', '2025-10-31 00:19:38.279', '2025-10-31 00:19:38.279');
INSERT INTO public.item_models VALUES ('c840538c-0967-4589-ae46-4423cfc1be06', 'Galaxy A54 5G', 'A54', 'Mid-range with great camera', NULL, true, 'c54500dd-f55d-4fcd-aa25-28570335499c', '2025-10-31 00:19:38.284', '2025-10-31 00:19:38.284');
INSERT INTO public.item_models VALUES ('8dc9d3bb-ff02-4c1e-bdb4-9efe083091cd', 'Galaxy A34 5G', 'A34', 'Mid-range 5G phone', NULL, true, 'c54500dd-f55d-4fcd-aa25-28570335499c', '2025-10-31 00:19:38.291', '2025-10-31 00:19:38.291');
INSERT INTO public.item_models VALUES ('62bc78fe-ec14-4153-b2f0-92b3b1492765', 'Galaxy A24', 'A24', 'Budget friendly model', NULL, true, 'c54500dd-f55d-4fcd-aa25-28570335499c', '2025-10-31 00:19:38.296', '2025-10-31 00:19:38.296');
INSERT INTO public.item_models VALUES ('11999332-95a1-439f-baaa-a462d6df61f4', 'Redmi Note 13 Pro+', 'RN13P+', 'Pro plus variant', NULL, true, 'c54500dd-f55d-4fcd-aa25-28570335499c', '2025-10-31 00:19:38.318', '2025-10-31 00:19:38.318');
INSERT INTO public.item_models VALUES ('8f479ae7-d369-4c47-b619-f8677da94c51', 'Redmi Note 13 Pro', 'RN13P', 'Popular pro variant', NULL, true, 'c54500dd-f55d-4fcd-aa25-28570335499c', '2025-10-31 00:19:38.322', '2025-10-31 00:19:38.322');
INSERT INTO public.item_models VALUES ('e4b98790-b3ff-4f55-891e-7aa6a5bd2c97', 'Redmi Note 13', 'RN13', 'Best selling note series', NULL, true, 'c54500dd-f55d-4fcd-aa25-28570335499c', '2025-10-31 00:19:38.326', '2025-10-31 00:19:38.326');
INSERT INTO public.item_models VALUES ('e20fa9ab-df78-4ed8-91c5-b9caa47c68eb', 'OnePlus 12', 'OP12', 'Latest flagship', NULL, true, 'c54500dd-f55d-4fcd-aa25-28570335499c', '2025-10-31 00:19:38.36', '2025-10-31 00:19:38.36');
INSERT INTO public.item_models VALUES ('f3488465-e06a-4401-bf95-74997156f7ff', 'OnePlus 11', 'OP11', 'Previous flagship', NULL, true, 'c54500dd-f55d-4fcd-aa25-28570335499c', '2025-10-31 00:19:38.364', '2025-10-31 00:19:38.364');
INSERT INTO public.item_models VALUES ('71effb0d-3cf8-40f6-9ec1-dafe91dd9606', 'OnePlus Nord 3', 'OPN3', 'Mid-range nord series', NULL, true, 'c54500dd-f55d-4fcd-aa25-28570335499c', '2025-10-31 00:19:38.37', '2025-10-31 00:19:38.37');
INSERT INTO public.item_models VALUES ('784daeeb-41d3-480e-8e38-4d75734ec723', 'OnePlus Nord CE 3', 'OPNCE3', 'Core edition', NULL, true, 'c54500dd-f55d-4fcd-aa25-28570335499c', '2025-10-31 00:19:38.375', '2025-10-31 00:19:38.375');
INSERT INTO public.item_models VALUES ('dd61906d-fb51-4911-8467-d9ccfd144bb5', 'OnePlus 10 Pro', 'OP10P', 'Pro model with Hasselblad camera', NULL, true, 'c54500dd-f55d-4fcd-aa25-28570335499c', '2025-10-31 00:19:38.38', '2025-10-31 00:19:38.38');
INSERT INTO public.item_models VALUES ('3222ea48-c0e0-49d5-b908-6bc5ff048abd', 'Realme 12 Pro+', 'R12P+', 'Pro plus with periscope', NULL, true, 'c54500dd-f55d-4fcd-aa25-28570335499c', '2025-10-31 00:19:38.436', '2025-10-31 00:19:38.436');
INSERT INTO public.item_models VALUES ('8ff6c705-bcd7-42bb-838c-a7d29fb82581', 'Realme 12 Pro', 'R12P', 'Pro variant', NULL, true, 'c54500dd-f55d-4fcd-aa25-28570335499c', '2025-10-31 00:19:38.441', '2025-10-31 00:19:38.441');
INSERT INTO public.item_models VALUES ('702a094c-cf5f-44cc-854f-3f71d26a7b56', 'Realme 12', 'R12', 'Standard model', NULL, true, 'c54500dd-f55d-4fcd-aa25-28570335499c', '2025-10-31 00:19:38.445', '2025-10-31 00:19:38.445');
INSERT INTO public.item_models VALUES ('88dda255-5fae-4ff2-8bfa-d27a692a1f5f', 'Realme 11 Pro', 'R11P', 'Previous pro model', NULL, true, 'c54500dd-f55d-4fcd-aa25-28570335499c', '2025-10-31 00:19:38.449', '2025-10-31 00:19:38.449');
INSERT INTO public.item_models VALUES ('5c57c49c-23ee-4864-a3e0-cb5b9ecb3ada', 'Realme C67', 'C67', 'Budget C series', NULL, true, 'c54500dd-f55d-4fcd-aa25-28570335499c', '2025-10-31 00:19:38.454', '2025-10-31 00:19:38.454');
INSERT INTO public.item_models VALUES ('956051e2-e183-47d6-ac30-0787ce4d660a', 'Reno 11 Pro', 'R11P', 'Premium reno series', NULL, true, 'c54500dd-f55d-4fcd-aa25-28570335499c', '2025-10-31 00:19:38.385', '2025-10-31 00:19:38.385');
INSERT INTO public.item_models VALUES ('8ba51a8a-d36a-49c5-8bc9-91e99ef7b61a', 'Reno 11', 'R11', 'Mid-range reno', NULL, true, 'c54500dd-f55d-4fcd-aa25-28570335499c', '2025-10-31 00:19:38.391', '2025-10-31 00:19:38.391');
INSERT INTO public.item_models VALUES ('d0d525cf-c9d9-496e-8445-b9fc48fff7b4', 'F25 Pro', 'F25P', 'F series pro', NULL, true, 'c54500dd-f55d-4fcd-aa25-28570335499c', '2025-10-31 00:19:38.397', '2025-10-31 00:19:38.397');
INSERT INTO public.item_models VALUES ('e8c1b35e-1c87-4957-9696-52f4c7e9fd98', 'A78 5G', 'A78', 'Budget 5G phone', NULL, true, 'c54500dd-f55d-4fcd-aa25-28570335499c', '2025-10-31 00:19:38.402', '2025-10-31 00:19:38.402');
INSERT INTO public.item_models VALUES ('3858eb8a-6a75-4b63-952d-440c4ab572a5', 'A58', 'A58', 'Entry level model', NULL, true, 'c54500dd-f55d-4fcd-aa25-28570335499c', '2025-10-31 00:19:38.407', '2025-10-31 00:19:38.407');
INSERT INTO public.item_models VALUES ('b6001768-60a3-4941-ab67-e9c373fd2f9e', 'V29 Pro', 'V29P', 'Selfie focused pro', NULL, true, 'c54500dd-f55d-4fcd-aa25-28570335499c', '2025-10-31 00:19:38.411', '2025-10-31 00:19:38.411');
INSERT INTO public.item_models VALUES ('f7109c5f-d97d-43a2-af1a-92df69727fb8', 'V29', 'V29', 'Popular V series', NULL, true, 'c54500dd-f55d-4fcd-aa25-28570335499c', '2025-10-31 00:19:38.416', '2025-10-31 00:19:38.416');
INSERT INTO public.item_models VALUES ('47649f8f-b016-4a72-ad19-e39ea8a798e0', 'T2 Pro', 'T2P', 'Performance oriented', NULL, true, 'c54500dd-f55d-4fcd-aa25-28570335499c', '2025-10-31 00:19:38.422', '2025-10-31 00:19:38.422');
INSERT INTO public.item_models VALUES ('580a0be4-2b8d-4058-b9da-2250c2062913', 'Y100', 'Y100', 'Budget Y series', NULL, true, 'c54500dd-f55d-4fcd-aa25-28570335499c', '2025-10-31 00:19:38.426', '2025-10-31 00:19:38.426');
INSERT INTO public.item_models VALUES ('3c7c350b-c6b3-4372-834d-d9f5e72afdfe', 'Y56 5G', 'Y56', '5G budget phone', NULL, true, 'c54500dd-f55d-4fcd-aa25-28570335499c', '2025-10-31 00:19:38.431', '2025-10-31 00:19:38.431');
INSERT INTO public.item_models VALUES ('0e4516df-4aa8-4e19-9be7-849e903c1450', 'Pixel 8 Pro', 'P8P', 'Flagship with tensor G3', NULL, true, 'c54500dd-f55d-4fcd-aa25-28570335499c', '2025-10-31 00:19:38.462', '2025-10-31 00:19:38.462');
INSERT INTO public.item_models VALUES ('87dc5249-84bb-4278-aa5c-603a399ab93e', 'Pixel 8', 'P8', 'Standard pixel 8', NULL, true, 'c54500dd-f55d-4fcd-aa25-28570335499c', '2025-10-31 00:19:38.467', '2025-10-31 00:19:38.467');
INSERT INTO public.item_models VALUES ('8724cc35-150e-4c1f-8d58-de673acc0506', 'Pixel 7a', 'P7A', 'Budget pixel with great camera', NULL, true, 'c54500dd-f55d-4fcd-aa25-28570335499c', '2025-10-31 00:19:38.471', '2025-10-31 00:19:38.471');
INSERT INTO public.item_models VALUES ('89f03b0b-1797-4d83-b679-7254c23c20d9', 'Pixel 7 Pro', 'P7P', 'Previous flagship', NULL, true, 'c54500dd-f55d-4fcd-aa25-28570335499c', '2025-10-31 00:19:38.477', '2025-10-31 00:19:38.477');
INSERT INTO public.item_models VALUES ('c21369ef-f453-4927-b1b1-e41fe2c9ddd1', 'Edge 40 Neo', 'E40N', 'Premium edge series', NULL, true, 'c54500dd-f55d-4fcd-aa25-28570335499c', '2025-10-31 00:19:38.483', '2025-10-31 00:19:38.483');
INSERT INTO public.item_models VALUES ('31e6f6c5-5506-4d05-812a-f0647efd8d96', 'Edge 40', 'E40', 'Standard edge', NULL, true, 'c54500dd-f55d-4fcd-aa25-28570335499c', '2025-10-31 00:19:38.488', '2025-10-31 00:19:38.488');
INSERT INTO public.item_models VALUES ('038c2c67-a5b1-4a9c-bb2f-2393f116f930', 'G84 5G', 'G84', 'Mid-range G series', NULL, true, 'c54500dd-f55d-4fcd-aa25-28570335499c', '2025-10-31 00:19:38.493', '2025-10-31 00:19:38.493');
INSERT INTO public.item_models VALUES ('7622e39e-2958-4092-9b77-81c163c34212', 'G54 5G', 'G54', 'Budget 5G option', NULL, true, 'c54500dd-f55d-4fcd-aa25-28570335499c', '2025-10-31 00:19:38.499', '2025-10-31 00:19:38.499');
INSERT INTO public.item_models VALUES ('23acceac-66f8-404a-ad15-930cc953e0ab', 'G42 5G', 'G42', 'Mid-range 5G phone', NULL, true, 'c54500dd-f55d-4fcd-aa25-28570335499c', '2025-10-31 00:19:38.505', '2025-10-31 00:19:38.505');
INSERT INTO public.item_models VALUES ('8c9eb9d3-f1c0-4450-9081-4c958c25bcf7', 'iPhone 15 Pro Max', 'IP15PM', 'Latest flagship with titanium design', NULL, true, 'c54500dd-f55d-4fcd-aa25-28570335499c', '2025-10-31 00:19:38.182', '2025-10-31 00:19:38.182');
INSERT INTO public.item_models VALUES ('47d71685-1aa2-40bd-9343-07fec7514a9f', 'iPhone 15 Pro', 'IP15P', 'Premium model with A17 Pro chip', NULL, true, 'c54500dd-f55d-4fcd-aa25-28570335499c', '2025-10-31 00:19:38.197', '2025-10-31 00:19:38.197');
INSERT INTO public.item_models VALUES ('5f0104fa-7549-4ddb-afa0-62d37dcd802e', 'iPhone 15 Plus', 'IP15+', 'Large display model', NULL, true, 'c54500dd-f55d-4fcd-aa25-28570335499c', '2025-10-31 00:19:38.205', '2025-10-31 00:19:38.205');
INSERT INTO public.item_models VALUES ('017c8a45-0bce-43f4-aa34-94a3f7881a6f', 'iPhone 15', 'IP15', 'Standard model with dynamic island', NULL, true, 'c54500dd-f55d-4fcd-aa25-28570335499c', '2025-10-31 00:19:38.214', '2025-10-31 00:19:38.214');
INSERT INTO public.item_models VALUES ('ff1a6b2c-e2b8-4046-8d39-32e4f13f0c0a', 'iPhone 14 Pro Max', 'IP14PM', 'Previous gen pro max', NULL, true, 'c54500dd-f55d-4fcd-aa25-28570335499c', '2025-10-31 00:19:38.222', '2025-10-31 00:19:38.222');
INSERT INTO public.item_models VALUES ('409c99a9-5447-44a2-bd77-c308d99f58cd', 'iPhone 14 Pro', 'IP14P', 'Previous gen pro model', NULL, true, 'c54500dd-f55d-4fcd-aa25-28570335499c', '2025-10-31 00:19:38.228', '2025-10-31 00:19:38.228');
INSERT INTO public.item_models VALUES ('1491a0bb-a3ec-4fb9-8125-d29212b02702', 'iPhone 14', 'IP14', 'Previous standard model', NULL, true, 'c54500dd-f55d-4fcd-aa25-28570335499c', '2025-10-31 00:19:38.235', '2025-10-31 00:19:38.235');
INSERT INTO public.item_models VALUES ('6174b6be-33cf-41f6-b070-befbf0b49efc', 'iPhone 13', 'IP13', 'Popular mid-range model', NULL, true, 'c54500dd-f55d-4fcd-aa25-28570335499c', '2025-10-31 00:19:38.243', '2025-10-31 00:19:38.243');
INSERT INTO public.item_models VALUES ('a89cb033-1646-4e3c-92e4-404eecb7f2b6', 'iPhone 12', 'IP12', '5G enabled iPhone', NULL, true, 'c54500dd-f55d-4fcd-aa25-28570335499c', '2025-10-31 00:19:38.249', '2025-10-31 00:19:38.249');
INSERT INTO public.item_models VALUES ('645d3a94-26be-4757-84ce-2dfc25e4c095', 'iPhone SE 2022', 'IPSE22', 'Budget iPhone with A15 chip', NULL, true, 'c54500dd-f55d-4fcd-aa25-28570335499c', '2025-10-31 00:19:38.257', '2025-10-31 00:19:38.257');
INSERT INTO public.item_models VALUES ('5cea6c45-1a39-4215-b984-c6ed14652162', 'Galaxy M34 5G', 'M34', 'Value for money 5G', NULL, true, 'c54500dd-f55d-4fcd-aa25-28570335499c', '2025-10-31 00:19:38.3', '2025-10-31 00:19:38.3');
INSERT INTO public.item_models VALUES ('4acdcb51-fbbc-4ccf-84bc-725724d88bec', 'Galaxy Z Fold 5', 'ZF5', 'Foldable flagship', NULL, true, 'c54500dd-f55d-4fcd-aa25-28570335499c', '2025-10-31 00:19:38.307', '2025-10-31 00:19:38.307');
INSERT INTO public.item_models VALUES ('435af8a4-3568-491c-be8b-312607d9ea8e', 'Galaxy Z Flip 5', 'ZFLIP5', 'Compact foldable', NULL, true, 'c54500dd-f55d-4fcd-aa25-28570335499c', '2025-10-31 00:19:38.313', '2025-10-31 00:19:38.313');
INSERT INTO public.item_models VALUES ('bbf0adf4-7e58-48f6-8e13-2f3a58a526fc', 'Redmi 13C', 'R13C', 'Budget entry level', NULL, true, 'c54500dd-f55d-4fcd-aa25-28570335499c', '2025-10-31 00:19:38.33', '2025-10-31 00:19:38.33');
INSERT INTO public.item_models VALUES ('27620d1e-a794-44c6-9ff9-f53ab1609852', 'Redmi 12', 'R12', 'Standard budget phone', NULL, true, 'c54500dd-f55d-4fcd-aa25-28570335499c', '2025-10-31 00:19:38.336', '2025-10-31 00:19:38.336');
INSERT INTO public.item_models VALUES ('a2d9f3f5-2350-4d11-bdf7-0c5bc88a9b29', 'Poco X6 Pro', 'PX6P', 'Gaming focused pro', NULL, true, 'c54500dd-f55d-4fcd-aa25-28570335499c', '2025-10-31 00:19:38.342', '2025-10-31 00:19:38.342');
INSERT INTO public.item_models VALUES ('6a16d79e-a2d0-49a3-98ad-0dd7fb502c61', 'Poco X6', 'PX6', 'Performance phone', NULL, true, 'c54500dd-f55d-4fcd-aa25-28570335499c', '2025-10-31 00:19:38.346', '2025-10-31 00:19:38.346');
INSERT INTO public.item_models VALUES ('975ae598-925e-4cc0-b3c5-f2405155787a', 'Poco M6 Pro', 'PM6P', 'Budget gaming phone', NULL, true, 'c54500dd-f55d-4fcd-aa25-28570335499c', '2025-10-31 00:19:38.351', '2025-10-31 00:19:38.351');
INSERT INTO public.item_models VALUES ('bba9af46-7e33-46f1-a010-e40046935251', 'Mi 11X', 'M11X', 'Flagship killer', NULL, true, 'c54500dd-f55d-4fcd-aa25-28570335499c', '2025-10-31 00:19:38.356', '2025-10-31 00:19:38.356');
INSERT INTO public.item_models VALUES ('fa09f20b-2b9e-4b61-a89b-67f4ed7ea3e4', 'Realme Narzo 60 Pro', 'N60P', 'Gaming narzo series', NULL, true, 'c54500dd-f55d-4fcd-aa25-28570335499c', '2025-10-31 00:19:38.457', '2025-10-31 00:19:38.457');
INSERT INTO public.item_models VALUES ('d1d80140-a03f-4d7b-b414-14b68189ded5', 'C32', 'C32', 'Budget entry phone', NULL, true, 'c54500dd-f55d-4fcd-aa25-28570335499c', '2025-10-31 00:19:38.51', '2025-10-31 00:19:38.51');
INSERT INTO public.item_models VALUES ('732ba3dc-ba5c-4d4b-862a-16691a260254', 'G22', 'G22', 'Repairable smartphone', NULL, true, 'c54500dd-f55d-4fcd-aa25-28570335499c', '2025-10-31 00:19:38.514', '2025-10-31 00:19:38.514');
INSERT INTO public.item_models VALUES ('4cacbb16-0543-4c9e-9b53-96da696b3c66', 'Phone (2)', 'NP2', 'Second gen with glyph interface', NULL, true, 'c54500dd-f55d-4fcd-aa25-28570335499c', '2025-10-31 00:19:38.519', '2025-10-31 00:19:38.519');
INSERT INTO public.item_models VALUES ('81767b2c-4fc6-4a5e-bef4-d1859a89d990', 'Phone (1)', 'NP1', 'First gen unique design', NULL, true, 'c54500dd-f55d-4fcd-aa25-28570335499c', '2025-10-31 00:19:38.525', '2025-10-31 00:19:38.525');
INSERT INTO public.item_models VALUES ('c8299c92-b8f4-4511-9123-ad776cb39054', 'Phone (2a)', 'NP2A', 'Budget variant', NULL, true, 'c54500dd-f55d-4fcd-aa25-28570335499c', '2025-10-31 00:19:38.529', '2025-10-31 00:19:38.529');
INSERT INTO public.item_models VALUES ('f014a499-a340-46cf-a36a-563e055c2219', 'Galaxy A51', 'A51', NULL, '8d7b3766-a8ff-46fa-8fba-aac806db9e79', true, 'c54500dd-f55d-4fcd-aa25-28570335499c', '2025-11-07 15:55:23.144', '2025-11-07 15:55:23.144');
INSERT INTO public.item_models VALUES ('173d854c-99f6-4d19-aee8-abdbc8ffdbb5', 'Galaxy A71', 'A71', NULL, '8d7b3766-a8ff-46fa-8fba-aac806db9e79', true, 'c54500dd-f55d-4fcd-aa25-28570335499c', '2025-11-07 15:55:23.176', '2025-11-07 15:55:23.176');
INSERT INTO public.item_models VALUES ('39928b5f-fef1-4cda-b9e1-99f9fd4ef946', 'Galaxy S21', 'S21', NULL, '8d7b3766-a8ff-46fa-8fba-aac806db9e79', true, 'c54500dd-f55d-4fcd-aa25-28570335499c', '2025-11-07 15:55:23.36', '2025-11-07 15:55:23.36');
INSERT INTO public.item_models VALUES ('72d3f537-a69c-4bdf-9b1e-9ce58cfce9e4', 'iPhone 11', 'IP11', NULL, '6675891f-3be8-4747-aa47-682208f02ed5', true, 'c54500dd-f55d-4fcd-aa25-28570335499c', '2025-11-07 15:55:23.66', '2025-11-07 15:55:23.66');
INSERT INTO public.item_models VALUES ('ab5fc902-c032-49aa-ba6b-b1a433d89dc1', 'Redmi Note 10', 'RN10', NULL, 'a204f7c8-8663-48bd-9bad-33f362ea22f7', true, 'c54500dd-f55d-4fcd-aa25-28570335499c', '2025-11-07 15:55:23.751', '2025-11-07 15:55:23.751');
INSERT INTO public.item_models VALUES ('85c4792f-e5a0-4f66-9e32-4b37400edbe4', 'Redmi Note 11', 'RN11', NULL, 'a204f7c8-8663-48bd-9bad-33f362ea22f7', true, 'c54500dd-f55d-4fcd-aa25-28570335499c', '2025-11-07 15:55:23.781', '2025-11-07 15:55:23.781');


--
-- Data for Name: item_units; Type: TABLE DATA; Schema: public; Owner: postgres
--

INSERT INTO public.item_units VALUES ('01a683ab-ca61-4a07-b48d-fec959b98dc7', 'Meter', 'METER', 'm', 'Meters (length)', true, 'c54500dd-f55d-4fcd-aa25-28570335499c', '2025-10-31 00:06:38.742', '2025-10-31 00:06:38.742');
INSERT INTO public.item_units VALUES ('fd1e57b6-2b62-40b9-9bd9-20bb4b4d513e', 'Roll', 'ROLL', 'roll', 'Roll of material', true, 'c54500dd-f55d-4fcd-aa25-28570335499c', '2025-10-31 00:06:38.742', '2025-10-31 00:06:38.742');
INSERT INTO public.item_units VALUES ('0998dc70-8774-40b6-899c-6ddd2075467b', 'Piece', 'PIECE', 'pc', 'Individual pieces or units', true, 'c54500dd-f55d-4fcd-aa25-28570335499c', '2025-10-31 00:06:38.742', '2025-10-31 00:06:38.742');
INSERT INTO public.item_units VALUES ('38ef4075-bedf-49bd-bd65-be5b4e393468', 'Set', 'SET', 'set', 'Set of items', true, 'c54500dd-f55d-4fcd-aa25-28570335499c', '2025-10-31 00:06:38.742', '2025-10-31 00:06:38.742');
INSERT INTO public.item_units VALUES ('00e5f7c3-9814-42bc-bfae-dc853b467cfa', 'Box', 'BOX', 'box', 'Box or package', true, 'c54500dd-f55d-4fcd-aa25-28570335499c', '2025-10-31 00:06:38.742', '2025-10-31 00:06:38.742');
INSERT INTO public.item_units VALUES ('03cc7bc3-406d-4953-8110-e49526d137ba', 'Liter', 'LITER', 'L', 'Liters (volume)', true, 'c54500dd-f55d-4fcd-aa25-28570335499c', '2025-10-31 00:06:38.744', '2025-10-31 00:06:38.744');
INSERT INTO public.item_units VALUES ('d3ff63db-1bf4-4f6b-b402-0af4dbae795b', 'Kilogram', 'KILOGRAM', 'kg', 'Kilograms (weight)', true, 'c54500dd-f55d-4fcd-aa25-28570335499c', '2025-10-31 00:06:38.743', '2025-10-31 00:06:38.743');
INSERT INTO public.item_units VALUES ('34da2df4-ea29-47fe-93b2-fb5979759e6d', 'Piece', 'PCS', 'pc', NULL, true, 'c54500dd-f55d-4fcd-aa25-28570335499c', '2025-11-07 15:47:58.645', '2025-11-07 15:47:58.645');


--
-- Data for Name: items; Type: TABLE DATA; Schema: public; Owner: postgres
--

INSERT INTO public.items VALUES ('54a381fa-2003-4929-ad5c-58a646bc771a', 'SAM-A51-DISP-01', '8901234567890', 'Samsung Galaxy A51 Display Assembly', 'Original AMOLED display with digitizer for Samsung A51', 'AMOLED', '8d7b3766-a8ff-46fa-8fba-aac806db9e79', 'f014a499-a340-46cf-a36a-563e055c2219', '3a6ac3bb-c27b-4f63-8983-38deb097a56d', '34da2df4-ea29-47fe-93b2-fb5979759e6d', 3500.00, 5500.00, '85177090', '6a673331-2db2-482d-8565-8b46731ec932', 'IGST', true, 'c54500dd-f55d-4fcd-aa25-28570335499c', '2025-11-07 15:55:23.823', '2025-11-07 15:55:23.823');
INSERT INTO public.items VALUES ('f15f56f4-5187-4280-98a0-b80f0e436ae3', 'SAM-A71-DISP-01', '8901234567891', 'Samsung Galaxy A71 Display Assembly', 'Super AMOLED display with digitizer for Samsung A71', 'Super AMOLED', '8d7b3766-a8ff-46fa-8fba-aac806db9e79', '173d854c-99f6-4d19-aee8-abdbc8ffdbb5', '3a6ac3bb-c27b-4f63-8983-38deb097a56d', '34da2df4-ea29-47fe-93b2-fb5979759e6d', 4200.00, 6500.00, '85177090', '6a673331-2db2-482d-8565-8b46731ec932', 'IGST', true, 'c54500dd-f55d-4fcd-aa25-28570335499c', '2025-11-07 15:55:23.858', '2025-11-07 15:55:23.858');
INSERT INTO public.items VALUES ('34278cb2-9651-46f2-856c-a19b8b6d7f67', 'SAM-S21-DISP-01', '8901234567892', 'Samsung Galaxy S21 Display Assembly', 'Dynamic AMOLED 2X display for Samsung S21', 'Dynamic AMOLED 2X', '8d7b3766-a8ff-46fa-8fba-aac806db9e79', '39928b5f-fef1-4cda-b9e1-99f9fd4ef946', '3a6ac3bb-c27b-4f63-8983-38deb097a56d', '34da2df4-ea29-47fe-93b2-fb5979759e6d', 8500.00, 12500.00, '85177090', '6a673331-2db2-482d-8565-8b46731ec932', 'IGST', true, 'c54500dd-f55d-4fcd-aa25-28570335499c', '2025-11-07 15:55:23.909', '2025-11-07 15:55:23.909');
INSERT INTO public.items VALUES ('c7a6c253-8e7b-4f02-8998-27844f16a3e0', 'APL-IP12-DISP-01', '8901234567893', 'iPhone 12 Display Assembly', 'Super Retina XDR OLED display for iPhone 12', 'OLED', '6675891f-3be8-4747-aa47-682208f02ed5', '515672f7-becc-46e0-ab33-e50c2e6b078b', '3a6ac3bb-c27b-4f63-8983-38deb097a56d', '34da2df4-ea29-47fe-93b2-fb5979759e6d', 9500.00, 14500.00, '85177090', '6a673331-2db2-482d-8565-8b46731ec932', 'IGST', true, 'c54500dd-f55d-4fcd-aa25-28570335499c', '2025-11-07 15:55:23.918', '2025-11-07 15:55:23.918');
INSERT INTO public.items VALUES ('01d0ccba-423a-45cc-889b-b89b6b4b2732', 'APL-IP13-DISP-01', '8901234567894', 'iPhone 13 Display Assembly', 'Super Retina XDR OLED display for iPhone 13', 'OLED', '6675891f-3be8-4747-aa47-682208f02ed5', '29449ef9-ce45-490d-adca-800fc869d3f6', '3a6ac3bb-c27b-4f63-8983-38deb097a56d', '34da2df4-ea29-47fe-93b2-fb5979759e6d', 11500.00, 16500.00, '85177090', '6a673331-2db2-482d-8565-8b46731ec932', 'IGST', true, 'c54500dd-f55d-4fcd-aa25-28570335499c', '2025-11-07 15:55:23.941', '2025-11-07 15:55:23.941');
INSERT INTO public.items VALUES ('0f58ef57-ff82-4626-890e-d06e43f2906f', 'APL-IP11-DISP-01', '8901234567895', 'iPhone 11 Display Assembly', 'Liquid Retina LCD display for iPhone 11', 'LCD', '6675891f-3be8-4747-aa47-682208f02ed5', '72d3f537-a69c-4bdf-9b1e-9ce58cfce9e4', '3a6ac3bb-c27b-4f63-8983-38deb097a56d', '34da2df4-ea29-47fe-93b2-fb5979759e6d', 6500.00, 9500.00, '85177090', '6a673331-2db2-482d-8565-8b46731ec932', 'IGST', true, 'c54500dd-f55d-4fcd-aa25-28570335499c', '2025-11-07 15:55:23.959', '2025-11-07 15:55:23.959');
INSERT INTO public.items VALUES ('61cea633-40f5-4bad-9897-bb2a1a943897', 'SAM-A51-BAT-01', '8901234567896', 'Samsung Galaxy A51 Battery', 'Original 4000mAh battery for Samsung A51', '4000mAh', '8d7b3766-a8ff-46fa-8fba-aac806db9e79', 'f014a499-a340-46cf-a36a-563e055c2219', '85ef10b8-e556-4d60-aeae-150feadab75a', '34da2df4-ea29-47fe-93b2-fb5979759e6d', 450.00, 850.00, '85076000', '6a673331-2db2-482d-8565-8b46731ec932', 'IGST', true, 'c54500dd-f55d-4fcd-aa25-28570335499c', '2025-11-07 15:55:23.994', '2025-11-07 15:55:23.994');
INSERT INTO public.items VALUES ('c0e2a6c8-c206-48d9-910f-2a96018934ff', 'APL-IP12-BAT-01', '8901234567897', 'iPhone 12 Battery', 'Original 2815mAh battery for iPhone 12', '2815mAh', '6675891f-3be8-4747-aa47-682208f02ed5', '515672f7-becc-46e0-ab33-e50c2e6b078b', '85ef10b8-e556-4d60-aeae-150feadab75a', '34da2df4-ea29-47fe-93b2-fb5979759e6d', 1200.00, 2200.00, '85076000', '6a673331-2db2-482d-8565-8b46731ec932', 'IGST', true, 'c54500dd-f55d-4fcd-aa25-28570335499c', '2025-11-07 15:55:24.029', '2025-11-07 15:55:24.029');
INSERT INTO public.items VALUES ('13dcdb34-9609-4718-bd29-3e51b1cf67f9', 'XIA-RN10-BAT-01', '8901234567898', 'Redmi Note 10 Battery', 'Original 5000mAh battery for Redmi Note 10', '5000mAh', 'a204f7c8-8663-48bd-9bad-33f362ea22f7', 'ab5fc902-c032-49aa-ba6b-b1a433d89dc1', '85ef10b8-e556-4d60-aeae-150feadab75a', '34da2df4-ea29-47fe-93b2-fb5979759e6d', 550.00, 950.00, '85076000', '6a673331-2db2-482d-8565-8b46731ec932', 'IGST', true, 'c54500dd-f55d-4fcd-aa25-28570335499c', '2025-11-07 15:55:24.066', '2025-11-07 15:55:24.066');
INSERT INTO public.items VALUES ('73c40ee2-d0bf-4c14-9b8c-61860f7dfded', 'GEN-USBC-CBL-01', '8901234567899', 'USB Type-C Cable', 'Universal USB Type-C charging cable, 1 meter', '1M', '2ddf647a-32bc-43fe-af2c-02b679837854', NULL, '8f25b25d-1122-44c8-853d-65c352ff0e67', '34da2df4-ea29-47fe-93b2-fb5979759e6d', 80.00, 150.00, '85444290', '6a673331-2db2-482d-8565-8b46731ec932', 'IGST', true, 'c54500dd-f55d-4fcd-aa25-28570335499c', '2025-11-07 15:55:24.119', '2025-11-07 15:55:24.119');
INSERT INTO public.items VALUES ('9a78bbd9-1777-4216-a3b0-7db43444e69c', 'GEN-LIGHT-CBL-01', '8901234567900', 'Lightning Cable', 'Apple Lightning charging cable, 1 meter', '1M', '2ddf647a-32bc-43fe-af2c-02b679837854', NULL, '8f25b25d-1122-44c8-853d-65c352ff0e67', '34da2df4-ea29-47fe-93b2-fb5979759e6d', 120.00, 250.00, '85444290', '6a673331-2db2-482d-8565-8b46731ec932', 'IGST', true, 'c54500dd-f55d-4fcd-aa25-28570335499c', '2025-11-07 15:55:24.15', '2025-11-07 15:55:24.15');
INSERT INTO public.items VALUES ('07090041-874a-410f-a96e-926c0aac2c69', 'GEN-CHG-20W-01', '8901234567901', 'Fast Charger 20W', 'Universal 20W fast charging adapter', '20W', '2ddf647a-32bc-43fe-af2c-02b679837854', NULL, '8f25b25d-1122-44c8-853d-65c352ff0e67', '34da2df4-ea29-47fe-93b2-fb5979759e6d', 250.00, 450.00, '85044090', '6a673331-2db2-482d-8565-8b46731ec932', 'IGST', true, 'c54500dd-f55d-4fcd-aa25-28570335499c', '2025-11-07 15:55:24.383', '2025-11-07 15:55:24.383');
INSERT INTO public.items VALUES ('66dab145-d8ca-49d6-b5f4-712ee35fae19', 'GEN-CHG-18W-01', '8901234567902', 'Fast Charger 18W', 'Universal 18W quick charging adapter', '18W', '2ddf647a-32bc-43fe-af2c-02b679837854', NULL, '8f25b25d-1122-44c8-853d-65c352ff0e67', '34da2df4-ea29-47fe-93b2-fb5979759e6d', 200.00, 380.00, '85044090', '6a673331-2db2-482d-8565-8b46731ec932', 'IGST', true, 'c54500dd-f55d-4fcd-aa25-28570335499c', '2025-11-07 15:55:24.449', '2025-11-07 15:55:24.449');
INSERT INTO public.items VALUES ('cb08757b-956c-46f3-8aab-bc730749fd86', 'GEN-EARPH-01', '8901234567903', 'Wired Earphones', 'Universal 3.5mm wired earphones with mic', '3.5mm', '2ddf647a-32bc-43fe-af2c-02b679837854', NULL, '8f25b25d-1122-44c8-853d-65c352ff0e67', '34da2df4-ea29-47fe-93b2-fb5979759e6d', 100.00, 200.00, '85183000', '6a673331-2db2-482d-8565-8b46731ec932', 'IGST', true, 'c54500dd-f55d-4fcd-aa25-28570335499c', '2025-11-07 15:55:24.595', '2025-11-07 15:55:24.595');
INSERT INTO public.items VALUES ('b90354ce-e53a-4c1b-a3d0-5493aff07ca2', 'GEN-TG-UNI-01', '8901234567904', 'Tempered Glass Screen Protector', 'Universal tempered glass 9H hardness', '9H', '2ddf647a-32bc-43fe-af2c-02b679837854', NULL, 'b8306da3-fd21-4334-8950-8726782d3788', '34da2df4-ea29-47fe-93b2-fb5979759e6d', 40.00, 100.00, '70071900', '6a673331-2db2-482d-8565-8b46731ec932', 'IGST', true, 'c54500dd-f55d-4fcd-aa25-28570335499c', '2025-11-07 15:55:24.694', '2025-11-07 15:55:24.694');
INSERT INTO public.items VALUES ('b71f75f4-0410-4661-8241-c35fea4d645a', 'GEN-CASE-SIL-01', '8901234567905', 'Silicone Phone Case', 'Universal soft silicone protective case', 'Soft', '2ddf647a-32bc-43fe-af2c-02b679837854', NULL, 'b8306da3-fd21-4334-8950-8726782d3788', '34da2df4-ea29-47fe-93b2-fb5979759e6d', 60.00, 150.00, '39269099', '6a673331-2db2-482d-8565-8b46731ec932', 'IGST', true, 'c54500dd-f55d-4fcd-aa25-28570335499c', '2025-11-07 15:55:24.78', '2025-11-07 15:55:24.78');
INSERT INTO public.items VALUES ('b6a69b2d-2ec0-4878-99a6-d08ba91f7914', 'GEN-CASE-HRD-01', '8901234567906', 'Hard Back Cover', 'Universal hard polycarbonate back cover', 'Hard', '2ddf647a-32bc-43fe-af2c-02b679837854', NULL, 'b8306da3-fd21-4334-8950-8726782d3788', '34da2df4-ea29-47fe-93b2-fb5979759e6d', 80.00, 180.00, '39269099', '6a673331-2db2-482d-8565-8b46731ec932', 'IGST', true, 'c54500dd-f55d-4fcd-aa25-28570335499c', '2025-11-07 15:55:24.799', '2025-11-07 15:55:24.799');
INSERT INTO public.items VALUES ('7f9ea629-24c9-4aa7-b1d2-e1eefd1dca27', 'GEN-CHRG-PORT-01', '8901234567907', 'USB Type-C Charging Port', 'Universal Type-C charging port replacement', 'Type-C', '2ddf647a-32bc-43fe-af2c-02b679837854', NULL, '6a349f9a-fb35-40b7-b0d7-8d27c9432c9b', '34da2df4-ea29-47fe-93b2-fb5979759e6d', 120.00, 280.00, '85389099', '6a673331-2db2-482d-8565-8b46731ec932', 'IGST', true, 'c54500dd-f55d-4fcd-aa25-28570335499c', '2025-11-07 15:55:24.835', '2025-11-07 15:55:24.835');
INSERT INTO public.items VALUES ('957ac12d-34ed-474e-a993-9433d6dda5c0', 'GEN-SPEAKER-01', '8901234567908', 'Loud Speaker', 'Universal mobile phone loud speaker', 'Standard', '2ddf647a-32bc-43fe-af2c-02b679837854', NULL, '6a349f9a-fb35-40b7-b0d7-8d27c9432c9b', '34da2df4-ea29-47fe-93b2-fb5979759e6d', 150.00, 320.00, '85182990', '6a673331-2db2-482d-8565-8b46731ec932', 'IGST', true, 'c54500dd-f55d-4fcd-aa25-28570335499c', '2025-11-07 15:55:24.861', '2025-11-07 15:55:24.861');
INSERT INTO public.items VALUES ('126fad8e-a4fa-415f-9c27-9baadf533f3a', 'GEN-EARSPK-01', '8901234567909', 'Ear Speaker', 'Universal mobile phone ear speaker/earpiece', 'Standard', '2ddf647a-32bc-43fe-af2c-02b679837854', NULL, '6a349f9a-fb35-40b7-b0d7-8d27c9432c9b', '34da2df4-ea29-47fe-93b2-fb5979759e6d', 100.00, 220.00, '85182990', '6a673331-2db2-482d-8565-8b46731ec932', 'IGST', true, 'c54500dd-f55d-4fcd-aa25-28570335499c', '2025-11-07 15:55:24.875', '2025-11-07 15:55:24.875');
INSERT INTO public.items VALUES ('65a59fcc-4d59-4179-a8f2-cebb5f6e0212', 'GEN-MIC-01', '8901234567910', 'Microphone', 'Universal mobile phone microphone', 'Standard', '2ddf647a-32bc-43fe-af2c-02b679837854', NULL, '6a349f9a-fb35-40b7-b0d7-8d27c9432c9b', '34da2df4-ea29-47fe-93b2-fb5979759e6d', 80.00, 180.00, '85182200', '6a673331-2db2-482d-8565-8b46731ec932', 'IGST', true, 'c54500dd-f55d-4fcd-aa25-28570335499c', '2025-11-07 15:55:24.931', '2025-11-07 15:55:24.931');
INSERT INTO public.items VALUES ('6813cd2a-d597-4062-b190-95d9449270c8', 'GEN-CAM-REAR-01', '8901234567911', 'Rear Camera Module', 'Universal rear camera replacement module', '48MP', '2ddf647a-32bc-43fe-af2c-02b679837854', NULL, '6a349f9a-fb35-40b7-b0d7-8d27c9432c9b', '34da2df4-ea29-47fe-93b2-fb5979759e6d', 800.00, 1500.00, '85258090', '6a673331-2db2-482d-8565-8b46731ec932', 'IGST', true, 'c54500dd-f55d-4fcd-aa25-28570335499c', '2025-11-07 15:55:24.974', '2025-11-07 15:55:24.974');
INSERT INTO public.items VALUES ('b07bbc4f-9be7-4ca7-ad84-f2cac85b3941', 'GEN-CAM-FRONT-01', '8901234567912', 'Front Camera Module', 'Universal front/selfie camera replacement module', '16MP', '2ddf647a-32bc-43fe-af2c-02b679837854', NULL, '6a349f9a-fb35-40b7-b0d7-8d27c9432c9b', '34da2df4-ea29-47fe-93b2-fb5979759e6d', 400.00, 850.00, '85258090', '6a673331-2db2-482d-8565-8b46731ec932', 'IGST', true, 'c54500dd-f55d-4fcd-aa25-28570335499c', '2025-11-07 15:55:25', '2025-11-07 15:55:25');
INSERT INTO public.items VALUES ('65ec9084-b836-49be-be3e-25a6d2efa270', 'SAM-A71-BAT-01', '8901234567913', 'Samsung Galaxy A71 Battery', 'Original 4500mAh battery for Samsung A71', '4500mAh', '8d7b3766-a8ff-46fa-8fba-aac806db9e79', '173d854c-99f6-4d19-aee8-abdbc8ffdbb5', '85ef10b8-e556-4d60-aeae-150feadab75a', '34da2df4-ea29-47fe-93b2-fb5979759e6d', 550.00, 1050.00, '85076000', '6a673331-2db2-482d-8565-8b46731ec932', 'IGST', true, 'c54500dd-f55d-4fcd-aa25-28570335499c', '2025-11-07 15:55:25.014', '2025-11-07 15:55:25.014');
INSERT INTO public.items VALUES ('2d6c7cca-0205-4d70-9d98-9444a1f03e37', 'XIA-RN10-DISP-01', '8901234567914', 'Redmi Note 10 Display Assembly', 'Super AMOLED display with digitizer for Redmi Note 10', 'AMOLED', 'a204f7c8-8663-48bd-9bad-33f362ea22f7', 'ab5fc902-c032-49aa-ba6b-b1a433d89dc1', '3a6ac3bb-c27b-4f63-8983-38deb097a56d', '34da2df4-ea29-47fe-93b2-fb5979759e6d', 2800.00, 4500.00, '85177090', '6a673331-2db2-482d-8565-8b46731ec932', 'IGST', true, 'c54500dd-f55d-4fcd-aa25-28570335499c', '2025-11-07 15:55:25.074', '2025-11-07 15:55:25.074');
INSERT INTO public.items VALUES ('b01f0821-8873-49e2-bab9-317ba6f7ac94', 'XIA-RN11-DISP-01', '8901234567915', 'Redmi Note 11 Display Assembly', 'AMOLED display with digitizer for Redmi Note 11', 'AMOLED', 'a204f7c8-8663-48bd-9bad-33f362ea22f7', '85c4792f-e5a0-4f66-9e32-4b37400edbe4', '3a6ac3bb-c27b-4f63-8983-38deb097a56d', '34da2df4-ea29-47fe-93b2-fb5979759e6d', 3200.00, 4900.00, '85177090', '6a673331-2db2-482d-8565-8b46731ec932', 'IGST', true, 'c54500dd-f55d-4fcd-aa25-28570335499c', '2025-11-07 15:55:25.114', '2025-11-07 15:55:25.114');


--
-- Data for Name: suppliers; Type: TABLE DATA; Schema: public; Owner: postgres
--

INSERT INTO public.suppliers VALUES ('babb7929-b663-461f-91c6-f286bbbf56df', 'SUP-001', 'Mobile Parts Wholesale', 'Rajesh Kumar', 'rajesh@mobilepartsltd.com', '+91-9876543211', NULL, 'No.45, Display Street, Coimbatore, Tamil Nadu', 'Coimbatore', 'Tamil Nadu', '641001', '33ABCDE1234F1Z5', 'ABCDE1234F', 'State Bank of India', '12345678901', 'SBIN0001234', true, 'c54500dd-f55d-4fcd-aa25-28570335499c', '2025-10-31 00:06:39.178', '2025-10-31 00:06:39.178', NULL);
INSERT INTO public.suppliers VALUES ('adfbb6b0-07de-4bb6-876c-d89c73f9642a', 'SUP-002', 'Tech Accessories Co', 'Priya Sharma', 'priya@techaccessories.com', '+91-9876543212', NULL, 'No.78, Accessory Market, Chennai, Tamil Nadu', 'Chennai', 'Tamil Nadu', '600001', '33FGHIJ5678K2L6', 'FGHIJ5678K', NULL, NULL, NULL, true, 'c54500dd-f55d-4fcd-aa25-28570335499c', '2025-10-31 00:06:39.19', '2025-10-31 00:06:39.19', NULL);
INSERT INTO public.suppliers VALUES ('e6d01518-1d8d-4a56-98af-2a5e38ae725d', 'SUP-003', 'Electronics Wholesale India', 'Suresh Babu', 'suresh@electronicsltd.com', '+91-9876543213', NULL, 'Electronics Complex, Bangalore, Karnataka', 'Bangalore', 'Karnataka', '560001', '29KLMNO9012P3Q7', 'KLMNO9012P', NULL, NULL, NULL, true, 'c54500dd-f55d-4fcd-aa25-28570335499c', '2025-10-31 00:06:39.195', '2025-10-31 00:06:39.195', NULL);
INSERT INTO public.suppliers VALUES ('300ba079-3fab-47b8-b66e-a2eeb9103a40', 'SUP-VPM-001', 'Chennai Mobile Parts Wholesale', 'Ramesh Kumar', 'ramesh@cmparts.com', '+91 9876500001', NULL, 'No.123, Ritchie Street, Chennai', 'Chennai', 'Tamil Nadu', '600002', '33AABCC1234F1Z1', 'AABCC1234F', NULL, NULL, NULL, true, 'c54500dd-f55d-4fcd-aa25-28570335499c', '2025-10-31 00:18:23.463', '2025-10-31 00:18:23.463', NULL);
INSERT INTO public.suppliers VALUES ('f26455d0-690b-44a9-a08d-0e376f0395ac', 'SUP-VPM-002', 'Mobile Parts India', 'Suresh Babu', 'suresh@mobileparts.com', '+91 9876500002', NULL, 'No.456, NSC Bose Road, Chennai', 'Chennai', 'Tamil Nadu', '600001', '33BBCDD2345G2Z2', 'BBCDD2345G', NULL, NULL, NULL, true, 'c54500dd-f55d-4fcd-aa25-28570335499c', '2025-10-31 00:18:23.478', '2025-10-31 00:18:23.478', NULL);
INSERT INTO public.suppliers VALUES ('e6617fef-58e2-4874-a68d-86c1f620dc97', 'SUP-VPM-003', 'Tech Accessories Suppliers', 'Priya Sharma', 'priya@techacc.com', '+91 9876500003', NULL, 'No.789, T Nagar, Chennai', 'Chennai', 'Tamil Nadu', '600017', '33CCDEE3456H3Z3', 'CCDEE3456H', NULL, NULL, NULL, true, 'c54500dd-f55d-4fcd-aa25-28570335499c', '2025-10-31 00:18:23.486', '2025-10-31 00:18:23.486', NULL);
INSERT INTO public.suppliers VALUES ('99562c24-7cdd-42bf-b8fc-8c6cc5a488af', 'SUP-VPM-004', 'Display Solutions Ltd', 'Venkatesh M', 'venkat@displaysol.com', '+91 9876500004', NULL, 'No.234, Parry''s Corner, Chennai', 'Chennai', 'Tamil Nadu', '600001', '33DDEEF4567I4Z4', 'DDEEF4567I', NULL, NULL, NULL, true, 'c54500dd-f55d-4fcd-aa25-28570335499c', '2025-10-31 00:18:23.492', '2025-10-31 00:18:23.492', NULL);
INSERT INTO public.suppliers VALUES ('0c692eca-3036-4bf6-98cf-278d2c8721cc', 'SUP-VPM-005', 'Battery World Distributors', 'Karthik Raja', 'karthik@batteryworld.com', '+91 9876500005', NULL, 'No.567, Anna Salai, Chennai', 'Chennai', 'Tamil Nadu', '600002', '33EEFFG5678J5Z5', 'EEFFG5678J', NULL, NULL, NULL, true, 'c54500dd-f55d-4fcd-aa25-28570335499c', '2025-10-31 00:18:23.5', '2025-10-31 00:18:23.5', NULL);
INSERT INTO public.suppliers VALUES ('0b0347f3-6202-4ae8-8581-a5d20fe24fb2', 'VPM-SUP-001', 'Villupuram Mobile Distributors', 'Kumar S', 'kumar@vpmobile.com', '+91 9994447010', NULL, 'No 234, Bazaar Street, Villupuram', 'Villupuram', 'Tamil Nadu', '605602', '33VPMAA1234F1Z1', 'VPMAA1234F', NULL, NULL, NULL, true, 'c54500dd-f55d-4fcd-aa25-28570335499c', '2025-10-31 00:28:40.911', '2025-10-31 00:28:40.911', 'c1a9dfc9-354a-4e71-bde1-5a1ade259bdd');
INSERT INTO public.suppliers VALUES ('7efa7fae-5afc-4ca9-bf1d-2e5792892431', 'VPM-SUP-002', 'Villupuram Parts Wholesale', 'Ravi Kumar', 'ravi@vpmparts.com', '+91 9994447011', NULL, 'No 567, Gandhi Road, Villupuram', 'Villupuram', 'Tamil Nadu', '605602', '33VPMBB2345G2Z2', 'VPMBB2345G', NULL, NULL, NULL, true, 'c54500dd-f55d-4fcd-aa25-28570335499c', '2025-10-31 00:28:40.926', '2025-10-31 00:28:40.926', 'c1a9dfc9-354a-4e71-bde1-5a1ade259bdd');
INSERT INTO public.suppliers VALUES ('0c183088-2bdd-4a2a-9e4c-0416b1ae7d9f', 'TKV-SUP-001', 'Tirukovilure Mobile Mart', 'Selvam M', 'selvam@tkvmobile.com', '+91 82208 87750', NULL, 'No 45, Main Road, Tirukovilure', 'Tirukovilure', 'Tamil Nadu', '605757', '33TKVAA3456H3Z3', 'TKVAA3456H', NULL, NULL, NULL, true, 'c54500dd-f55d-4fcd-aa25-28570335499c', '2025-10-31 00:28:40.934', '2025-10-31 00:28:40.934', '85b64dfa-0872-4942-83c3-489358ba6264');
INSERT INTO public.suppliers VALUES ('b5b9bfa0-e170-47d6-b88e-60723333d9ae', 'GNG-SUP-001', 'Gingee Electronics Suppliers', 'Murugan K', 'murugan@gngelec.com', '+91 90432 16880', NULL, 'No 78, Fort Road, Gingee', 'Gingee', 'Tamil Nadu', '604202', '33GNGAA4567I4Z4', 'GNGAA4567I', NULL, NULL, NULL, true, 'c54500dd-f55d-4fcd-aa25-28570335499c', '2025-10-31 00:28:40.945', '2025-10-31 00:28:40.945', 'c3f2e56e-3e75-4721-be53-de1e8ef799d8');
INSERT INTO public.suppliers VALUES ('75824e56-1708-4ec5-a9be-c192c20d5a51', 'TND-SUP-001', 'Tindivanam Mobile World', 'Karthik R', 'karthik@tndmobile.com', '+91 91502 79615', NULL, 'No 123, Bazaar Street, Tindivanam', 'Tindivanam', 'Tamil Nadu', '604001', '33TNDAA5678J5Z5', 'TNDAA5678J', NULL, NULL, NULL, true, 'c54500dd-f55d-4fcd-aa25-28570335499c', '2025-10-31 00:28:40.952', '2025-10-31 00:28:40.952', '291b0188-2f77-4b8c-8127-22de295e6290');


--
-- Data for Name: branch_inventories; Type: TABLE DATA; Schema: public; Owner: postgres
--



--
-- Data for Name: customers; Type: TABLE DATA; Schema: public; Owner: postgres
--

INSERT INTO public.customers VALUES ('fb1d0603-dfa5-46a2-b439-9f37dab1c053', 'Michael Johnson', 'michael@example.com', '+1555000001', '789 Oak Street, City, State', 'c54500dd-f55d-4fcd-aa25-28570335499c', '96143ebf-24e9-43b6-900b-7cda5f9d0f64', '2025-10-31 00:06:39.148', '2025-10-31 00:06:39.148', NULL, NULL, NULL, NULL);
INSERT INTO public.customers VALUES ('3cbaddb7-51dd-4084-8fad-949b580a840a', 'Emily Davis', NULL, '+1555000002', '321 Pine Avenue, City, State', 'c54500dd-f55d-4fcd-aa25-28570335499c', '96143ebf-24e9-43b6-900b-7cda5f9d0f64', '2025-10-31 00:06:39.148', '2025-10-31 00:06:39.148', NULL, NULL, NULL, NULL);
INSERT INTO public.customers VALUES ('01942dd0-7d37-453e-84ed-68dd785261a2', 'Robert Brown', 'robert@example.com', '+1555000003', NULL, 'c54500dd-f55d-4fcd-aa25-28570335499c', 'c5ea27d8-a13d-4c9a-81c1-7fcc2a953ae1', '2025-10-31 00:06:39.148', '2025-10-31 00:06:39.148', NULL, NULL, NULL, NULL);
INSERT INTO public.customers VALUES ('88b9afde-ab7d-4769-86de-a1df50dfef51', 'Arjun Reddy', 'arjun.reddy@gmail.com', '+91 9876543250', 'No 25, Main Street, City', 'c54500dd-f55d-4fcd-aa25-28570335499c', '96143ebf-24e9-43b6-900b-7cda5f9d0f64', '2025-10-31 00:15:46.698', '2025-10-31 00:15:46.698', NULL, NULL, NULL, NULL);
INSERT INTO public.customers VALUES ('0163a7df-dab0-49d5-85c4-a8776a284853', 'Divya S', NULL, '+91 9876543251', 'No 47, Park Avenue, City', 'c54500dd-f55d-4fcd-aa25-28570335499c', '96143ebf-24e9-43b6-900b-7cda5f9d0f64', '2025-10-31 00:15:46.711', '2025-10-31 00:15:46.711', NULL, NULL, NULL, NULL);
INSERT INTO public.customers VALUES ('4051d0c0-c0a2-44c6-b0b0-34f51955b1b4', 'Kumar Swamy', 'kumar.swamy@gmail.com', '+91 9876543252', 'No 69, Market Road, City', 'c54500dd-f55d-4fcd-aa25-28570335499c', '96143ebf-24e9-43b6-900b-7cda5f9d0f64', '2025-10-31 00:15:46.717', '2025-10-31 00:15:46.717', NULL, NULL, NULL, NULL);
INSERT INTO public.customers VALUES ('fe4fe47d-e689-4bd8-947d-0998b957144a', 'Pavithra R', 'pavithra.r@gmail.com', '+91 9876543253', 'No 81, Temple Street, City', 'c54500dd-f55d-4fcd-aa25-28570335499c', '96143ebf-24e9-43b6-900b-7cda5f9d0f64', '2025-10-31 00:15:46.723', '2025-10-31 00:15:46.723', NULL, NULL, NULL, NULL);
INSERT INTO public.customers VALUES ('84e0fd5a-4f7c-4878-a567-9e9f90493906', 'Ravi Kumar', NULL, '+91 9876543254', 'No 103, Hospital Road, City', 'c54500dd-f55d-4fcd-aa25-28570335499c', '96143ebf-24e9-43b6-900b-7cda5f9d0f64', '2025-10-31 00:15:46.729', '2025-10-31 00:15:46.729', NULL, NULL, NULL, NULL);
INSERT INTO public.customers VALUES ('a72d012d-6203-4a45-a6e4-6314064c3e56', 'Shalini Devi', 'shalini.devi@gmail.com', '+91 9876543255', 'No 125, School Street, City', 'c54500dd-f55d-4fcd-aa25-28570335499c', '96143ebf-24e9-43b6-900b-7cda5f9d0f64', '2025-10-31 00:15:46.736', '2025-10-31 00:15:46.736', NULL, NULL, NULL, NULL);
INSERT INTO public.customers VALUES ('4f51eaab-b2cf-4663-bdc6-a2041e01c2ee', 'Thiru M', NULL, '+91 9876543256', 'No 147, Station Road, City', 'c54500dd-f55d-4fcd-aa25-28570335499c', '96143ebf-24e9-43b6-900b-7cda5f9d0f64', '2025-10-31 00:15:46.741', '2025-10-31 00:15:46.741', NULL, NULL, NULL, NULL);
INSERT INTO public.customers VALUES ('36d3c17d-87ec-402d-af20-01f1f0f61119', 'Uma Maheshwari', 'uma.maheshwari@gmail.com', '+91 9876543257', 'No 169, Bus Stand Road, City', 'c54500dd-f55d-4fcd-aa25-28570335499c', '96143ebf-24e9-43b6-900b-7cda5f9d0f64', '2025-10-31 00:15:46.747', '2025-10-31 00:15:46.747', NULL, NULL, NULL, NULL);
INSERT INTO public.customers VALUES ('66135573-ea2f-49a2-8ec5-6212216fc748', 'Bharath Kumar', NULL, '+91 9876543258', 'No 181, Gandhi Road, City', 'c54500dd-f55d-4fcd-aa25-28570335499c', '96143ebf-24e9-43b6-900b-7cda5f9d0f64', '2025-10-31 00:15:46.751', '2025-10-31 00:15:46.751', NULL, NULL, NULL, NULL);
INSERT INTO public.customers VALUES ('b6e14cc1-7ed8-4bac-bada-e4ba16d6a20f', 'Yamuna S', 'yamuna.s@gmail.com', '+91 9876543259', 'No 203, Railway Colony, City', 'c54500dd-f55d-4fcd-aa25-28570335499c', '96143ebf-24e9-43b6-900b-7cda5f9d0f64', '2025-10-31 00:15:46.756', '2025-10-31 00:15:46.756', NULL, NULL, NULL, NULL);
INSERT INTO public.customers VALUES ('7656b59c-a833-4dca-b7a2-97d7a340586a', 'Gopal Krishna', 'gopal.krishna@gmail.com', '+91 9876543260', 'No 16, Downtown Ave, City', 'c54500dd-f55d-4fcd-aa25-28570335499c', 'c5ea27d8-a13d-4c9a-81c1-7fcc2a953ae1', '2025-10-31 00:15:46.761', '2025-10-31 00:15:46.761', NULL, NULL, NULL, NULL);
INSERT INTO public.customers VALUES ('e32f0692-0ff3-4d1f-9738-bba81cf35bb7', 'Janaki Devi', NULL, '+91 9876543261', 'No 38, Central Road, City', 'c54500dd-f55d-4fcd-aa25-28570335499c', 'c5ea27d8-a13d-4c9a-81c1-7fcc2a953ae1', '2025-10-31 00:15:46.765', '2025-10-31 00:15:46.765', NULL, NULL, NULL, NULL);
INSERT INTO public.customers VALUES ('362ce7bd-56a5-447e-95bb-f2bcd061c1c9', 'Natarajan S', 'natarajan.s@gmail.com', '+91 9876543262', 'No 50, Mall Street, City', 'c54500dd-f55d-4fcd-aa25-28570335499c', 'c5ea27d8-a13d-4c9a-81c1-7fcc2a953ae1', '2025-10-31 00:15:46.769', '2025-10-31 00:15:46.769', NULL, NULL, NULL, NULL);
INSERT INTO public.customers VALUES ('b81c5439-8eee-47ac-8fec-65dc82a83e71', 'Pooja Rani', 'pooja.rani@gmail.com', '+91 9876543263', 'No 72, Shopping Complex, City', 'c54500dd-f55d-4fcd-aa25-28570335499c', 'c5ea27d8-a13d-4c9a-81c1-7fcc2a953ae1', '2025-10-31 00:15:46.774', '2025-10-31 00:15:46.774', NULL, NULL, NULL, NULL);
INSERT INTO public.customers VALUES ('7d943dbb-e920-4e41-a1db-80effbabc57f', 'Rajendra Kumar', NULL, '+91 9876543264', 'No 94, Business Street, City', 'c54500dd-f55d-4fcd-aa25-28570335499c', 'c5ea27d8-a13d-4c9a-81c1-7fcc2a953ae1', '2025-10-31 00:15:46.779', '2025-10-31 00:15:46.779', NULL, NULL, NULL, NULL);
INSERT INTO public.customers VALUES ('9ea0ea07-240c-4995-8ea2-b2ba088c23da', 'Swarna Latha', 'swarna.latha@gmail.com', '+91 9876543265', 'No 116, Commercial Road, City', 'c54500dd-f55d-4fcd-aa25-28570335499c', 'c5ea27d8-a13d-4c9a-81c1-7fcc2a953ae1', '2025-10-31 00:15:46.785', '2025-10-31 00:15:46.785', NULL, NULL, NULL, NULL);
INSERT INTO public.customers VALUES ('3b51b54b-41f2-450d-b959-0e4398d1ed4a', 'Venkatesh M', NULL, '+91 9876543266', 'No 138, Market Plaza, City', 'c54500dd-f55d-4fcd-aa25-28570335499c', 'c5ea27d8-a13d-4c9a-81c1-7fcc2a953ae1', '2025-10-31 00:15:46.79', '2025-10-31 00:15:46.79', NULL, NULL, NULL, NULL);
INSERT INTO public.customers VALUES ('1d6512e7-b3b8-402b-9c23-85e9e491028b', 'Anusha K', 'anusha.k@gmail.com', '+91 9876543267', 'No 150, Town Center, City', 'c54500dd-f55d-4fcd-aa25-28570335499c', 'c5ea27d8-a13d-4c9a-81c1-7fcc2a953ae1', '2025-10-31 00:15:46.795', '2025-10-31 00:15:46.795', NULL, NULL, NULL, NULL);
INSERT INTO public.customers VALUES ('6ae6ac1b-897c-4865-a889-395806e54b12', 'Chandran R', NULL, '+91 9876543268', 'No 172, City Plaza, City', 'c54500dd-f55d-4fcd-aa25-28570335499c', 'c5ea27d8-a13d-4c9a-81c1-7fcc2a953ae1', '2025-10-31 00:15:46.8', '2025-10-31 00:15:46.8', NULL, NULL, NULL, NULL);
INSERT INTO public.customers VALUES ('c63644b1-f9cd-4148-b648-9e4acea8c3d1', 'Durga Devi', 'durga.devi@gmail.com', '+91 9876543269', 'No 194, Metro Street, City', 'c54500dd-f55d-4fcd-aa25-28570335499c', 'c5ea27d8-a13d-4c9a-81c1-7fcc2a953ae1', '2025-10-31 00:15:46.804', '2025-10-31 00:15:46.804', NULL, NULL, NULL, NULL);
INSERT INTO public.customers VALUES ('937a0b92-d76f-44df-9396-62d841d896f5', 'Ezhil Arasan', 'ezhil.arasan@gmail.com', '+91 9876543270', 'No 27, Textile Road, Tiruppur', 'c54500dd-f55d-4fcd-aa25-28570335499c', 'fd9b3568-c312-41d1-b44e-e70437adc666', '2025-10-31 00:15:46.813', '2025-10-31 00:15:46.813', NULL, NULL, NULL, NULL);
INSERT INTO public.customers VALUES ('c4449ef3-7c0f-4c7c-b052-1f992c6ca655', 'Fathima Beevi', NULL, '+91 9876543271', 'No 49, Mill Street, Tiruppur', 'c54500dd-f55d-4fcd-aa25-28570335499c', 'fd9b3568-c312-41d1-b44e-e70437adc666', '2025-10-31 00:15:46.818', '2025-10-31 00:15:46.818', NULL, NULL, NULL, NULL);
INSERT INTO public.customers VALUES ('599d4168-f389-42a8-92b8-2252dd9ae302', 'Harish Kumar', 'harish.kumar@gmail.com', '+91 9876543272', 'No 61, Factory Road, Tiruppur', 'c54500dd-f55d-4fcd-aa25-28570335499c', 'fd9b3568-c312-41d1-b44e-e70437adc666', '2025-10-31 00:15:46.823', '2025-10-31 00:15:46.823', NULL, NULL, NULL, NULL);
INSERT INTO public.customers VALUES ('ea2e59ed-9f3b-4c77-a25f-28c24deccd86', 'Ishwarya S', 'ishwarya.s@gmail.com', '+91 9876543273', 'No 83, Industrial Area, Tiruppur', 'c54500dd-f55d-4fcd-aa25-28570335499c', 'fd9b3568-c312-41d1-b44e-e70437adc666', '2025-10-31 00:15:46.828', '2025-10-31 00:15:46.828', NULL, NULL, NULL, NULL);
INSERT INTO public.customers VALUES ('00602a84-7572-4eaa-a48c-c85b64fb3044', 'Jegan M', NULL, '+91 9876543274', 'No 105, Market Road, Tiruppur', 'c54500dd-f55d-4fcd-aa25-28570335499c', 'fd9b3568-c312-41d1-b44e-e70437adc666', '2025-10-31 00:15:46.832', '2025-10-31 00:15:46.832', NULL, NULL, NULL, NULL);
INSERT INTO public.customers VALUES ('5e7b40cc-2b1d-4e35-8450-f23aafb141ee', 'Kalpana Devi', 'kalpana.devi@gmail.com', '+91 9876543275', 'No 127, Bus Stand, Tiruppur', 'c54500dd-f55d-4fcd-aa25-28570335499c', 'fd9b3568-c312-41d1-b44e-e70437adc666', '2025-10-31 00:15:46.837', '2025-10-31 00:15:46.837', NULL, NULL, NULL, NULL);
INSERT INTO public.customers VALUES ('e3f03b64-4693-4852-895d-26c6a1cf9e5b', 'Loganathan R', NULL, '+91 9876543276', 'No 149, Railway Station, Tiruppur', 'c54500dd-f55d-4fcd-aa25-28570335499c', 'fd9b3568-c312-41d1-b44e-e70437adc666', '2025-10-31 00:15:46.841', '2025-10-31 00:15:46.841', NULL, NULL, NULL, NULL);
INSERT INTO public.customers VALUES ('fa5fe094-2b8e-4865-930d-c44fa4468644', 'Mythili K', 'mythili.k@gmail.com', '+91 9876543277', 'No 161, Town Hall, Tiruppur', 'c54500dd-f55d-4fcd-aa25-28570335499c', 'fd9b3568-c312-41d1-b44e-e70437adc666', '2025-10-31 00:15:46.846', '2025-10-31 00:15:46.846', NULL, NULL, NULL, NULL);
INSERT INTO public.customers VALUES ('3a84cbdc-b91f-432b-a596-528e776e5a16', 'Nirmal Kumar', NULL, '+91 9876543278', 'No 183, Gandhi Nagar, Tiruppur', 'c54500dd-f55d-4fcd-aa25-28570335499c', 'fd9b3568-c312-41d1-b44e-e70437adc666', '2025-10-31 00:15:46.85', '2025-10-31 00:15:46.85', NULL, NULL, NULL, NULL);
INSERT INTO public.customers VALUES ('b2e6d1d6-0d9f-494d-a8d6-5b9c9dd296ab', 'Oviya S', 'oviya.s@gmail.com', '+91 9876543279', 'No 205, Anna Nagar, Tiruppur', 'c54500dd-f55d-4fcd-aa25-28570335499c', 'fd9b3568-c312-41d1-b44e-e70437adc666', '2025-10-31 00:15:46.855', '2025-10-31 00:15:46.855', NULL, NULL, NULL, NULL);
INSERT INTO public.customers VALUES ('76475ea4-6e39-4e73-b58e-d0667b7f24c6', 'Rajesh Kumar', 'rajesh.kumar@gmail.com', '+91 9876543210', 'No 45, Gandhi Road, Villupuram', 'c54500dd-f55d-4fcd-aa25-28570335499c', 'c1a9dfc9-354a-4e71-bde1-5a1ade259bdd', '2025-10-31 00:15:46.86', '2025-10-31 00:15:46.86', NULL, NULL, NULL, NULL);
INSERT INTO public.customers VALUES ('1748bedc-a708-4ab1-8684-23cc94897698', 'Priya Sharma', 'priya.sharma@gmail.com', '+91 9876543211', 'No 78, Bus Stand Road, Villupuram', 'c54500dd-f55d-4fcd-aa25-28570335499c', 'c1a9dfc9-354a-4e71-bde1-5a1ade259bdd', '2025-10-31 00:15:46.864', '2025-10-31 00:15:46.864', NULL, NULL, NULL, NULL);
INSERT INTO public.customers VALUES ('7539af7e-0f36-4f8a-87cc-69a8f5d03ad9', 'Vijay Anand', 'vijay.anand@gmail.com', '+91 9876543212', 'No 123, Market Street, Villupuram', 'c54500dd-f55d-4fcd-aa25-28570335499c', 'c1a9dfc9-354a-4e71-bde1-5a1ade259bdd', '2025-10-31 00:15:46.872', '2025-10-31 00:15:46.872', NULL, NULL, NULL, NULL);
INSERT INTO public.customers VALUES ('32255246-31da-474d-bf69-91d967d7fdfe', 'Lakshmi Devi', 'lakshmi.devi@gmail.com', '+91 9876543213', 'No 56, Temple Street, Villupuram', 'c54500dd-f55d-4fcd-aa25-28570335499c', 'c1a9dfc9-354a-4e71-bde1-5a1ade259bdd', '2025-10-31 00:15:46.877', '2025-10-31 00:15:46.877', NULL, NULL, NULL, NULL);
INSERT INTO public.customers VALUES ('c46e19f9-8fc8-467d-b5fe-649b8b7b5595', 'Murugan S', NULL, '+91 9876543214', 'No 89, Bazaar Road, Villupuram', 'c54500dd-f55d-4fcd-aa25-28570335499c', 'c1a9dfc9-354a-4e71-bde1-5a1ade259bdd', '2025-10-31 00:15:46.881', '2025-10-31 00:15:46.881', NULL, NULL, NULL, NULL);
INSERT INTO public.customers VALUES ('5d8dbda8-805c-4dcf-818e-62d6c0cc0fe3', 'Anitha Rani', 'anitha.rani@gmail.com', '+91 9876543215', 'No 234, Station Road, Villupuram', 'c54500dd-f55d-4fcd-aa25-28570335499c', 'c1a9dfc9-354a-4e71-bde1-5a1ade259bdd', '2025-10-31 00:15:46.885', '2025-10-31 00:15:46.885', NULL, NULL, NULL, NULL);
INSERT INTO public.customers VALUES ('d33e5d3e-e291-4f72-8c25-4a0af76d4e1a', 'Karthik Raja', NULL, '+91 9876543216', 'No 67, College Road, Villupuram', 'c54500dd-f55d-4fcd-aa25-28570335499c', 'c1a9dfc9-354a-4e71-bde1-5a1ade259bdd', '2025-10-31 00:15:46.889', '2025-10-31 00:15:46.889', NULL, NULL, NULL, NULL);
INSERT INTO public.customers VALUES ('f3435a1f-3c01-4569-b785-a461ddcfdc8b', 'Sowmya Devi', 'sowmya.devi@gmail.com', '+91 9876543217', 'No 145, Hospital Road, Villupuram', 'c54500dd-f55d-4fcd-aa25-28570335499c', 'c1a9dfc9-354a-4e71-bde1-5a1ade259bdd', '2025-10-31 00:15:46.896', '2025-10-31 00:15:46.896', NULL, NULL, NULL, NULL);
INSERT INTO public.customers VALUES ('a34da905-746a-4e4e-9d31-db40361cbd0b', 'Selvam Kumar', NULL, '+91 9876543218', 'No 98, Park Street, Villupuram', 'c54500dd-f55d-4fcd-aa25-28570335499c', 'c1a9dfc9-354a-4e71-bde1-5a1ade259bdd', '2025-10-31 00:15:46.901', '2025-10-31 00:15:46.901', NULL, NULL, NULL, NULL);
INSERT INTO public.customers VALUES ('bbb7e076-e8fe-42c6-9e8d-38336fafa22b', 'Meena Kumari', 'meena.kumari@gmail.com', '+91 9876543219', 'No 176, Railway Colony, Villupuram', 'c54500dd-f55d-4fcd-aa25-28570335499c', 'c1a9dfc9-354a-4e71-bde1-5a1ade259bdd', '2025-10-31 00:15:46.906', '2025-10-31 00:15:46.906', NULL, NULL, NULL, NULL);
INSERT INTO public.customers VALUES ('7e03fa09-8863-44f0-a2ab-8b4d07330249', 'Suresh Babu', 'suresh.babu@gmail.com', '+91 9876543220', 'No 12, Main Road, Tirukovilure', 'c54500dd-f55d-4fcd-aa25-28570335499c', '85b64dfa-0872-4942-83c3-489358ba6264', '2025-10-31 00:15:46.912', '2025-10-31 00:15:46.912', NULL, NULL, NULL, NULL);
INSERT INTO public.customers VALUES ('2fc82ff5-5066-4194-9b56-0d5a96951295', 'Kamala Devi', NULL, '+91 9876543221', 'No 34, Bazaar Street, Tirukovilure', 'c54500dd-f55d-4fcd-aa25-28570335499c', '85b64dfa-0872-4942-83c3-489358ba6264', '2025-10-31 00:15:46.917', '2025-10-31 00:15:46.917', NULL, NULL, NULL, NULL);
INSERT INTO public.customers VALUES ('7646f55c-9e9c-4584-8e41-0d768e01e8ef', 'Ramesh Kumar', 'ramesh.kumar@gmail.com', '+91 9876543222', 'No 56, Hospital Road, Tirukovilure', 'c54500dd-f55d-4fcd-aa25-28570335499c', '85b64dfa-0872-4942-83c3-489358ba6264', '2025-10-31 00:15:46.921', '2025-10-31 00:15:46.921', NULL, NULL, NULL, NULL);
INSERT INTO public.customers VALUES ('b89e74aa-5032-489e-a013-7d3bcfaa16f6', 'Deepa Rani', 'deepa.rani@gmail.com', '+91 9876543223', 'No 78, School Street, Tirukovilure', 'c54500dd-f55d-4fcd-aa25-28570335499c', '85b64dfa-0872-4942-83c3-489358ba6264', '2025-10-31 00:15:46.926', '2025-10-31 00:15:46.926', NULL, NULL, NULL, NULL);
INSERT INTO public.customers VALUES ('3b4ed103-621f-4266-9b5f-3668b68a48ea', 'Ganesh M', NULL, '+91 9876543224', 'No 90, Temple Road, Tirukovilure', 'c54500dd-f55d-4fcd-aa25-28570335499c', '85b64dfa-0872-4942-83c3-489358ba6264', '2025-10-31 00:15:46.931', '2025-10-31 00:15:46.931', NULL, NULL, NULL, NULL);
INSERT INTO public.customers VALUES ('bee9519f-758f-4d07-801e-c4f0440f8f0b', 'Vasanthi S', 'vasanthi.s@gmail.com', '+91 9876543225', 'No 112, Market Road, Tirukovilure', 'c54500dd-f55d-4fcd-aa25-28570335499c', '85b64dfa-0872-4942-83c3-489358ba6264', '2025-10-31 00:15:46.935', '2025-10-31 00:15:46.935', NULL, NULL, NULL, NULL);
INSERT INTO public.customers VALUES ('712fe8e6-9ceb-40f0-8c78-9438739ea7f0', 'Arun Kumar', NULL, '+91 9876543226', 'No 134, Station Street, Tirukovilure', 'c54500dd-f55d-4fcd-aa25-28570335499c', '85b64dfa-0872-4942-83c3-489358ba6264', '2025-10-31 00:15:46.939', '2025-10-31 00:15:46.939', NULL, NULL, NULL, NULL);
INSERT INTO public.customers VALUES ('838b6b46-3e0f-471e-be69-8688965f6c17', 'Revathi Devi', 'revathi.devi@gmail.com', '+91 9876543227', 'No 156, Bus Stand Road, Tirukovilure', 'c54500dd-f55d-4fcd-aa25-28570335499c', '85b64dfa-0872-4942-83c3-489358ba6264', '2025-10-31 00:15:46.946', '2025-10-31 00:15:46.946', NULL, NULL, NULL, NULL);
INSERT INTO public.customers VALUES ('02bd166a-b5e1-475d-91e6-84265a415547', 'Prakash R', NULL, '+91 9876543228', 'No 178, Park Street, Tirukovilure', 'c54500dd-f55d-4fcd-aa25-28570335499c', '85b64dfa-0872-4942-83c3-489358ba6264', '2025-10-31 00:15:46.95', '2025-10-31 00:15:46.95', NULL, NULL, NULL, NULL);
INSERT INTO public.customers VALUES ('52e8e6a1-3cab-4a64-bbc6-718185fa9e06', 'Malathi K', 'malathi.k@gmail.com', '+91 9876543229', 'No 190, Gandhi Road, Tirukovilure', 'c54500dd-f55d-4fcd-aa25-28570335499c', '85b64dfa-0872-4942-83c3-489358ba6264', '2025-10-31 00:15:46.955', '2025-10-31 00:15:46.955', NULL, NULL, NULL, NULL);
INSERT INTO public.customers VALUES ('ce83b7a8-ce4b-4e45-8d9c-a3ee9eb936be', 'Naveen Kumar', 'naveen.kumar@gmail.com', '+91 9876543230', 'No 23, Fort Road, Gingee', 'c54500dd-f55d-4fcd-aa25-28570335499c', 'c3f2e56e-3e75-4721-be53-de1e8ef799d8', '2025-10-31 00:15:46.96', '2025-10-31 00:15:46.96', NULL, NULL, NULL, NULL);
INSERT INTO public.customers VALUES ('4e2406cc-68f2-48bb-a574-32d72eb1b646', 'Sangeetha Rani', NULL, '+91 9876543231', 'No 45, Bazaar Street, Gingee', 'c54500dd-f55d-4fcd-aa25-28570335499c', 'c3f2e56e-3e75-4721-be53-de1e8ef799d8', '2025-10-31 00:15:46.964', '2025-10-31 00:15:46.964', NULL, NULL, NULL, NULL);
INSERT INTO public.customers VALUES ('e14a02fb-78fa-4eb5-9caf-7a2b44f09515', 'Bala Murugan', 'bala.murugan@gmail.com', '+91 9876543232', 'No 67, Temple Road, Gingee', 'c54500dd-f55d-4fcd-aa25-28570335499c', 'c3f2e56e-3e75-4721-be53-de1e8ef799d8', '2025-10-31 00:15:46.968', '2025-10-31 00:15:46.968', NULL, NULL, NULL, NULL);
INSERT INTO public.customers VALUES ('1dfac3a6-5e76-4491-a477-f4ba0b35aa63', 'Kavitha S', 'kavitha.s@gmail.com', '+91 9876543233', 'No 89, Market Street, Gingee', 'c54500dd-f55d-4fcd-aa25-28570335499c', 'c3f2e56e-3e75-4721-be53-de1e8ef799d8', '2025-10-31 00:15:46.973', '2025-10-31 00:15:46.973', NULL, NULL, NULL, NULL);
INSERT INTO public.customers VALUES ('732ea050-ba77-465b-834a-d0c85841638a', 'Senthil Kumar', NULL, '+91 9876543234', 'No 101, Hospital Road, Gingee', 'c54500dd-f55d-4fcd-aa25-28570335499c', 'c3f2e56e-3e75-4721-be53-de1e8ef799d8', '2025-10-31 00:15:46.978', '2025-10-31 00:15:46.978', NULL, NULL, NULL, NULL);
INSERT INTO public.customers VALUES ('98dcc7c7-1e42-4af3-ae19-30e5b83d1e8f', 'Sumathi Devi', 'sumathi.devi@gmail.com', '+91 9876543235', 'No 123, School Street, Gingee', 'c54500dd-f55d-4fcd-aa25-28570335499c', 'c3f2e56e-3e75-4721-be53-de1e8ef799d8', '2025-10-31 00:15:46.982', '2025-10-31 00:15:46.982', NULL, NULL, NULL, NULL);
INSERT INTO public.customers VALUES ('146f26a6-923c-4845-b7a6-73330ca4f7c0', 'Dinesh R', NULL, '+91 9876543236', 'No 145, Station Road, Gingee', 'c54500dd-f55d-4fcd-aa25-28570335499c', 'c3f2e56e-3e75-4721-be53-de1e8ef799d8', '2025-10-31 00:15:46.986', '2025-10-31 00:15:46.986', NULL, NULL, NULL, NULL);
INSERT INTO public.customers VALUES ('f5e8aee1-819f-4de0-b8cd-bb9287cf25a3', 'Premalatha K', 'premalatha.k@gmail.com', '+91 9876543237', 'No 167, Bus Stand Road, Gingee', 'c54500dd-f55d-4fcd-aa25-28570335499c', 'c3f2e56e-3e75-4721-be53-de1e8ef799d8', '2025-10-31 00:15:46.991', '2025-10-31 00:15:46.991', NULL, NULL, NULL, NULL);
INSERT INTO public.customers VALUES ('6c1ace44-ab4d-4ba4-a853-c33b20db5085', 'Mahesh Kumar', NULL, '+91 9876543238', 'No 189, Park Street, Gingee', 'c54500dd-f55d-4fcd-aa25-28570335499c', 'c3f2e56e-3e75-4721-be53-de1e8ef799d8', '2025-10-31 00:15:46.996', '2025-10-31 00:15:46.996', NULL, NULL, NULL, NULL);
INSERT INTO public.customers VALUES ('e60cfca7-a4a5-47a4-aa3e-89888932f42e', 'Shanthi Devi', 'shanthi.devi@gmail.com', '+91 9876543239', 'No 201, Gandhi Road, Gingee', 'c54500dd-f55d-4fcd-aa25-28570335499c', 'c3f2e56e-3e75-4721-be53-de1e8ef799d8', '2025-10-31 00:15:46.999', '2025-10-31 00:15:46.999', NULL, NULL, NULL, NULL);
INSERT INTO public.customers VALUES ('5d0a890f-b777-4bfd-a80b-40103f89dfd8', 'Ashok Kumar', 'ashok.kumar@gmail.com', '+91 9876543240', 'No 14, Main Road, Tindivanam', 'c54500dd-f55d-4fcd-aa25-28570335499c', '291b0188-2f77-4b8c-8127-22de295e6290', '2025-10-31 00:15:47.005', '2025-10-31 00:15:47.005', NULL, NULL, NULL, NULL);
INSERT INTO public.customers VALUES ('2b353599-daaa-4c21-b50a-2c82bddb639a', 'Radhika S', NULL, '+91 9876543241', 'No 36, Bazaar Street, Tindivanam', 'c54500dd-f55d-4fcd-aa25-28570335499c', '291b0188-2f77-4b8c-8127-22de295e6290', '2025-10-31 00:15:47.011', '2025-10-31 00:15:47.011', NULL, NULL, NULL, NULL);
INSERT INTO public.customers VALUES ('93df86b4-2f85-4c1d-9da2-5b3e9943ab29', 'Vignesh M', 'vignesh.m@gmail.com', '+91 9876543242', 'No 58, Temple Road, Tindivanam', 'c54500dd-f55d-4fcd-aa25-28570335499c', '291b0188-2f77-4b8c-8127-22de295e6290', '2025-10-31 00:15:47.017', '2025-10-31 00:15:47.017', NULL, NULL, NULL, NULL);
INSERT INTO public.customers VALUES ('fcdf388d-09c5-4612-bb88-40ce7c317d9b', 'Geetha Rani', 'geetha.rani@gmail.com', '+91 9876543243', 'No 70, Market Street, Tindivanam', 'c54500dd-f55d-4fcd-aa25-28570335499c', '291b0188-2f77-4b8c-8127-22de295e6290', '2025-10-31 00:15:47.022', '2025-10-31 00:15:47.022', NULL, NULL, NULL, NULL);
INSERT INTO public.customers VALUES ('ab0344cf-f441-4854-9bc8-a30923a9a9b2', 'Sathish Kumar', NULL, '+91 9876543244', 'No 92, Hospital Road, Tindivanam', 'c54500dd-f55d-4fcd-aa25-28570335499c', '291b0188-2f77-4b8c-8127-22de295e6290', '2025-10-31 00:15:47.028', '2025-10-31 00:15:47.028', NULL, NULL, NULL, NULL);
INSERT INTO public.customers VALUES ('7337910f-b3db-4762-8411-2584f4d1cdcd', 'Nirmala Devi', 'nirmala.devi@gmail.com', '+91 9876543245', 'No 114, School Street, Tindivanam', 'c54500dd-f55d-4fcd-aa25-28570335499c', '291b0188-2f77-4b8c-8127-22de295e6290', '2025-10-31 00:15:47.033', '2025-10-31 00:15:47.033', NULL, NULL, NULL, NULL);
INSERT INTO public.customers VALUES ('b8c98370-0ec5-47bc-abcb-73e09bf50b09', 'Saravanan R', NULL, '+91 9876543246', 'No 136, Station Road, Tindivanam', 'c54500dd-f55d-4fcd-aa25-28570335499c', '291b0188-2f77-4b8c-8127-22de295e6290', '2025-10-31 00:15:47.038', '2025-10-31 00:15:47.038', NULL, NULL, NULL, NULL);
INSERT INTO public.customers VALUES ('b906e1aa-b8c0-4743-9f52-f588e5f3fd3f', 'Indira K', 'indira.k@gmail.com', '+91 9876543247', 'No 158, Bus Stand Road, Tindivanam', 'c54500dd-f55d-4fcd-aa25-28570335499c', '291b0188-2f77-4b8c-8127-22de295e6290', '2025-10-31 00:15:47.044', '2025-10-31 00:15:47.044', NULL, NULL, NULL, NULL);
INSERT INTO public.customers VALUES ('3daaf3a1-fc59-448a-b32c-06d03f338abf', 'Mohan Kumar', NULL, '+91 9876543248', 'No 170, Park Street, Tindivanam', 'c54500dd-f55d-4fcd-aa25-28570335499c', '291b0188-2f77-4b8c-8127-22de295e6290', '2025-10-31 00:15:47.048', '2025-10-31 00:15:47.048', NULL, NULL, NULL, NULL);
INSERT INTO public.customers VALUES ('194a918e-bb14-4fb1-a7b2-1a667f6a7c30', 'Valli Devi', 'valli.devi@gmail.com', '+91 9876543249', 'No 192, Gandhi Road, Tindivanam', 'c54500dd-f55d-4fcd-aa25-28570335499c', '291b0188-2f77-4b8c-8127-22de295e6290', '2025-10-31 00:15:47.053', '2025-10-31 00:15:47.053', NULL, NULL, NULL, NULL);


--
-- Data for Name: device_conditions; Type: TABLE DATA; Schema: public; Owner: postgres
--

INSERT INTO public.device_conditions VALUES ('53194fec-d0e7-4cba-8c52-449fddd55b62', 'Excellent', 'EXC', 'Like new condition with no visible wear, scratches, or dents', true, 'c54500dd-f55d-4fcd-aa25-28570335499c', '2025-10-31 00:06:57.462', '2025-10-31 00:06:57.462');
INSERT INTO public.device_conditions VALUES ('53f4ceca-c88a-4423-902d-afaed6e10d7c', 'Good', 'GOD', 'Minor cosmetic wear, fully functional with no major issues', true, 'c54500dd-f55d-4fcd-aa25-28570335499c', '2025-10-31 00:06:57.49', '2025-10-31 00:06:57.49');
INSERT INTO public.device_conditions VALUES ('8ad4f104-a46a-44d6-a059-f319e33bdf9a', 'Fair', 'FAR', 'Visible wear and tear, some cosmetic damage but fully functional', true, 'c54500dd-f55d-4fcd-aa25-28570335499c', '2025-10-31 00:06:57.511', '2025-10-31 00:06:57.511');
INSERT INTO public.device_conditions VALUES ('b7d097fb-9318-45ae-a343-37a257e8c0a4', 'Poor', 'POR', 'Heavy damage, multiple cosmetic or functional issues', true, 'c54500dd-f55d-4fcd-aa25-28570335499c', '2025-10-31 00:06:57.531', '2025-10-31 00:06:57.531');
INSERT INTO public.device_conditions VALUES ('7d25509f-4419-4123-b6fc-cc7015617d92', 'Broken', 'BROKEN', 'Not working or severely damaged', true, 'c54500dd-f55d-4fcd-aa25-28570335499c', '2025-10-31 00:18:04.836', '2025-10-31 00:18:04.836');


--
-- Data for Name: customer_devices; Type: TABLE DATA; Schema: public; Owner: postgres
--

INSERT INTO public.customer_devices VALUES ('27d7fae9-94f6-4bdd-b29c-dc65b02d5872', '3cbaddb7-51dd-4084-8fad-949b580a840a', 'd8820c11-4f20-4cb3-928e-dc1fb3d59fcb', 'aeae304e-716a-4936-9fba-9a2b57849cc6', '503938769368530', 'White', '0000', NULL, 'b7d097fb-9318-45ae-a343-37a257e8c0a4', '{Charger}', 2023, NULL, true, 'c54500dd-f55d-4fcd-aa25-28570335499c', '96143ebf-24e9-43b6-900b-7cda5f9d0f64', '2025-10-31 00:34:49.502', '2025-10-31 00:34:49.502');
INSERT INTO public.customer_devices VALUES ('e1bb8dba-82f3-4840-af09-afc6c1b7f3c6', '00602a84-7572-4eaa-a48c-c85b64fb3044', '88657f85-edaa-4c5e-8dd5-4fe767b1e047', '69f40227-c1b8-4176-8c00-b3fd8854be7f', '960914396212893', 'Silver', 'Pattern Lock', NULL, '53f4ceca-c88a-4423-902d-afaed6e10d7c', '{Charger,Cable}', 2022, NULL, true, 'c54500dd-f55d-4fcd-aa25-28570335499c', 'fd9b3568-c312-41d1-b44e-e70437adc666', '2025-10-31 00:34:49.82', '2025-10-31 00:34:49.82');
INSERT INTO public.customer_devices VALUES ('370fe2e1-9b6f-41d4-bd81-84faffb6627e', '32255246-31da-474d-bf69-91d967d7fdfe', '76592e23-fec2-4d50-a001-e8f824b5d53b', '6c544846-b36b-4711-a4e5-e8ea681266f3', '849670591922429', 'White', '1234', NULL, '8ad4f104-a46a-44d6-a059-f319e33bdf9a', '{Charger,Cable}', 2021, NULL, true, 'c54500dd-f55d-4fcd-aa25-28570335499c', 'c1a9dfc9-354a-4e71-bde1-5a1ade259bdd', '2025-10-31 00:34:49.986', '2025-10-31 00:34:49.986');
INSERT INTO public.customer_devices VALUES ('ffa99ff1-1004-49f1-9804-63c6b77cd225', '0163a7df-dab0-49d5-85c4-a8776a284853', '1e70da15-2527-4830-a11c-6db24c91dcae', 'e8c1b35e-1c87-4957-9696-52f4c7e9fd98', '827374087595464', 'Starlight', '9999', NULL, '7d25509f-4419-4123-b6fc-cc7015617d92', '{Charger}', 2020, NULL, true, 'c54500dd-f55d-4fcd-aa25-28570335499c', '96143ebf-24e9-43b6-900b-7cda5f9d0f64', '2025-10-31 00:34:49.452', '2025-10-31 01:01:23.559');
INSERT INTO public.customer_devices VALUES ('af0db170-1c1d-499a-af30-a993b5241dfd', '01942dd0-7d37-453e-84ed-68dd785261a2', '6201da3c-3df7-4100-928b-1f008be864f9', '580a0be4-2b8d-4058-b9da-2250c2062913', '408076820173345', 'Black', 'Pattern Lock', NULL, '7d25509f-4419-4123-b6fc-cc7015617d92', '{Charger,Cable}', 2020, NULL, true, 'c54500dd-f55d-4fcd-aa25-28570335499c', 'c5ea27d8-a13d-4c9a-81c1-7fcc2a953ae1', '2025-10-31 00:34:49.567', '2025-10-31 01:01:23.575');
INSERT INTO public.customer_devices VALUES ('42540a05-7513-4f61-85b7-f834db6d47a7', '937a0b92-d76f-44df-9396-62d841d896f5', '6201da3c-3df7-4100-928b-1f008be864f9', '47649f8f-b016-4a72-ad19-e39ea8a798e0', '973402417908993', 'Red', 'Fingerprint', NULL, '8ad4f104-a46a-44d6-a059-f319e33bdf9a', '{Charger,Cable,Earphones,Case}', 2023, NULL, true, 'c54500dd-f55d-4fcd-aa25-28570335499c', 'fd9b3568-c312-41d1-b44e-e70437adc666', '2025-10-31 00:34:49.872', '2025-10-31 01:01:23.575');
INSERT INTO public.customer_devices VALUES ('e24357c4-1411-4f5e-8e35-f07e9735254e', '36d3c17d-87ec-402d-af20-01f1f0f61119', '76592e23-fec2-4d50-a001-e8f824b5d53b', '0e4516df-4aa8-4e19-9be7-849e903c1450', '272072532829866', 'Silver', '1234', NULL, 'b7d097fb-9318-45ae-a343-37a257e8c0a4', '{Charger,Cable,Case}', 2024, NULL, true, 'c54500dd-f55d-4fcd-aa25-28570335499c', '96143ebf-24e9-43b6-900b-7cda5f9d0f64', '2025-10-31 00:34:49.465', '2025-10-31 01:01:23.586');
INSERT INTO public.customer_devices VALUES ('ea1d083b-e13c-48d1-97a8-d1e27b57fc88', '0163a7df-dab0-49d5-85c4-a8776a284853', 'd8820c11-4f20-4cb3-928e-dc1fb3d59fcb', 'd1d80140-a03f-4d7b-b414-14b68189ded5', '409236403847901', 'Starlight', 'Face ID', NULL, '8ad4f104-a46a-44d6-a059-f319e33bdf9a', '{Charger,Cable,Earphones}', 2023, NULL, true, 'c54500dd-f55d-4fcd-aa25-28570335499c', '96143ebf-24e9-43b6-900b-7cda5f9d0f64', '2025-10-31 00:34:49.394', '2025-10-31 01:01:23.613');
INSERT INTO public.customer_devices VALUES ('49b7004d-2491-40b6-83f0-b50fde92474b', '3b51b54b-41f2-450d-b959-0e4398d1ed4a', '74d32840-8099-433e-9c62-25c973fec741', '81767b2c-4fc6-4a5e-bef4-d1859a89d990', '797766123392837', 'Midnight', '0000', NULL, '7d25509f-4419-4123-b6fc-cc7015617d92', '{Charger,Cable}', 2022, NULL, true, 'c54500dd-f55d-4fcd-aa25-28570335499c', 'c5ea27d8-a13d-4c9a-81c1-7fcc2a953ae1', '2025-10-31 00:34:49.641', '2025-10-31 01:01:23.626');
INSERT INTO public.customer_devices VALUES ('0a3098de-662d-4abf-b1f6-640fcc192b8f', '4051d0c0-c0a2-44c6-b0b0-34f51955b1b4', '76592e23-fec2-4d50-a001-e8f824b5d53b', '8724cc35-150e-4c1f-8d58-de673acc0506', '204499275264496', 'Silver', '1234', NULL, '53194fec-d0e7-4cba-8c52-449fddd55b62', '{Charger}', 2021, NULL, true, 'c54500dd-f55d-4fcd-aa25-28570335499c', '96143ebf-24e9-43b6-900b-7cda5f9d0f64', '2025-10-31 00:34:49.52', '2025-10-31 01:01:23.714');
INSERT INTO public.customer_devices VALUES ('1487ffb9-8221-4d4e-b3d6-9f4683f9bebd', '1d6512e7-b3b8-402b-9c23-85e9e491028b', '74d32840-8099-433e-9c62-25c973fec741', '81767b2c-4fc6-4a5e-bef4-d1859a89d990', '640682753225192', 'Black', '9999', NULL, '53194fec-d0e7-4cba-8c52-449fddd55b62', '{Charger}', 2023, NULL, true, 'c54500dd-f55d-4fcd-aa25-28570335499c', 'c5ea27d8-a13d-4c9a-81c1-7fcc2a953ae1', '2025-10-31 00:34:49.617', '2025-10-31 01:01:23.714');
INSERT INTO public.customer_devices VALUES ('78737e48-3ca4-46ed-93fe-b9ea78b30b81', '3cbaddb7-51dd-4084-8fad-949b580a840a', '6675891f-3be8-4747-aa47-682208f02ed5', '29449ef9-ce45-490d-adca-800fc869d3f6', '502863628981942', 'White', '1234', NULL, '53f4ceca-c88a-4423-902d-afaed6e10d7c', '{Charger,Cable}', 2024, NULL, true, 'c54500dd-f55d-4fcd-aa25-28570335499c', '96143ebf-24e9-43b6-900b-7cda5f9d0f64', '2025-10-31 00:34:49.476', '2025-10-31 01:01:23.724');
INSERT INTO public.customer_devices VALUES ('a6e97256-9dba-4616-8fdb-ef2670f2967a', '599d4168-f389-42a8-92b8-2252dd9ae302', '74d32840-8099-433e-9c62-25c973fec741', '59014038-7c7c-4e53-b2db-1fa1214d2de4', '143186562949230', 'Green', 'Fingerprint', NULL, '8ad4f104-a46a-44d6-a059-f319e33bdf9a', '{Charger}', 2022, NULL, true, 'c54500dd-f55d-4fcd-aa25-28570335499c', 'fd9b3568-c312-41d1-b44e-e70437adc666', '2025-10-31 00:34:49.848', '2025-10-31 01:01:23.731');
INSERT INTO public.customer_devices VALUES ('4283dc23-41ef-4ebf-b910-cfbe3f79af19', 'e3f03b64-4693-4852-895d-26c6a1cf9e5b', '5b370bfd-a595-4abc-9e35-0bbfd9256e36', 'ee3f6524-2a26-4d18-a544-ad31c28f0fd8', '511604666817262', 'Gold', 'Pattern Lock', NULL, '8ad4f104-a46a-44d6-a059-f319e33bdf9a', '{Charger,Cable,Earphones}', 2022, NULL, true, 'c54500dd-f55d-4fcd-aa25-28570335499c', 'fd9b3568-c312-41d1-b44e-e70437adc666', '2025-10-31 00:34:49.903', '2025-10-31 01:01:23.731');
INSERT INTO public.customer_devices VALUES ('ee1193fe-851e-4700-b24b-10f40d79d3ea', '7656b59c-a833-4dca-b7a2-97d7a340586a', 'a204f7c8-8663-48bd-9bad-33f362ea22f7', 'd390ef84-3822-4839-b318-ded176846d98', '316045028514028', 'Blue', 'Face ID', NULL, 'b7d097fb-9318-45ae-a343-37a257e8c0a4', '{Charger,Cable,Case}', 2020, NULL, true, 'c54500dd-f55d-4fcd-aa25-28570335499c', 'c5ea27d8-a13d-4c9a-81c1-7fcc2a953ae1', '2025-10-31 00:34:49.685', '2025-10-31 01:01:23.738');
INSERT INTO public.customer_devices VALUES ('1d9457a6-8b9b-4d30-af6a-0c7edb1e03b0', '7539af7e-0f36-4f8a-87cc-69a8f5d03ad9', '6201da3c-3df7-4100-928b-1f008be864f9', '6bf16370-401f-432a-acd6-c1913e52a3bf', '701485968883146', 'Gold', '9999', NULL, '53194fec-d0e7-4cba-8c52-449fddd55b62', '{Charger,Cable,Case}', 2023, NULL, true, 'c54500dd-f55d-4fcd-aa25-28570335499c', 'c1a9dfc9-354a-4e71-bde1-5a1ade259bdd', '2025-10-31 00:34:50.073', '2025-10-31 00:34:50.073');
INSERT INTO public.customer_devices VALUES ('7772e2bd-d3bf-4822-8630-bfa3578452a2', 'bbb7e076-e8fe-42c6-9e8d-38336fafa22b', 'd8820c11-4f20-4cb3-928e-dc1fb3d59fcb', 'aeae304e-716a-4936-9fba-9a2b57849cc6', '862808595868248', 'Black', '1111', NULL, '7d25509f-4419-4123-b6fc-cc7015617d92', '{}', 2020, NULL, true, 'c54500dd-f55d-4fcd-aa25-28570335499c', 'c1a9dfc9-354a-4e71-bde1-5a1ade259bdd', '2025-10-31 00:34:50.152', '2025-10-31 00:34:50.152');
INSERT INTO public.customer_devices VALUES ('dddfca23-d207-42b1-bcc0-0d2774fad0f0', 'bbb7e076-e8fe-42c6-9e8d-38336fafa22b', '74d32840-8099-433e-9c62-25c973fec741', '59014038-7c7c-4e53-b2db-1fa1214d2de4', '517737036223517', 'Green', '1234', NULL, '53194fec-d0e7-4cba-8c52-449fddd55b62', '{}', 2020, NULL, true, 'c54500dd-f55d-4fcd-aa25-28570335499c', 'c1a9dfc9-354a-4e71-bde1-5a1ade259bdd', '2025-10-31 00:34:50.181', '2025-10-31 00:34:50.181');
INSERT INTO public.customer_devices VALUES ('ad5fcfc0-1d0b-4358-a1ad-e4f9b3fcde2b', 'c46e19f9-8fc8-467d-b5fe-649b8b7b5595', '5b370bfd-a595-4abc-9e35-0bbfd9256e36', 'ee3f6524-2a26-4d18-a544-ad31c28f0fd8', '595578209003242', 'Blue', 'Face ID', NULL, '53194fec-d0e7-4cba-8c52-449fddd55b62', '{Charger,Cable,Earphones}', 2022, NULL, true, 'c54500dd-f55d-4fcd-aa25-28570335499c', 'c1a9dfc9-354a-4e71-bde1-5a1ade259bdd', '2025-10-31 00:34:50.188', '2025-10-31 00:34:50.188');
INSERT INTO public.customer_devices VALUES ('bf6df0df-f8a1-4aa3-aa84-cd47bfb41ad0', 'c46e19f9-8fc8-467d-b5fe-649b8b7b5595', '1a7bfbeb-6908-405f-9afa-1da0bb9baba3', '18a6c13b-2bcc-408b-bed1-6a823419732d', '937337293452980', 'Gold', 'Pattern Lock', NULL, '53194fec-d0e7-4cba-8c52-449fddd55b62', '{Charger,Cable,Earphones}', 2024, NULL, true, 'c54500dd-f55d-4fcd-aa25-28570335499c', 'c1a9dfc9-354a-4e71-bde1-5a1ade259bdd', '2025-10-31 00:34:50.228', '2025-10-31 00:34:50.228');
INSERT INTO public.customer_devices VALUES ('cca686bc-fe4c-497b-9d5f-fa780ef369ce', '52e8e6a1-3cab-4a64-bbc6-718185fa9e06', '6201da3c-3df7-4100-928b-1f008be864f9', '4c15a5c1-f383-4644-8b0c-29ba206a9d70', '668218162605926', 'Red', '9999', NULL, '53f4ceca-c88a-4423-902d-afaed6e10d7c', '{}', 2021, NULL, true, 'c54500dd-f55d-4fcd-aa25-28570335499c', '85b64dfa-0872-4942-83c3-489358ba6264', '2025-10-31 00:34:50.325', '2025-10-31 00:34:50.325');
INSERT INTO public.customer_devices VALUES ('402011c9-7cf4-43e6-b864-f9792eb503c5', '712fe8e6-9ceb-40f0-8c78-9438739ea7f0', '76592e23-fec2-4d50-a001-e8f824b5d53b', 'c68cdb73-e022-44e7-9378-5c40f8a5981c', '339859933946395', 'Starlight', 'Pattern Lock', NULL, '53f4ceca-c88a-4423-902d-afaed6e10d7c', '{}', 2021, NULL, true, 'c54500dd-f55d-4fcd-aa25-28570335499c', '85b64dfa-0872-4942-83c3-489358ba6264', '2025-10-31 00:34:50.341', '2025-10-31 00:34:50.341');
INSERT INTO public.customer_devices VALUES ('4ea5bc8d-5480-4bbc-8103-55ef51564269', '838b6b46-3e0f-471e-be69-8688965f6c17', '6201da3c-3df7-4100-928b-1f008be864f9', '9c76f053-5728-4492-8244-fea3461bea56', '184886966735765', 'Starlight', '1234', NULL, '53f4ceca-c88a-4423-902d-afaed6e10d7c', '{Charger,Cable,Earphones,Case}', 2021, NULL, true, 'c54500dd-f55d-4fcd-aa25-28570335499c', '85b64dfa-0872-4942-83c3-489358ba6264', '2025-10-31 00:34:50.396', '2025-10-31 00:34:50.396');
INSERT INTO public.customer_devices VALUES ('557a63df-c3c3-43a4-bbf4-2b80dc77dc7d', '7e03fa09-8863-44f0-a2ab-8b4d07330249', '8d7b3766-a8ff-46fa-8fba-aac806db9e79', '28641beb-7177-4660-95d6-e3c2af7ee25a', '729958367545087', 'Black', '0000', NULL, '53194fec-d0e7-4cba-8c52-449fddd55b62', '{Charger}', 2022, NULL, true, 'c54500dd-f55d-4fcd-aa25-28570335499c', '85b64dfa-0872-4942-83c3-489358ba6264', '2025-10-31 00:34:50.371', '2025-10-31 01:01:23.493');
INSERT INTO public.customer_devices VALUES ('4af1cd56-aed3-4d3e-98eb-857eeffe611b', '2fc82ff5-5066-4194-9b56-0d5a96951295', '1e70da15-2527-4830-a11c-6db24c91dcae', '3858eb8a-6a75-4b63-952d-440c4ab572a5', '690250926448216', 'Red', '1234', NULL, '8ad4f104-a46a-44d6-a059-f319e33bdf9a', '{Charger,Cable,Case}', 2022, NULL, true, 'c54500dd-f55d-4fcd-aa25-28570335499c', '85b64dfa-0872-4942-83c3-489358ba6264', '2025-10-31 00:34:50.297', '2025-10-31 01:01:23.559');
INSERT INTO public.customer_devices VALUES ('6cd9fab4-5394-4ced-8d0b-fecf5ce74a11', '3b4ed103-621f-4266-9b5f-3668b68a48ea', '76592e23-fec2-4d50-a001-e8f824b5d53b', '8724cc35-150e-4c1f-8d58-de673acc0506', '745143681545841', 'Green', '9999', NULL, '7d25509f-4419-4123-b6fc-cc7015617d92', '{Charger}', 2023, NULL, true, 'c54500dd-f55d-4fcd-aa25-28570335499c', '85b64dfa-0872-4942-83c3-489358ba6264', '2025-10-31 00:34:50.317', '2025-10-31 01:01:23.586');
INSERT INTO public.customer_devices VALUES ('e47da619-cce9-4cbc-b75c-6de5d77839a8', '02bd166a-b5e1-475d-91e6-84265a415547', 'db3b37b4-7f1a-4d53-b038-1794e88fd9a7', 'f3488465-e06a-4401-bf95-74997156f7ff', '517067904822756', 'Green', '1111', NULL, '53194fec-d0e7-4cba-8c52-449fddd55b62', '{Charger,Cable,Earphones}', 2020, NULL, true, 'c54500dd-f55d-4fcd-aa25-28570335499c', '85b64dfa-0872-4942-83c3-489358ba6264', '2025-10-31 00:34:50.275', '2025-10-31 01:01:23.714');
INSERT INTO public.customer_devices VALUES ('3425eaac-e300-4f4d-a679-927501e5aab4', '5d8dbda8-805c-4dcf-818e-62d6c0cc0fe3', 'd8820c11-4f20-4cb3-928e-dc1fb3d59fcb', '23acceac-66f8-404a-ad15-930cc953e0ab', '215689850269263', 'Purple', 'Pattern Lock', NULL, '53194fec-d0e7-4cba-8c52-449fddd55b62', '{Charger,Cable,Earphones}', 2021, NULL, true, 'c54500dd-f55d-4fcd-aa25-28570335499c', 'c1a9dfc9-354a-4e71-bde1-5a1ade259bdd', '2025-10-31 00:34:50.044', '2025-10-31 01:01:23.714');
INSERT INTO public.customer_devices VALUES ('7b96670c-451c-4ecb-bd76-82cd8d081ebc', 'a34da905-746a-4e4e-9d31-db40361cbd0b', '88657f85-edaa-4c5e-8dd5-4fe767b1e047', 'f19a7225-10e4-4071-93c7-5eef3d8680cf', '946100439467666', 'Midnight', '1111', NULL, '53f4ceca-c88a-4423-902d-afaed6e10d7c', '{Charger,Cable,Earphones,Case}', 2024, NULL, true, 'c54500dd-f55d-4fcd-aa25-28570335499c', 'c1a9dfc9-354a-4e71-bde1-5a1ade259bdd', '2025-10-31 00:34:50.13', '2025-10-31 01:01:23.724');
INSERT INTO public.customer_devices VALUES ('b60d94a5-b185-406e-8404-b69156f8dc99', '146f26a6-923c-4845-b7a6-73330ca4f7c0', '8d7b3766-a8ff-46fa-8fba-aac806db9e79', '74600694-b7d4-4d87-9eef-760f6b3aa6d4', '734233049530546', 'Midnight', 'Face ID', NULL, '53f4ceca-c88a-4423-902d-afaed6e10d7c', '{}', 2021, NULL, true, 'c54500dd-f55d-4fcd-aa25-28570335499c', 'c3f2e56e-3e75-4721-be53-de1e8ef799d8', '2025-10-31 00:34:50.41', '2025-10-31 01:01:23.724');
INSERT INTO public.customer_devices VALUES ('a5569889-af7f-4206-9450-22b84d768e2f', '2fc82ff5-5066-4194-9b56-0d5a96951295', '5b370bfd-a595-4abc-9e35-0bbfd9256e36', 'ee3f6524-2a26-4d18-a544-ad31c28f0fd8', '970775086633386', 'Midnight', '9999', NULL, '8ad4f104-a46a-44d6-a059-f319e33bdf9a', '{Charger}', 2022, NULL, true, 'c54500dd-f55d-4fcd-aa25-28570335499c', '85b64dfa-0872-4942-83c3-489358ba6264', '2025-10-31 00:34:50.288', '2025-10-31 01:01:23.731');
INSERT INTO public.customer_devices VALUES ('832ce927-141b-49db-a573-0b02e799329d', '02bd166a-b5e1-475d-91e6-84265a415547', '76592e23-fec2-4d50-a001-e8f824b5d53b', 'c68cdb73-e022-44e7-9378-5c40f8a5981c', '540094010902787', 'Red', '1234', NULL, 'b7d097fb-9318-45ae-a343-37a257e8c0a4', '{Charger,Cable}', 2023, NULL, true, 'c54500dd-f55d-4fcd-aa25-28570335499c', '85b64dfa-0872-4942-83c3-489358ba6264', '2025-10-31 00:34:50.253', '2025-10-31 01:01:23.738');
INSERT INTO public.customer_devices VALUES ('c6b2cd53-8139-4681-9932-4feb5b5e32d2', '98dcc7c7-1e42-4af3-ae19-30e5b83d1e8f', '76592e23-fec2-4d50-a001-e8f824b5d53b', 'c68cdb73-e022-44e7-9378-5c40f8a5981c', '509999449044101', 'Blue', '0000', NULL, 'b7d097fb-9318-45ae-a343-37a257e8c0a4', '{Charger,Cable,Earphones}', 2023, NULL, true, 'c54500dd-f55d-4fcd-aa25-28570335499c', 'c3f2e56e-3e75-4721-be53-de1e8ef799d8', '2025-10-31 00:34:50.574', '2025-10-31 00:34:50.574');
INSERT INTO public.customer_devices VALUES ('fd9b2852-2003-4621-95f5-2aad64c3f01d', '2b353599-daaa-4c21-b50a-2c82bddb639a', '88657f85-edaa-4c5e-8dd5-4fe767b1e047', 'f19a7225-10e4-4071-93c7-5eef3d8680cf', '502182507501654', 'White', 'Pattern Lock', NULL, '53194fec-d0e7-4cba-8c52-449fddd55b62', '{Charger,Cable,Earphones}', 2023, NULL, true, 'c54500dd-f55d-4fcd-aa25-28570335499c', '291b0188-2f77-4b8c-8127-22de295e6290', '2025-10-31 00:34:50.667', '2025-10-31 00:34:50.667');
INSERT INTO public.customer_devices VALUES ('21892249-5bd1-438f-81d6-95d3b2577e80', '5d0a890f-b777-4bfd-a80b-40103f89dfd8', '6201da3c-3df7-4100-928b-1f008be864f9', '9c76f053-5728-4492-8244-fea3461bea56', '256976924970947', 'Red', 'Pattern Lock', NULL, '53f4ceca-c88a-4423-902d-afaed6e10d7c', '{Charger}', 2021, NULL, true, 'c54500dd-f55d-4fcd-aa25-28570335499c', '291b0188-2f77-4b8c-8127-22de295e6290', '2025-10-31 00:34:50.711', '2025-10-31 00:34:50.711');
INSERT INTO public.customer_devices VALUES ('737b5f8b-985d-4b45-9761-ff0071bcc19d', '5d0a890f-b777-4bfd-a80b-40103f89dfd8', '6675891f-3be8-4747-aa47-682208f02ed5', '775ed7d8-89ad-4f18-82b3-9fe02e72abc9', '591444639875623', 'Midnight', 'Pattern Lock', NULL, 'b7d097fb-9318-45ae-a343-37a257e8c0a4', '{Charger,Cable,Earphones,Case}', 2024, NULL, true, 'c54500dd-f55d-4fcd-aa25-28570335499c', '291b0188-2f77-4b8c-8127-22de295e6290', '2025-10-31 00:34:50.728', '2025-10-31 00:34:50.728');
INSERT INTO public.customer_devices VALUES ('9f8af92b-c2e2-4678-9e65-10e9b9619fdb', '6c1ace44-ab4d-4ba4-a853-c33b20db5085', '76592e23-fec2-4d50-a001-e8f824b5d53b', '0e4516df-4aa8-4e19-9be7-849e903c1450', '634803254505655', 'Silver', 'Pattern Lock', NULL, '53f4ceca-c88a-4423-902d-afaed6e10d7c', '{Charger,Cable}', 2023, NULL, true, 'c54500dd-f55d-4fcd-aa25-28570335499c', 'c3f2e56e-3e75-4721-be53-de1e8ef799d8', '2025-10-31 00:34:50.492', '2025-10-31 01:01:23.586');
INSERT INTO public.customer_devices VALUES ('e2f31787-c7d8-4d92-b745-a8a068903e09', '3daaf3a1-fc59-448a-b32c-06d03f338abf', '76592e23-fec2-4d50-a001-e8f824b5d53b', '87dc5249-84bb-4278-aa5c-603a399ab93e', '739206216496188', 'Green', '0000', NULL, '53f4ceca-c88a-4423-902d-afaed6e10d7c', '{Charger,Cable,Case}', 2024, NULL, true, 'c54500dd-f55d-4fcd-aa25-28570335499c', '291b0188-2f77-4b8c-8127-22de295e6290', '2025-10-31 00:34:50.693', '2025-10-31 01:01:23.586');
INSERT INTO public.customer_devices VALUES ('2eef0822-5210-4c67-a8f2-801177c8b3c0', 'f3435a1f-3c01-4569-b785-a461ddcfdc8b', '5b370bfd-a595-4abc-9e35-0bbfd9256e36', '7622e39e-2958-4092-9b77-81c163c34212', '', '', '', '', NULL, '{}', NULL, '', true, 'c54500dd-f55d-4fcd-aa25-28570335499c', 'c1a9dfc9-354a-4e71-bde1-5a1ade259bdd', '2025-10-31 00:46:23.457', '2025-10-31 01:01:23.6');
INSERT INTO public.customer_devices VALUES ('7d7d1966-be82-47e0-8c9e-7f14bdb24454', '732ea050-ba77-465b-834a-d0c85841638a', 'd8820c11-4f20-4cb3-928e-dc1fb3d59fcb', '732ba3dc-ba5c-4d4b-862a-16691a260254', '665933681093932', 'Green', 'Pattern Lock', NULL, 'b7d097fb-9318-45ae-a343-37a257e8c0a4', '{Charger,Cable,Earphones}', 2021, NULL, true, 'c54500dd-f55d-4fcd-aa25-28570335499c', 'c3f2e56e-3e75-4721-be53-de1e8ef799d8', '2025-10-31 00:34:50.518', '2025-10-31 01:01:23.613');
INSERT INTO public.customer_devices VALUES ('8db50b66-3467-46c6-953c-d1db05f4b28b', '194a918e-bb14-4fb1-a7b2-1a667f6a7c30', 'a204f7c8-8663-48bd-9bad-33f362ea22f7', '36cd1a02-adde-439f-82b7-10a48e506438', '312936974673583', 'Black', '1234', NULL, '53194fec-d0e7-4cba-8c52-449fddd55b62', '{}', 2023, NULL, true, 'c54500dd-f55d-4fcd-aa25-28570335499c', '291b0188-2f77-4b8c-8127-22de295e6290', '2025-10-31 00:34:50.633', '2025-10-31 01:01:23.714');
INSERT INTO public.customer_devices VALUES ('41bf8eb5-e62b-4db2-aa74-33d1931856d2', 'ab0344cf-f441-4854-9bc8-a30923a9a9b2', '6675891f-3be8-4747-aa47-682208f02ed5', '775ed7d8-89ad-4f18-82b3-9fe02e72abc9', '328819234598966', 'Gold', 'Fingerprint', NULL, '53194fec-d0e7-4cba-8c52-449fddd55b62', '{Charger,Cable,Earphones}', 2023, NULL, true, 'c54500dd-f55d-4fcd-aa25-28570335499c', '291b0188-2f77-4b8c-8127-22de295e6290', '2025-10-31 00:34:50.744', '2025-10-31 01:01:23.714');
INSERT INTO public.customer_devices VALUES ('8bcc569f-7637-44da-a497-77d0ce6cd009', '146f26a6-923c-4845-b7a6-73330ca4f7c0', '1e70da15-2527-4830-a11c-6db24c91dcae', '0a787358-f73a-401d-a730-792a38e4369d', '998469485056730', 'Black', 'Face ID', NULL, '53f4ceca-c88a-4423-902d-afaed6e10d7c', '{Charger,Cable,Case}', 2022, NULL, true, 'c54500dd-f55d-4fcd-aa25-28570335499c', 'c3f2e56e-3e75-4721-be53-de1e8ef799d8', '2025-10-31 00:34:50.429', '2025-10-31 01:01:23.724');
INSERT INTO public.customer_devices VALUES ('a9e9760f-839c-4876-bc9a-7f3c13486020', '7e03fa09-8863-44f0-a2ab-8b4d07330249', '6675891f-3be8-4747-aa47-682208f02ed5', '47d71685-1aa2-40bd-9343-07fec7514a9f', '419157314563929', 'Blue', 'Fingerprint', NULL, '8ad4f104-a46a-44d6-a059-f319e33bdf9a', '{Charger,Cable,Earphones,Case}', 2021, NULL, true, 'c54500dd-f55d-4fcd-aa25-28570335499c', '85b64dfa-0872-4942-83c3-489358ba6264', '2025-10-31 00:34:50.364', '2025-10-31 01:01:23.731');
INSERT INTO public.customer_devices VALUES ('053b1919-1dec-4ecc-9fe7-a27dfb77d875', 'e14a02fb-78fa-4eb5-9caf-7a2b44f09515', '8d7b3766-a8ff-46fa-8fba-aac806db9e79', '94dde9aa-cff5-4e6a-a572-5389f6d21bb2', '442224084369154', 'White', '1111', NULL, '8ad4f104-a46a-44d6-a059-f319e33bdf9a', '{Charger,Cable,Earphones,Case}', 2023, NULL, true, 'c54500dd-f55d-4fcd-aa25-28570335499c', 'c3f2e56e-3e75-4721-be53-de1e8ef799d8', '2025-10-31 00:34:50.595', '2025-10-31 01:01:23.731');
INSERT INTO public.customer_devices VALUES ('f9905c10-c8e6-4270-8995-e7ac348e428e', 'ab0344cf-f441-4854-9bc8-a30923a9a9b2', '74d32840-8099-433e-9c62-25c973fec741', '81767b2c-4fc6-4a5e-bef4-d1859a89d990', '464912315225359', 'Purple', 'Pattern Lock', NULL, '8ad4f104-a46a-44d6-a059-f319e33bdf9a', '{Charger,Cable,Earphones}', 2023, NULL, true, 'c54500dd-f55d-4fcd-aa25-28570335499c', '291b0188-2f77-4b8c-8127-22de295e6290', '2025-10-31 00:34:50.766', '2025-10-31 01:01:23.731');
INSERT INTO public.customer_devices VALUES ('e1f110a7-7847-47e2-b685-bb15e855af2c', '3daaf3a1-fc59-448a-b32c-06d03f338abf', '74d32840-8099-433e-9c62-25c973fec741', 'cb253474-0925-4727-bcff-d2851baf2bf9', '632232093200710', 'Gold', '1234', NULL, 'b7d097fb-9318-45ae-a343-37a257e8c0a4', '{}', 2024, NULL, true, 'c54500dd-f55d-4fcd-aa25-28570335499c', '291b0188-2f77-4b8c-8127-22de295e6290', '2025-10-31 00:34:50.7', '2025-10-31 01:01:23.738');
INSERT INTO public.customer_devices VALUES ('bdf1fb4c-9c72-4da7-85f3-e43dac64bee2', 'b8c98370-0ec5-47bc-abcb-73e09bf50b09', 'a204f7c8-8663-48bd-9bad-33f362ea22f7', '27620d1e-a794-44c6-9ff9-f53ab1609852', '737679151683237', 'Silver', 'Face ID', NULL, '8ad4f104-a46a-44d6-a059-f319e33bdf9a', '{Charger}', 2023, NULL, true, 'c54500dd-f55d-4fcd-aa25-28570335499c', '291b0188-2f77-4b8c-8127-22de295e6290', '2025-10-31 00:34:50.775', '2025-10-31 01:01:23.512');
INSERT INTO public.customer_devices VALUES ('41c268ea-591a-41ab-a367-2903803089c3', '712fe8e6-9ceb-40f0-8c78-9438739ea7f0', '88657f85-edaa-4c5e-8dd5-4fe767b1e047', '702a094c-cf5f-44cc-854f-3f71d26a7b56', '900200966825336', 'White', 'Pattern Lock', NULL, '53194fec-d0e7-4cba-8c52-449fddd55b62', '{Charger,Cable}', 2024, NULL, true, 'c54500dd-f55d-4fcd-aa25-28570335499c', '85b64dfa-0872-4942-83c3-489358ba6264', '2025-10-31 00:34:50.348', '2025-10-31 01:01:23.545');
INSERT INTO public.customer_devices VALUES ('cd6e5272-3dce-4dae-a483-889893720ed4', '7d943dbb-e920-4e41-a1db-80effbabc57f', '1e70da15-2527-4830-a11c-6db24c91dcae', 'd0d525cf-c9d9-496e-8445-b9fc48fff7b4', '414877297586673', 'Black', '1111', NULL, '7d25509f-4419-4123-b6fc-cc7015617d92', '{Charger,Cable,Earphones,Case}', 2021, NULL, true, 'c54500dd-f55d-4fcd-aa25-28570335499c', 'c5ea27d8-a13d-4c9a-81c1-7fcc2a953ae1', '2025-10-31 00:34:49.7', '2025-10-31 01:01:23.559');
INSERT INTO public.customer_devices VALUES ('2ba6cc66-5dc3-4f4e-9796-75c5337e4748', 'c4449ef3-7c0f-4c7c-b052-1f992c6ca655', '6201da3c-3df7-4100-928b-1f008be864f9', 'b6001768-60a3-4941-ab67-e9c373fd2f9e', '406606284983746', 'Red', '9999', NULL, '7d25509f-4419-4123-b6fc-cc7015617d92', '{Charger,Cable,Case}', 2022, NULL, true, 'c54500dd-f55d-4fcd-aa25-28570335499c', 'fd9b3568-c312-41d1-b44e-e70437adc666', '2025-10-31 00:34:49.888', '2025-10-31 01:01:23.575');
INSERT INTO public.customer_devices VALUES ('05acef32-6861-4a13-90f7-2020085549e0', '9ea0ea07-240c-4995-8ea2-b2ba088c23da', '74d32840-8099-433e-9c62-25c973fec741', '81767b2c-4fc6-4a5e-bef4-d1859a89d990', '871527983811174', 'Silver', '1111', NULL, '8ad4f104-a46a-44d6-a059-f319e33bdf9a', '{Charger,Cable,Earphones}', 2023, NULL, true, 'c54500dd-f55d-4fcd-aa25-28570335499c', 'c5ea27d8-a13d-4c9a-81c1-7fcc2a953ae1', '2025-10-31 00:34:49.752', '2025-10-31 01:01:23.626');
INSERT INTO public.customer_devices VALUES ('19904c78-9b8c-4ac2-bb50-1355c55bc28c', '6c1ace44-ab4d-4ba4-a853-c33b20db5085', 'a204f7c8-8663-48bd-9bad-33f362ea22f7', '8f479ae7-d369-4c47-b619-f8677da94c51', '524442281681219', 'Midnight', 'Fingerprint', NULL, '53194fec-d0e7-4cba-8c52-449fddd55b62', '{Charger,Cable,Case}', 2024, NULL, true, 'c54500dd-f55d-4fcd-aa25-28570335499c', 'c3f2e56e-3e75-4721-be53-de1e8ef799d8', '2025-10-31 00:34:50.463', '2025-10-31 01:01:23.714');
INSERT INTO public.customer_devices VALUES ('1a88e4bf-84d8-457e-a922-0a85deb3510a', '732ea050-ba77-465b-834a-d0c85841638a', 'a204f7c8-8663-48bd-9bad-33f362ea22f7', '27620d1e-a794-44c6-9ff9-f53ab1609852', '330230382055225', 'Blue', 'Face ID', NULL, '53194fec-d0e7-4cba-8c52-449fddd55b62', '{Charger,Cable,Earphones}', 2023, NULL, true, 'c54500dd-f55d-4fcd-aa25-28570335499c', 'c3f2e56e-3e75-4721-be53-de1e8ef799d8', '2025-10-31 00:34:50.535', '2025-10-31 01:01:23.714');
INSERT INTO public.customer_devices VALUES ('ca69f384-8690-447c-9792-2e68ed8bf29e', '7539af7e-0f36-4f8a-87cc-69a8f5d03ad9', '88657f85-edaa-4c5e-8dd5-4fe767b1e047', '88dda255-5fae-4ff2-8bfa-d27a692a1f5f', '504470301414194', 'Midnight', '1234', NULL, '53f4ceca-c88a-4423-902d-afaed6e10d7c', '{Charger,Cable,Case}', 2020, NULL, true, 'c54500dd-f55d-4fcd-aa25-28570335499c', 'c1a9dfc9-354a-4e71-bde1-5a1ade259bdd', '2025-10-31 00:34:50.102', '2025-10-31 01:01:23.724');
INSERT INTO public.customer_devices VALUES ('b38df285-b74d-4063-8600-907220a5aa23', '1748bedc-a708-4ab1-8684-23cc94897698', '74d32840-8099-433e-9c62-25c973fec741', '81767b2c-4fc6-4a5e-bef4-d1859a89d990', '423686128690089', 'Black', 'Fingerprint', NULL, '8ad4f104-a46a-44d6-a059-f319e33bdf9a', '{Charger,Cable,Earphones,Case}', 2023, NULL, true, 'c54500dd-f55d-4fcd-aa25-28570335499c', 'c1a9dfc9-354a-4e71-bde1-5a1ade259bdd', '2025-10-31 00:34:49.938', '2025-10-31 01:01:23.731');
INSERT INTO public.customer_devices VALUES ('1ddcb238-bad2-40ac-8aef-f1cecfa475a7', '6ae6ac1b-897c-4865-a889-395806e54b12', '88657f85-edaa-4c5e-8dd5-4fe767b1e047', 'fa09f20b-2b9e-4b61-a89b-67f4ed7ea3e4', '895259195713848', 'Midnight', '9999', NULL, 'b7d097fb-9318-45ae-a343-37a257e8c0a4', '{Charger,Cable,Earphones,Case}', 2021, NULL, true, 'c54500dd-f55d-4fcd-aa25-28570335499c', 'c5ea27d8-a13d-4c9a-81c1-7fcc2a953ae1', '2025-10-31 00:34:49.676', '2025-10-31 01:01:23.738');
INSERT INTO public.customer_devices VALUES ('0b20c88b-0166-47d6-b4d8-1b5a04b47ee1', 'bbb7e076-e8fe-42c6-9e8d-38336fafa22b', 'd8820c11-4f20-4cb3-928e-dc1fb3d59fcb', '83d80637-98be-488a-b0c8-4d7de073dccd', '', '', '', '', NULL, '{}', NULL, '', true, 'c54500dd-f55d-4fcd-aa25-28570335499c', 'c1a9dfc9-354a-4e71-bde1-5a1ade259bdd', '2025-10-31 06:50:06.795', '2025-10-31 06:50:06.795');


--
-- Data for Name: service_categories; Type: TABLE DATA; Schema: public; Owner: postgres
--

INSERT INTO public.service_categories VALUES ('394e5552-da42-4a3b-881c-bbde2b736fca', 'Screen Replacement', 'SCR', 'Display screen replacement service', 2000.00, 10, true, 'c54500dd-f55d-4fcd-aa25-28570335499c', '2025-10-31 00:06:56.611', '2025-10-31 00:06:56.611');
INSERT INTO public.service_categories VALUES ('56a41693-2f5d-458a-ae4a-9b78d1bb2eda', 'Battery Replacement', 'BAT', 'Battery replacement service', 800.00, 5, true, 'c54500dd-f55d-4fcd-aa25-28570335499c', '2025-10-31 00:06:56.637', '2025-10-31 00:06:56.637');
INSERT INTO public.service_categories VALUES ('08f0dea9-e56c-47b8-b752-3c4b874efaf1', 'Charging Port Repair', 'CHG', 'Charging port repair or replacement', 500.00, 5, true, 'c54500dd-f55d-4fcd-aa25-28570335499c', '2025-10-31 00:06:56.656', '2025-10-31 00:06:56.656');
INSERT INTO public.service_categories VALUES ('c1c89024-7164-4396-b135-7019945238e6', 'Water Damage Repair', 'WTR', 'Water damage inspection and repair', 1500.00, 15, true, 'c54500dd-f55d-4fcd-aa25-28570335499c', '2025-10-31 00:06:56.676', '2025-10-31 00:06:56.676');
INSERT INTO public.service_categories VALUES ('d9731f2c-9618-4323-9ea5-1ef29b4ad0e8', 'Software Issues', 'SFT', 'Software troubleshooting and fixes', 300.00, 3, true, 'c54500dd-f55d-4fcd-aa25-28570335499c', '2025-10-31 00:06:56.694', '2025-10-31 00:06:56.694');
INSERT INTO public.service_categories VALUES ('8d91898c-1e8a-45d3-b049-1f4d1518a288', 'Camera Repair', 'CAM', 'Front or back camera repair/replacement', 1200.00, 8, true, 'c54500dd-f55d-4fcd-aa25-28570335499c', '2025-10-31 00:06:56.714', '2025-10-31 00:06:56.714');
INSERT INTO public.service_categories VALUES ('6f63c50c-bd87-434f-8643-3ad78524a0d0', 'Speaker/Mic Repair', 'AUD', 'Speaker or microphone repair/replacement', 600.00, 6, true, 'c54500dd-f55d-4fcd-aa25-28570335499c', '2025-10-31 00:06:56.733', '2025-10-31 00:06:56.733');
INSERT INTO public.service_categories VALUES ('93e94209-a158-4173-a563-ef5d388e35b7', 'Back Panel Replacement', 'BKP', 'Back panel/cover replacement', 700.00, 4, true, 'c54500dd-f55d-4fcd-aa25-28570335499c', '2025-10-31 00:06:56.755', '2025-10-31 00:06:56.755');
INSERT INTO public.service_categories VALUES ('c558571a-3b9f-4c7c-b34c-e002c2cde10e', 'Power Button Repair', 'PWR', 'Power button repair or replacement', 400.00, 4, true, 'c54500dd-f55d-4fcd-aa25-28570335499c', '2025-10-31 00:06:56.775', '2025-10-31 00:06:56.775');
INSERT INTO public.service_categories VALUES ('91fb2e91-95ee-41a7-bea3-2b66209a5ea4', 'Network Issue Fix', 'NET', 'Network connectivity troubleshooting and repair', 500.00, 5, true, 'c54500dd-f55d-4fcd-aa25-28570335499c', '2025-10-31 00:06:56.796', '2025-10-31 00:06:56.796');
INSERT INTO public.service_categories VALUES ('a2ad7756-e124-4df3-b3a6-4c86fb4d5f4f', 'Display Replacement', 'DISPLAY_REPLACE', 'Screen and display repairs', 2000.00, 10, true, 'c54500dd-f55d-4fcd-aa25-28570335499c', '2025-10-31 00:18:04.847', '2025-10-31 00:18:04.847');
INSERT INTO public.service_categories VALUES ('5b218a08-cd4a-4f86-98c4-067cac492f58', 'Speaker Repair', 'SPEAKER_REPAIR', 'Speaker or earpiece repair', 600.00, 5, true, 'c54500dd-f55d-4fcd-aa25-28570335499c', '2025-10-31 00:18:04.874', '2025-10-31 00:18:04.874');
INSERT INTO public.service_categories VALUES ('36ccda95-33b5-49f4-b9db-c58ed24eb484', 'Microphone Repair', 'MIC_REPAIR', 'Microphone repair or replacement', 500.00, 5, true, 'c54500dd-f55d-4fcd-aa25-28570335499c', '2025-10-31 00:18:04.88', '2025-10-31 00:18:04.88');
INSERT INTO public.service_categories VALUES ('c64afb89-a887-41d9-8831-12c09f1ca88c', 'Button Repair', 'BUTTON_REPAIR', 'Power or volume button repair', 400.00, 4, true, 'c54500dd-f55d-4fcd-aa25-28570335499c', '2025-10-31 00:18:04.886', '2025-10-31 00:18:04.886');
INSERT INTO public.service_categories VALUES ('0077cbe2-ae09-494e-abe5-fef975381216', 'Software Issue', 'SOFTWARE', 'OS update, software troubleshooting', 300.00, 3, true, 'c54500dd-f55d-4fcd-aa25-28570335499c', '2025-10-31 00:18:04.897', '2025-10-31 00:18:04.897');
INSERT INTO public.service_categories VALUES ('fdae4a05-5cfe-46f6-b609-3b9291bc29ed', 'Data Recovery', 'DATA_RECOVERY', 'Data backup and recovery service', 500.00, 5, true, 'c54500dd-f55d-4fcd-aa25-28570335499c', '2025-10-31 00:18:04.901', '2025-10-31 00:18:04.901');
INSERT INTO public.service_categories VALUES ('17caa088-e812-41e1-9491-98e6dfcfe18b', 'Screen Protector Installation', 'SCREEN_PROTECTOR', 'Tempered glass installation', 100.00, 1, true, 'c54500dd-f55d-4fcd-aa25-28570335499c', '2025-10-31 00:18:04.905', '2025-10-31 00:18:04.905');
INSERT INTO public.service_categories VALUES ('09a2ddf2-caba-4172-a125-ffd413e65a3b', 'Motherboard Repair', 'MOTHERBOARD', 'IC level motherboard repair', 3000.00, 20, true, 'c54500dd-f55d-4fcd-aa25-28570335499c', '2025-10-31 00:18:04.917', '2025-10-31 00:18:04.917');
INSERT INTO public.service_categories VALUES ('6753cabd-5af1-4295-8ffa-c732b310e298', 'Network Issue', 'NETWORK', 'WiFi, Bluetooth, cellular network repair', 800.00, 8, true, 'c54500dd-f55d-4fcd-aa25-28570335499c', '2025-10-31 00:18:04.922', '2025-10-31 00:18:04.922');
INSERT INTO public.service_categories VALUES ('bd5e9d40-45aa-4b09-8890-8f334720d65f', 'General Inspection', 'INSPECTION', 'Complete device inspection', 200.00, 2, true, 'c54500dd-f55d-4fcd-aa25-28570335499c', '2025-10-31 00:18:04.927', '2025-10-31 00:18:04.927');


--
-- Data for Name: services; Type: TABLE DATA; Schema: public; Owner: postgres
--

INSERT INTO public.services VALUES ('2c3c1878-3494-4a26-8591-f10dceff1cf1', 'TKT-2024-0001', 'fb1d0603-dfa5-46a2-b439-9f37dab1c053', NULL, NULL, 'iPhone 12', '123456789012345', NULL, 'Cracked screen, touch not working properly', 'Display replacement required', 150, 150, 50, 'COMPLETED', '127e88cf-e475-443b-99b4-574b1d4db788', 'c54500dd-f55d-4fcd-aa25-28570335499c', '96143ebf-24e9-43b6-900b-7cda5f9d0f64', '2025-10-31 00:06:39.255', '2025-10-31 00:06:39.255', '2025-10-31 00:06:39.252', NULL);
INSERT INTO public.services VALUES ('06837644-3c85-42fc-919f-68be217ee992', 'TKT-2024-0002', '3cbaddb7-51dd-4084-8fad-949b580a840a', NULL, NULL, 'Samsung Galaxy S21', NULL, NULL, 'Battery draining quickly, phone overheating', NULL, 60, NULL, 20, 'IN_PROGRESS', '127e88cf-e475-443b-99b4-574b1d4db788', 'c54500dd-f55d-4fcd-aa25-28570335499c', '96143ebf-24e9-43b6-900b-7cda5f9d0f64', '2025-10-31 00:06:39.274', '2025-10-31 00:06:39.274', NULL, NULL);
INSERT INTO public.services VALUES ('5d91d80e-1b5a-40e3-a23b-d9702dc319da', 'TKT-2024-0003', '01942dd0-7d37-453e-84ed-68dd785261a2', NULL, NULL, 'iPhone 13', '987654321098765', NULL, 'Charging port not working', NULL, 25, NULL, 0, 'PENDING', NULL, 'c54500dd-f55d-4fcd-aa25-28570335499c', 'c5ea27d8-a13d-4c9a-81c1-7fcc2a953ae1', '2025-10-31 00:06:39.279', '2025-10-31 00:06:39.279', NULL, NULL);
INSERT INTO public.services VALUES ('99ef4c37-4a00-42eb-836f-44641adf7b2c', 'MAIN-001-1761870889412-3916', '0163a7df-dab0-49d5-85c4-a8776a284853', 'ea1d083b-e13c-48d1-97a8-d1e27b57fc88', 'd9731f2c-9618-4323-9ea5-1ef29b4ad0e8', 'Nokia C32', '409236403847901', 'Face ID', 'Device issue reported', 'Diagnosed: Device issue reported. Software Issues required.', 300, 740, 0, 'DELIVERED', '127e88cf-e475-443b-99b4-574b1d4db788', 'c54500dd-f55d-4fcd-aa25-28570335499c', '96143ebf-24e9-43b6-900b-7cda5f9d0f64', '2025-09-06 00:34:49.412', '2025-10-31 00:34:49.417', '2025-09-13 00:34:49.412', '2025-09-15 00:34:49.412');
INSERT INTO public.services VALUES ('1b3906c4-b1ba-4e61-96b0-46c44111ae2e', 'MAIN-001-1761870889456-8091', '0163a7df-dab0-49d5-85c4-a8776a284853', 'ffa99ff1-1004-49f1-9804-63c6b77cd225', '93e94209-a158-4173-a563-ef5d388e35b7', 'Oppo A78 5G', '827374087595464', '9999', 'Device issue reported', 'Diagnosed: Device issue reported. Back Panel Replacement required.', 700, NULL, 0, 'WAITING_PARTS', 'c05796e4-8a67-4530-a475-9e3648084b6e', 'c54500dd-f55d-4fcd-aa25-28570335499c', '96143ebf-24e9-43b6-900b-7cda5f9d0f64', '2025-10-14 00:34:49.456', '2025-10-31 00:34:49.458', NULL, NULL);
INSERT INTO public.services VALUES ('8fa79893-679a-4dfa-a966-8651e802a504', 'MAIN-001-1761870889468-1549', '36d3c17d-87ec-402d-af20-01f1f0f61119', 'e24357c4-1411-4f5e-8e35-f07e9735254e', '5b218a08-cd4a-4f86-98c4-067cac492f58', 'Google Pixel 8 Pro', '272072532829866', '1234', 'Sound distorted during calls', 'Diagnosed: Sound distorted during calls. Speaker Repair required.', 600, NULL, 180, 'WAITING_PARTS', '127e88cf-e475-443b-99b4-574b1d4db788', 'c54500dd-f55d-4fcd-aa25-28570335499c', '96143ebf-24e9-43b6-900b-7cda5f9d0f64', '2025-10-09 00:34:49.468', '2025-10-31 00:34:49.469', NULL, NULL);
INSERT INTO public.services VALUES ('f5202171-6497-4daf-a19f-fb4cce0e3fe5', 'MAIN-001-1761870889479-7956', '3cbaddb7-51dd-4084-8fad-949b580a840a', '78737e48-3ca4-46ed-93fe-b9ea78b30b81', '08f0dea9-e56c-47b8-b752-3c4b874efaf1', 'Apple iPhone 13', '502863628981942', '1234', 'Device issue reported', 'Diagnosed: Device issue reported. Charging Port Repair required.', 500, NULL, 0, 'IN_PROGRESS', '127e88cf-e475-443b-99b4-574b1d4db788', 'c54500dd-f55d-4fcd-aa25-28570335499c', '96143ebf-24e9-43b6-900b-7cda5f9d0f64', '2025-09-26 00:34:49.479', '2025-10-31 00:34:49.481', NULL, NULL);
INSERT INTO public.services VALUES ('6ed12dab-394f-44e4-b97d-910bd722645e', 'MAIN-001-1761870889494-1213', '3cbaddb7-51dd-4084-8fad-949b580a840a', '78737e48-3ca4-46ed-93fe-b9ea78b30b81', '5b218a08-cd4a-4f86-98c4-067cac492f58', 'Apple iPhone 13', '502863628981942', '1234', 'No sound from earpiece', 'Diagnosed: No sound from earpiece. Speaker Repair required.', 600, NULL, 0, 'WAITING_PARTS', 'c05796e4-8a67-4530-a475-9e3648084b6e', 'c54500dd-f55d-4fcd-aa25-28570335499c', '96143ebf-24e9-43b6-900b-7cda5f9d0f64', '2025-10-18 00:34:49.494', '2025-10-31 00:34:49.496', NULL, NULL);
INSERT INTO public.services VALUES ('9b9ec565-20ec-4d3c-938a-99b8f61dba58', 'MAIN-001-1761870889513-6652', '3cbaddb7-51dd-4084-8fad-949b580a840a', '27d7fae9-94f6-4bdd-b29c-dc65b02d5872', '17caa088-e812-41e1-9491-98e6dfcfe18b', 'Nokia G42 5G', '503938769368530', '0000', 'Device issue reported', NULL, 100, NULL, 0, 'PENDING', NULL, 'c54500dd-f55d-4fcd-aa25-28570335499c', '96143ebf-24e9-43b6-900b-7cda5f9d0f64', '2025-09-09 00:34:49.513', '2025-10-31 00:34:49.515', NULL, NULL);
INSERT INTO public.services VALUES ('9ce1f837-ee4e-4868-a836-071cabfe371f', 'DOWN-001-1761870889569-3861', '01942dd0-7d37-453e-84ed-68dd785261a2', 'af0db170-1c1d-499a-af30-a993b5241dfd', '08f0dea9-e56c-47b8-b752-3c4b874efaf1', 'Vivo Y100', '408076820173345', 'Pattern Lock', 'Device issue reported', 'Diagnosed: Device issue reported. Charging Port Repair required.', 500, 410, 0, 'DELIVERED', '3f756df5-9ad9-4365-b6c7-d23f4d4be390', 'c54500dd-f55d-4fcd-aa25-28570335499c', 'c5ea27d8-a13d-4c9a-81c1-7fcc2a953ae1', '2025-10-03 00:34:49.569', '2025-10-31 00:34:49.571', '2025-10-05 00:34:49.569', '2025-10-06 00:34:49.569');
INSERT INTO public.services VALUES ('080c96b2-0a5d-473f-9495-b77524b7c2bc', 'DOWN-001-1761870889590-2779', '01942dd0-7d37-453e-84ed-68dd785261a2', 'af0db170-1c1d-499a-af30-a993b5241dfd', '6753cabd-5af1-4295-8ffa-c732b310e298', 'Vivo Y100', '408076820173345', 'Pattern Lock', 'Device issue reported', 'Diagnosed: Device issue reported. Network Issue required.', 800, 747, 240, 'COMPLETED', '3f756df5-9ad9-4365-b6c7-d23f4d4be390', 'c54500dd-f55d-4fcd-aa25-28570335499c', 'c5ea27d8-a13d-4c9a-81c1-7fcc2a953ae1', '2025-10-28 00:34:49.59', '2025-10-31 00:34:49.592', '2025-10-29 00:34:49.59', NULL);
INSERT INTO public.services VALUES ('adf6723d-4d6c-4a92-bcc0-c544bb97144b', 'DOWN-001-1761870889611-1399', '01942dd0-7d37-453e-84ed-68dd785261a2', 'af0db170-1c1d-499a-af30-a993b5241dfd', '5b218a08-cd4a-4f86-98c4-067cac492f58', 'Vivo Y100', '408076820173345', 'Pattern Lock', 'Low volume issue', NULL, 600, NULL, 180, 'PENDING', NULL, 'c54500dd-f55d-4fcd-aa25-28570335499c', 'c5ea27d8-a13d-4c9a-81c1-7fcc2a953ae1', '2025-10-29 00:34:49.611', '2025-10-31 00:34:49.613', NULL, NULL);
INSERT INTO public.services VALUES ('b5439147-7a1e-4641-bfe2-a404b492e117', 'DOWN-001-1761870889619-3389', '1d6512e7-b3b8-402b-9c23-85e9e491028b', '1487ffb9-8221-4d4e-b3d6-9f4683f9bebd', '09a2ddf2-caba-4172-a125-ffd413e65a3b', 'Nothing Phone (1)', '640682753225192', '9999', 'Device issue reported', NULL, 3000, NULL, 0, 'PENDING', NULL, 'c54500dd-f55d-4fcd-aa25-28570335499c', 'c5ea27d8-a13d-4c9a-81c1-7fcc2a953ae1', '2025-10-02 00:34:49.619', '2025-10-31 00:34:49.621', NULL, NULL);
INSERT INTO public.services VALUES ('92cc6f9b-ff63-4cd2-8d3c-dcc8ab69d50b', 'DOWN-001-1761870889623-6121', '1d6512e7-b3b8-402b-9c23-85e9e491028b', '1487ffb9-8221-4d4e-b3d6-9f4683f9bebd', '36ccda95-33b5-49f4-b9db-c58ed24eb484', 'Nothing Phone (1)', '640682753225192', '9999', 'Device issue reported', 'Diagnosed: Device issue reported. Microphone Repair required.', 500, 457, 0, 'COMPLETED', '3f756df5-9ad9-4365-b6c7-d23f4d4be390', 'c54500dd-f55d-4fcd-aa25-28570335499c', 'c5ea27d8-a13d-4c9a-81c1-7fcc2a953ae1', '2025-10-17 00:34:49.623', '2025-10-31 00:34:49.625', '2025-10-24 00:34:49.623', NULL);
INSERT INTO public.services VALUES ('3964cedf-e16c-430d-aa8a-775afa90d314', 'DOWN-001-1761870889642-9611', '3b51b54b-41f2-450d-b959-0e4398d1ed4a', '49b7004d-2491-40b6-83f0-b50fde92474b', '0077cbe2-ae09-494e-abe5-fef975381216', 'Nothing Phone (1)', '797766123392837', '0000', 'Phone running very slow', NULL, 300, NULL, 90, 'PENDING', NULL, 'c54500dd-f55d-4fcd-aa25-28570335499c', 'c5ea27d8-a13d-4c9a-81c1-7fcc2a953ae1', '2025-09-13 00:34:49.642', '2025-10-31 00:34:49.644', NULL, NULL);
INSERT INTO public.services VALUES ('bfc3a875-bcca-48cc-97ed-f74748f8925e', 'DOWN-001-1761870889646-2512', '3b51b54b-41f2-450d-b959-0e4398d1ed4a', '49b7004d-2491-40b6-83f0-b50fde92474b', '08f0dea9-e56c-47b8-b752-3c4b874efaf1', 'Nothing Phone (1)', '797766123392837', '0000', 'Device issue reported', 'Diagnosed: Device issue reported. Charging Port Repair required.', 500, 614, 150, 'DELIVERED', '3f756df5-9ad9-4365-b6c7-d23f4d4be390', 'c54500dd-f55d-4fcd-aa25-28570335499c', 'c5ea27d8-a13d-4c9a-81c1-7fcc2a953ae1', '2025-09-10 00:34:49.646', '2025-10-31 00:34:49.647', '2025-09-11 00:34:49.646', '2025-09-13 00:34:49.646');
INSERT INTO public.services VALUES ('2818b76f-2a61-4845-bf34-c02bf4e02e22', 'MAIN-001-1761870889507-6726', '3cbaddb7-51dd-4084-8fad-949b580a840a', '27d7fae9-94f6-4bdd-b29c-dc65b02d5872', 'c1c89024-7164-4396-b135-7019945238e6', 'Nokia G42 5G', '503938769368530', '0000', 'Phone not turning on after water exposure', NULL, 1200, NULL, 360, 'PENDING', NULL, 'c54500dd-f55d-4fcd-aa25-28570335499c', '96143ebf-24e9-43b6-900b-7cda5f9d0f64', '2025-10-27 00:34:49.507', '2025-10-31 01:01:23.689', NULL, NULL);
INSERT INTO public.services VALUES ('13c761af-7c53-4d3a-944a-3c1a271ed0a7', 'DOWN-001-1761870889665-8328', '3b51b54b-41f2-450d-b959-0e4398d1ed4a', '49b7004d-2491-40b6-83f0-b50fde92474b', '36ccda95-33b5-49f4-b9db-c58ed24eb484', 'Nothing Phone (1)', '797766123392837', '0000', 'Device issue reported', NULL, 500, NULL, 0, 'PENDING', NULL, 'c54500dd-f55d-4fcd-aa25-28570335499c', 'c5ea27d8-a13d-4c9a-81c1-7fcc2a953ae1', '2025-10-09 00:34:49.665', '2025-10-31 00:34:49.667', NULL, NULL);
INSERT INTO public.services VALUES ('f6d50dc3-0b21-4676-858b-22dcc8f64358', 'DOWN-001-1761870889679-8340', '6ae6ac1b-897c-4865-a889-395806e54b12', '1ddcb238-bad2-40ac-8aef-f1cecfa475a7', '5b218a08-cd4a-4f86-98c4-067cac492f58', 'Realme Realme Narzo 60 Pro', '895259195713848', '9999', 'No sound from earpiece', NULL, 600, NULL, 180, 'PENDING', NULL, 'c54500dd-f55d-4fcd-aa25-28570335499c', 'c5ea27d8-a13d-4c9a-81c1-7fcc2a953ae1', '2025-09-26 00:34:49.679', '2025-10-31 00:34:49.681', NULL, NULL);
INSERT INTO public.services VALUES ('e5975e02-29ac-40c7-81f1-857536c9a8e0', 'DOWN-001-1761870889688-1418', '7656b59c-a833-4dca-b7a2-97d7a340586a', 'ee1193fe-851e-4700-b24b-10f40d79d3ea', 'c1c89024-7164-4396-b135-7019945238e6', 'Xiaomi Redmi 12', '316045028514028', 'Face ID', 'Device issue reported', NULL, 1500, NULL, 450, 'PENDING', NULL, 'c54500dd-f55d-4fcd-aa25-28570335499c', 'c5ea27d8-a13d-4c9a-81c1-7fcc2a953ae1', '2025-10-28 00:34:49.688', '2025-10-31 00:34:49.69', NULL, NULL);
INSERT INTO public.services VALUES ('dd2a96e5-5826-49cc-9949-419c9903068b', 'DOWN-001-1761870889693-3843', '7656b59c-a833-4dca-b7a2-97d7a340586a', 'ee1193fe-851e-4700-b24b-10f40d79d3ea', '0077cbe2-ae09-494e-abe5-fef975381216', 'Xiaomi Redmi 12', '316045028514028', 'Face ID', 'Phone running very slow', 'Diagnosed: Phone running very slow. Software Issue required.', 300, NULL, 90, 'WAITING_PARTS', '3f756df5-9ad9-4365-b6c7-d23f4d4be390', 'c54500dd-f55d-4fcd-aa25-28570335499c', 'c5ea27d8-a13d-4c9a-81c1-7fcc2a953ae1', '2025-09-27 00:34:49.693', '2025-10-31 00:34:49.695', NULL, NULL);
INSERT INTO public.services VALUES ('d7543e6b-f017-433d-983a-fa1987159838', 'DOWN-001-1761870889702-5617', '7d943dbb-e920-4e41-a1db-80effbabc57f', 'cd6e5272-3dce-4dae-a483-889893720ed4', '91fb2e91-95ee-41a7-bea3-2b66209a5ea4', 'Oppo F25 Pro', '414877297586673', '1111', 'Device issue reported', 'Diagnosed: Device issue reported. Network Issue Fix required.', 500, NULL, 0, 'IN_PROGRESS', '3f756df5-9ad9-4365-b6c7-d23f4d4be390', 'c54500dd-f55d-4fcd-aa25-28570335499c', 'c5ea27d8-a13d-4c9a-81c1-7fcc2a953ae1', '2025-10-20 00:34:49.702', '2025-10-31 00:34:49.705', NULL, NULL);
INSERT INTO public.services VALUES ('a1b1ee45-ecbc-4dcb-be91-29613323285b', 'DOWN-001-1761870889729-3400', '7d943dbb-e920-4e41-a1db-80effbabc57f', 'cd6e5272-3dce-4dae-a483-889893720ed4', '394e5552-da42-4a3b-881c-bbde2b736fca', 'Oppo F25 Pro', '414877297586673', '1111', 'Device issue reported', 'Diagnosed: Device issue reported. Screen Replacement required.', 2000, 2424, 0, 'COMPLETED', '3f756df5-9ad9-4365-b6c7-d23f4d4be390', 'c54500dd-f55d-4fcd-aa25-28570335499c', 'c5ea27d8-a13d-4c9a-81c1-7fcc2a953ae1', '2025-09-02 00:34:49.729', '2025-10-31 00:34:49.732', '2025-09-06 00:34:49.729', NULL);
INSERT INTO public.services VALUES ('62e9d16c-757a-48fc-a92d-412ada4fc68c', 'DOWN-001-1761870889755-4655', '9ea0ea07-240c-4995-8ea2-b2ba088c23da', '05acef32-6861-4a13-90f7-2020085549e0', 'fdae4a05-5cfe-46f6-b609-3b9291bc29ed', 'Nothing Phone (1)', '871527983811174', '1111', 'Device issue reported', 'Diagnosed: Device issue reported. Data Recovery required.', 500, 602, 150, 'COMPLETED', '3f756df5-9ad9-4365-b6c7-d23f4d4be390', 'c54500dd-f55d-4fcd-aa25-28570335499c', 'c5ea27d8-a13d-4c9a-81c1-7fcc2a953ae1', '2025-09-30 00:34:49.755', '2025-10-31 00:34:49.757', '2025-10-03 00:34:49.755', NULL);
INSERT INTO public.services VALUES ('5cefa33b-d6f4-4e51-9152-a9bfab27a3fe', 'DOWN-001-1761870889781-8208', '9ea0ea07-240c-4995-8ea2-b2ba088c23da', '05acef32-6861-4a13-90f7-2020085549e0', 'd9731f2c-9618-4323-9ea5-1ef29b4ad0e8', 'Nothing Phone (1)', '871527983811174', '1111', 'Device issue reported', 'Diagnosed: Device issue reported. Software Issues required.', 300, NULL, 90, 'IN_PROGRESS', '3f756df5-9ad9-4365-b6c7-d23f4d4be390', 'c54500dd-f55d-4fcd-aa25-28570335499c', 'c5ea27d8-a13d-4c9a-81c1-7fcc2a953ae1', '2025-09-20 00:34:49.781', '2025-10-31 00:34:49.783', NULL, NULL);
INSERT INTO public.services VALUES ('c52912be-e0b7-4970-8ac9-483c5cbb9deb', 'DOWN-001-1761870889794-3955', '9ea0ea07-240c-4995-8ea2-b2ba088c23da', '05acef32-6861-4a13-90f7-2020085549e0', '36ccda95-33b5-49f4-b9db-c58ed24eb484', 'Nothing Phone (1)', '871527983811174', '1111', 'Device issue reported', 'Diagnosed: Device issue reported. Microphone Repair required.', 500, 569, 150, 'COMPLETED', '3f756df5-9ad9-4365-b6c7-d23f4d4be390', 'c54500dd-f55d-4fcd-aa25-28570335499c', 'c5ea27d8-a13d-4c9a-81c1-7fcc2a953ae1', '2025-10-19 00:34:49.794', '2025-10-31 00:34:49.796', '2025-10-20 00:34:49.794', NULL);
INSERT INTO public.services VALUES ('435a9b3c-7f2e-4eba-bf4a-5ce5fcdcfe96', 'TPT-1761870889823-4850', '00602a84-7572-4eaa-a48c-c85b64fb3044', 'e1bb8dba-82f3-4840-af09-afc6c1b7f3c6', '17caa088-e812-41e1-9491-98e6dfcfe18b', 'Realme Realme 12 Pro+', '960914396212893', 'Pattern Lock', 'Device issue reported', 'Diagnosed: Device issue reported. Screen Protector Installation required.', 100, 424, 0, 'DELIVERED', NULL, 'c54500dd-f55d-4fcd-aa25-28570335499c', 'fd9b3568-c312-41d1-b44e-e70437adc666', '2025-10-06 00:34:49.823', '2025-10-31 00:34:49.825', '2025-10-11 00:34:49.823', '2025-10-14 00:34:49.823');
INSERT INTO public.services VALUES ('928fdb73-2792-4f7e-ac57-cd21aed9c994', 'TPT-1761870889841-8582', '00602a84-7572-4eaa-a48c-c85b64fb3044', 'e1bb8dba-82f3-4840-af09-afc6c1b7f3c6', 'a2ad7756-e124-4df3-b3a6-4c86fb4d5f4f', 'Realme Realme 12 Pro+', '960914396212893', 'Pattern Lock', 'Lines appearing on display', NULL, 2000, NULL, 600, 'PENDING', NULL, 'c54500dd-f55d-4fcd-aa25-28570335499c', 'fd9b3568-c312-41d1-b44e-e70437adc666', '2025-10-08 00:34:49.841', '2025-10-31 00:34:49.844', NULL, NULL);
INSERT INTO public.services VALUES ('28d70911-7d01-4f5e-a9bd-c67f299b8699', 'TPT-1761870889850-3103', '599d4168-f389-42a8-92b8-2252dd9ae302', 'a6e97256-9dba-4616-8fdb-ef2670f2967a', 'bd5e9d40-45aa-4b09-8890-8f334720d65f', 'Nothing Phone (2)', '143186562949230', 'Fingerprint', 'Device issue reported', 'Diagnosed: Device issue reported. General Inspection required.', 200, 150, 0, 'DELIVERED', NULL, 'c54500dd-f55d-4fcd-aa25-28570335499c', 'fd9b3568-c312-41d1-b44e-e70437adc666', '2025-10-01 00:34:49.85', '2025-10-31 00:34:49.852', '2025-10-08 00:34:49.85', '2025-10-09 00:34:49.85');
INSERT INTO public.services VALUES ('e4fba872-b8fd-4900-a240-8a8672157edb', 'TPT-1761870889863-6216', '599d4168-f389-42a8-92b8-2252dd9ae302', 'a6e97256-9dba-4616-8fdb-ef2670f2967a', '08f0dea9-e56c-47b8-b752-3c4b874efaf1', 'Nothing Phone (2)', '143186562949230', 'Fingerprint', 'Device issue reported', 'Diagnosed: Device issue reported. Charging Port Repair required.', 500, NULL, 150, 'IN_PROGRESS', NULL, 'c54500dd-f55d-4fcd-aa25-28570335499c', 'fd9b3568-c312-41d1-b44e-e70437adc666', '2025-10-19 00:34:49.863', '2025-10-31 00:34:49.865', NULL, NULL);
INSERT INTO public.services VALUES ('3dfe95cb-cae4-4697-9714-d4433c88d090', 'TPT-1761870889874-2248', '937a0b92-d76f-44df-9396-62d841d896f5', '42540a05-7513-4f61-85b7-f834db6d47a7', 'fdae4a05-5cfe-46f6-b609-3b9291bc29ed', 'Vivo T2 Pro', '973402417908993', 'Fingerprint', 'Device issue reported', 'Diagnosed: Device issue reported. Data Recovery required.', 500, NULL, 0, 'IN_PROGRESS', NULL, 'c54500dd-f55d-4fcd-aa25-28570335499c', 'fd9b3568-c312-41d1-b44e-e70437adc666', '2025-10-15 00:34:49.874', '2025-10-31 00:34:49.876', NULL, NULL);
INSERT INTO public.services VALUES ('a1329f31-78a4-4a26-abb4-ab33b3c66df0', 'TPT-1761870889890-8223', 'c4449ef3-7c0f-4c7c-b052-1f992c6ca655', '2ba6cc66-5dc3-4f4e-9796-75c5337e4748', 'bd5e9d40-45aa-4b09-8890-8f334720d65f', 'Vivo V29 Pro', '406606284983746', '9999', 'Device issue reported', NULL, 200, NULL, 0, 'PENDING', NULL, 'c54500dd-f55d-4fcd-aa25-28570335499c', 'fd9b3568-c312-41d1-b44e-e70437adc666', '2025-10-26 00:34:49.89', '2025-10-31 00:34:49.892', NULL, NULL);
INSERT INTO public.services VALUES ('9d350bff-b11e-49ea-b08e-f4bd3226c325', 'TPT-1761870889894-7449', 'c4449ef3-7c0f-4c7c-b052-1f992c6ca655', '2ba6cc66-5dc3-4f4e-9796-75c5337e4748', 'a2ad7756-e124-4df3-b3a6-4c86fb4d5f4f', 'Vivo V29 Pro', '406606284983746', '9999', 'Screen cracked after drop', 'Diagnosed: Screen cracked after drop. Display Replacement required.', 2000, NULL, 0, 'WAITING_PARTS', NULL, 'c54500dd-f55d-4fcd-aa25-28570335499c', 'fd9b3568-c312-41d1-b44e-e70437adc666', '2025-09-30 00:34:49.894', '2025-10-31 00:34:49.896', NULL, NULL);
INSERT INTO public.services VALUES ('c250d6ed-aa84-4922-88c1-0cefa6720e11', 'TPT-1761870889883-4993', '937a0b92-d76f-44df-9396-62d841d896f5', '42540a05-7513-4f61-85b7-f834db6d47a7', '93e94209-a158-4173-a563-ef5d388e35b7', 'Vivo T2 Pro', '973402417908993', 'Fingerprint', 'Device issue reported', NULL, 1000, NULL, 300, 'PENDING', NULL, 'c54500dd-f55d-4fcd-aa25-28570335499c', 'fd9b3568-c312-41d1-b44e-e70437adc666', '2025-10-06 00:34:49.883', '2025-10-31 01:01:23.697', NULL, NULL);
INSERT INTO public.services VALUES ('bf96f864-0485-4131-a331-a0b2447582e5', 'TPT-1761870889898-1449', 'c4449ef3-7c0f-4c7c-b052-1f992c6ca655', '2ba6cc66-5dc3-4f4e-9796-75c5337e4748', '394e5552-da42-4a3b-881c-bbde2b736fca', 'Vivo V29 Pro', '406606284983746', '9999', 'Device issue reported', 'Diagnosed: Device issue reported. Screen Replacement required.', 2000, NULL, 0, 'WAITING_PARTS', NULL, 'c54500dd-f55d-4fcd-aa25-28570335499c', 'fd9b3568-c312-41d1-b44e-e70437adc666', '2025-09-05 00:34:49.898', '2025-10-31 00:34:49.899', NULL, NULL);
INSERT INTO public.services VALUES ('e269e47c-9182-49b3-a1ad-635c3c602b7a', 'TPT-1761870889906-7247', 'e3f03b64-4693-4852-895d-26c6a1cf9e5b', '4283dc23-41ef-4ebf-b910-cfbe3f79af19', 'c558571a-3b9f-4c7c-b34c-e002c2cde10e', 'Motorola Edge 40 Neo', '511604666817262', 'Pattern Lock', 'Device issue reported', 'Diagnosed: Device issue reported. Power Button Repair required.', 400, 759, 120, 'DELIVERED', NULL, 'c54500dd-f55d-4fcd-aa25-28570335499c', 'fd9b3568-c312-41d1-b44e-e70437adc666', '2025-10-18 00:34:49.906', '2025-10-31 00:34:49.908', '2025-10-22 00:34:49.906', '2025-10-25 00:34:49.906');
INSERT INTO public.services VALUES ('3badcab6-7a7f-4071-b700-24cd000e535b', 'VPM-1761870889941-2122', '1748bedc-a708-4ab1-8684-23cc94897698', 'b38df285-b74d-4063-8600-907220a5aa23', 'c558571a-3b9f-4c7c-b34c-e002c2cde10e', 'Nothing Phone (1)', '423686128690089', 'Fingerprint', 'Device issue reported', 'Diagnosed: Device issue reported. Power Button Repair required.', 400, NULL, 120, 'IN_PROGRESS', '97f0d703-751c-4747-9a3b-b0d56c5b6825', 'c54500dd-f55d-4fcd-aa25-28570335499c', 'c1a9dfc9-354a-4e71-bde1-5a1ade259bdd', '2025-09-11 00:34:49.941', '2025-10-31 00:34:49.943', NULL, NULL);
INSERT INTO public.services VALUES ('05a39b7e-32a6-4581-a04b-d48a814f1a17', 'VPM-1761870889952-1481', '1748bedc-a708-4ab1-8684-23cc94897698', 'b38df285-b74d-4063-8600-907220a5aa23', '91fb2e91-95ee-41a7-bea3-2b66209a5ea4', 'Nothing Phone (1)', '423686128690089', 'Fingerprint', 'Device issue reported', 'Diagnosed: Device issue reported. Network Issue Fix required.', 500, 721, 0, 'COMPLETED', '97f0d703-751c-4747-9a3b-b0d56c5b6825', 'c54500dd-f55d-4fcd-aa25-28570335499c', 'c1a9dfc9-354a-4e71-bde1-5a1ade259bdd', '2025-09-15 00:34:49.952', '2025-10-31 00:34:49.954', '2025-09-17 00:34:49.952', NULL);
INSERT INTO public.services VALUES ('639adbc6-66fa-4d04-982c-e153a8789b48', 'VPM-1761870889970-4180', '1748bedc-a708-4ab1-8684-23cc94897698', 'b38df285-b74d-4063-8600-907220a5aa23', '6f63c50c-bd87-434f-8643-3ad78524a0d0', 'Nothing Phone (1)', '423686128690089', 'Fingerprint', 'Device issue reported', 'Diagnosed: Device issue reported. Speaker/Mic Repair required.', 600, 606, 0, 'COMPLETED', '97f0d703-751c-4747-9a3b-b0d56c5b6825', 'c54500dd-f55d-4fcd-aa25-28570335499c', 'c1a9dfc9-354a-4e71-bde1-5a1ade259bdd', '2025-09-16 00:34:49.97', '2025-10-31 00:34:49.972', '2025-09-17 00:34:49.97', NULL);
INSERT INTO public.services VALUES ('fd1f1209-b7cc-4a37-bbd9-dca2d6e33e31', 'VPM-1761870889990-7771', '32255246-31da-474d-bf69-91d967d7fdfe', '370fe2e1-9b6f-41d4-bd81-84faffb6627e', '8d91898c-1e8a-45d3-b049-1f4d1518a288', 'Google Pixel 7a', '849670591922429', '1234', 'Device issue reported', 'Diagnosed: Device issue reported. Camera Repair required.', 1200, 1500, 0, 'COMPLETED', '97f0d703-751c-4747-9a3b-b0d56c5b6825', 'c54500dd-f55d-4fcd-aa25-28570335499c', 'c1a9dfc9-354a-4e71-bde1-5a1ade259bdd', '2025-09-19 00:34:49.99', '2025-10-31 00:34:49.991', '2025-09-21 00:34:49.99', NULL);
INSERT INTO public.services VALUES ('dc74d787-e76e-4ee0-94de-5a784b79a726', 'VPM-1761870890008-8818', '32255246-31da-474d-bf69-91d967d7fdfe', '370fe2e1-9b6f-41d4-bd81-84faffb6627e', 'd9731f2c-9618-4323-9ea5-1ef29b4ad0e8', 'Google Pixel 7a', '849670591922429', '1234', 'Device issue reported', 'Diagnosed: Device issue reported. Software Issues required.', 300, 500, 0, 'COMPLETED', '97f0d703-751c-4747-9a3b-b0d56c5b6825', 'c54500dd-f55d-4fcd-aa25-28570335499c', 'c1a9dfc9-354a-4e71-bde1-5a1ade259bdd', '2025-10-29 00:34:50.008', '2025-10-31 00:34:50.01', '2025-11-03 00:34:50.008', NULL);
INSERT INTO public.services VALUES ('6c6f9f57-1ef6-4cf5-a016-d00d501a0891', 'VPM-1761870890029-2812', '32255246-31da-474d-bf69-91d967d7fdfe', '370fe2e1-9b6f-41d4-bd81-84faffb6627e', 'd9731f2c-9618-4323-9ea5-1ef29b4ad0e8', 'Google Pixel 7a', '849670591922429', '1234', 'Device issue reported', 'Diagnosed: Device issue reported. Software Issues required.', 300, 670, 0, 'COMPLETED', '97f0d703-751c-4747-9a3b-b0d56c5b6825', 'c54500dd-f55d-4fcd-aa25-28570335499c', 'c1a9dfc9-354a-4e71-bde1-5a1ade259bdd', '2025-09-07 00:34:50.029', '2025-10-31 00:34:50.031', '2025-09-11 00:34:50.029', NULL);
INSERT INTO public.services VALUES ('12ff36ef-a49d-4425-b0c1-522c2cd890e9', 'VPM-1761870890049-4510', '5d8dbda8-805c-4dcf-818e-62d6c0cc0fe3', '3425eaac-e300-4f4d-a679-927501e5aab4', '56a41693-2f5d-458a-ae4a-9b78d1bb2eda', 'Nokia G42 5G', '215689850269263', 'Pattern Lock', 'Device issue reported', NULL, 800, NULL, 240, 'PENDING', NULL, 'c54500dd-f55d-4fcd-aa25-28570335499c', 'c1a9dfc9-354a-4e71-bde1-5a1ade259bdd', '2025-10-21 00:34:50.049', '2025-10-31 00:34:50.05', NULL, NULL);
INSERT INTO public.services VALUES ('98e3cfac-3633-4402-9941-457b7e8a7207', 'VPM-1761870890074-5497', '7539af7e-0f36-4f8a-87cc-69a8f5d03ad9', '1d9457a6-8b9b-4d30-af6a-0c7edb1e03b0', '93e94209-a158-4173-a563-ef5d388e35b7', 'Vivo V29', '701485968883146', '9999', 'Device issue reported', 'Diagnosed: Device issue reported. Back Panel Replacement required.', 700, 964, 210, 'COMPLETED', '97f0d703-751c-4747-9a3b-b0d56c5b6825', 'c54500dd-f55d-4fcd-aa25-28570335499c', 'c1a9dfc9-354a-4e71-bde1-5a1ade259bdd', '2025-10-22 00:34:50.074', '2025-10-31 00:34:50.076', '2025-10-29 00:34:50.074', NULL);
INSERT INTO public.services VALUES ('00723f50-612f-4f0b-9f34-845c07af3b5b', 'VPM-1761870890096-7632', '7539af7e-0f36-4f8a-87cc-69a8f5d03ad9', '1d9457a6-8b9b-4d30-af6a-0c7edb1e03b0', '6f63c50c-bd87-434f-8643-3ad78524a0d0', 'Vivo V29', '701485968883146', '9999', 'Device issue reported', 'Diagnosed: Device issue reported. Speaker/Mic Repair required.', 600, NULL, 0, 'WAITING_PARTS', '97f0d703-751c-4747-9a3b-b0d56c5b6825', 'c54500dd-f55d-4fcd-aa25-28570335499c', 'c1a9dfc9-354a-4e71-bde1-5a1ade259bdd', '2025-09-13 00:34:50.096', '2025-10-31 00:34:50.098', NULL, NULL);
INSERT INTO public.services VALUES ('b624fae2-5022-4936-92a9-a679cc296839', 'VPM-1761870890123-2439', '7539af7e-0f36-4f8a-87cc-69a8f5d03ad9', 'ca69f384-8690-447c-9792-2e68ed8bf29e', 'd9731f2c-9618-4323-9ea5-1ef29b4ad0e8', 'Realme Realme 11 Pro', '504470301414194', '1234', 'Device issue reported', 'Diagnosed: Device issue reported. Software Issues required.', 300, NULL, 90, 'IN_PROGRESS', '97f0d703-751c-4747-9a3b-b0d56c5b6825', 'c54500dd-f55d-4fcd-aa25-28570335499c', 'c1a9dfc9-354a-4e71-bde1-5a1ade259bdd', '2025-10-02 00:34:50.123', '2025-10-31 00:34:50.125', NULL, NULL);
INSERT INTO public.services VALUES ('2118e5ca-7e7a-4470-ae18-72eb813324d7', 'VPM-1761870890132-4450', 'a34da905-746a-4e4e-9d31-db40361cbd0b', '7b96670c-451c-4ecb-bd76-82cd8d081ebc', '17caa088-e812-41e1-9491-98e6dfcfe18b', 'Realme Realme Narzo 60 Pro', '946100439467666', '1111', 'Device issue reported', NULL, 100, NULL, 0, 'PENDING', NULL, 'c54500dd-f55d-4fcd-aa25-28570335499c', 'c1a9dfc9-354a-4e71-bde1-5a1ade259bdd', '2025-09-04 00:34:50.132', '2025-10-31 00:34:50.133', NULL, NULL);
INSERT INTO public.services VALUES ('fa09afff-d9a7-475b-8805-b102fbb0c12d', 'VPM-1761870890135-4092', 'a34da905-746a-4e4e-9d31-db40361cbd0b', '7b96670c-451c-4ecb-bd76-82cd8d081ebc', '56a41693-2f5d-458a-ae4a-9b78d1bb2eda', 'Realme Realme Narzo 60 Pro', '946100439467666', '1111', 'Device issue reported', 'Diagnosed: Device issue reported. Battery Replacement required.', 800, 1084, 0, 'COMPLETED', '97f0d703-751c-4747-9a3b-b0d56c5b6825', 'c54500dd-f55d-4fcd-aa25-28570335499c', 'c1a9dfc9-354a-4e71-bde1-5a1ade259bdd', '2025-10-26 00:34:50.135', '2025-10-31 00:34:50.137', '2025-10-30 00:34:50.135', NULL);
INSERT INTO public.services VALUES ('65a8c355-c8ba-4b68-98b8-45434fc0da05', 'VPM-1761870890053-6602', '5d8dbda8-805c-4dcf-818e-62d6c0cc0fe3', '3425eaac-e300-4f4d-a679-927501e5aab4', '93e94209-a158-4173-a563-ef5d388e35b7', 'Nokia G42 5G', '215689850269263', 'Pattern Lock', 'Device issue reported', 'Diagnosed: Device issue reported. Back Panel Replacement required.', 1000, 1476, 300, 'COMPLETED', '97f0d703-751c-4747-9a3b-b0d56c5b6825', 'c54500dd-f55d-4fcd-aa25-28570335499c', 'c1a9dfc9-354a-4e71-bde1-5a1ade259bdd', '2025-09-13 00:34:50.053', '2025-10-31 01:01:23.697', '2025-09-19 00:34:50.053', NULL);
INSERT INTO public.services VALUES ('756ac143-6aeb-4f54-aaa0-1e416f008a79', 'VPM-1761870890156-5661', 'bbb7e076-e8fe-42c6-9e8d-38336fafa22b', '7772e2bd-d3bf-4822-8630-bfa3578452a2', 'a2ad7756-e124-4df3-b3a6-4c86fb4d5f4f', 'Nokia G42 5G', '862808595868248', '1111', 'Lines appearing on display', 'Diagnosed: Lines appearing on display. Display Replacement required.', 2000, NULL, 600, 'IN_PROGRESS', '97f0d703-751c-4747-9a3b-b0d56c5b6825', 'c54500dd-f55d-4fcd-aa25-28570335499c', 'c1a9dfc9-354a-4e71-bde1-5a1ade259bdd', '2025-09-23 00:34:50.156', '2025-10-31 00:34:50.158', NULL, NULL);
INSERT INTO public.services VALUES ('c0d88eca-8d4e-426a-8e01-10d8a924310c', 'VPM-1761870890182-7645', 'bbb7e076-e8fe-42c6-9e8d-38336fafa22b', 'dddfca23-d207-42b1-bcc0-0d2774fad0f0', '5b218a08-cd4a-4f86-98c4-067cac492f58', 'Nothing Phone (2)', '517737036223517', '1234', 'Sound distorted during calls', 'Diagnosed: Sound distorted during calls. Speaker Repair required.', 600, NULL, 180, 'WAITING_PARTS', '97f0d703-751c-4747-9a3b-b0d56c5b6825', 'c54500dd-f55d-4fcd-aa25-28570335499c', 'c1a9dfc9-354a-4e71-bde1-5a1ade259bdd', '2025-10-10 00:34:50.182', '2025-10-31 00:34:50.184', NULL, NULL);
INSERT INTO public.services VALUES ('b40709ca-1b23-46c6-b80c-b59d2c765c11', 'VPM-1761870890190-7309', 'c46e19f9-8fc8-467d-b5fe-649b8b7b5595', 'ad5fcfc0-1d0b-4358-a1ad-e4f9b3fcde2b', '09a2ddf2-caba-4172-a125-ffd413e65a3b', 'Motorola Edge 40 Neo', '595578209003242', 'Face ID', 'Device issue reported', 'Diagnosed: Device issue reported. Motherboard Repair required.', 3000, 3085, 900, 'DELIVERED', '97f0d703-751c-4747-9a3b-b0d56c5b6825', 'c54500dd-f55d-4fcd-aa25-28570335499c', 'c1a9dfc9-354a-4e71-bde1-5a1ade259bdd', '2025-09-30 00:34:50.19', '2025-10-31 00:34:50.192', '2025-10-02 00:34:50.19', '2025-10-05 00:34:50.19');
INSERT INTO public.services VALUES ('fff51b14-ae64-4bdd-bf7a-8b6e2ec81e7a', 'VPM-1761870890210-4960', 'c46e19f9-8fc8-467d-b5fe-649b8b7b5595', 'ad5fcfc0-1d0b-4358-a1ad-e4f9b3fcde2b', 'c558571a-3b9f-4c7c-b34c-e002c2cde10e', 'Motorola Edge 40 Neo', '595578209003242', 'Face ID', 'Device issue reported', 'Diagnosed: Device issue reported. Power Button Repair required.', 400, NULL, 120, 'WAITING_PARTS', '97f0d703-751c-4747-9a3b-b0d56c5b6825', 'c54500dd-f55d-4fcd-aa25-28570335499c', 'c1a9dfc9-354a-4e71-bde1-5a1ade259bdd', '2025-09-20 00:34:50.21', '2025-10-31 00:34:50.212', NULL, NULL);
INSERT INTO public.services VALUES ('045adb73-b9b3-4b69-8a78-b36d5ffb10ac', 'VPM-1761870890215-4225', 'c46e19f9-8fc8-467d-b5fe-649b8b7b5595', 'ad5fcfc0-1d0b-4358-a1ad-e4f9b3fcde2b', '6753cabd-5af1-4295-8ffa-c732b310e298', 'Motorola Edge 40 Neo', '595578209003242', 'Face ID', 'Device issue reported', 'Diagnosed: Device issue reported. Network Issue required.', 800, NULL, 0, 'IN_PROGRESS', '97f0d703-751c-4747-9a3b-b0d56c5b6825', 'c54500dd-f55d-4fcd-aa25-28570335499c', 'c1a9dfc9-354a-4e71-bde1-5a1ade259bdd', '2025-10-27 00:34:50.215', '2025-10-31 00:34:50.217', NULL, NULL);
INSERT INTO public.services VALUES ('bb51c44d-79da-45fe-9436-321bb90f1f75', 'VPM-1761870890229-9333', 'c46e19f9-8fc8-467d-b5fe-649b8b7b5595', 'bf6df0df-f8a1-4aa3-aa84-cd47bfb41ad0', 'fdae4a05-5cfe-46f6-b609-3b9291bc29ed', 'iQOO iQOO Z9', '937337293452980', 'Pattern Lock', 'Device issue reported', 'Diagnosed: Device issue reported. Data Recovery required.', 500, 680, 150, 'DELIVERED', '97f0d703-751c-4747-9a3b-b0d56c5b6825', 'c54500dd-f55d-4fcd-aa25-28570335499c', 'c1a9dfc9-354a-4e71-bde1-5a1ade259bdd', '2025-10-03 00:34:50.229', '2025-10-31 00:34:50.231', '2025-10-08 00:34:50.229', '2025-10-10 00:34:50.229');
INSERT INTO public.services VALUES ('6afa61bc-b2bf-4670-aa8a-e538ebf145a7', 'TKV-1761870890289-6281', '2fc82ff5-5066-4194-9b56-0d5a96951295', 'a5569889-af7f-4206-9450-22b84d768e2f', '5b218a08-cd4a-4f86-98c4-067cac492f58', 'Motorola Edge 40 Neo', '970775086633386', '9999', 'Speaker making crackling noise', 'Diagnosed: Speaker making crackling noise. Speaker Repair required.', 600, NULL, 180, 'WAITING_PARTS', '65f0d4f7-3f0c-4c5d-9043-b52e153aaa9b', 'c54500dd-f55d-4fcd-aa25-28570335499c', '85b64dfa-0872-4942-83c3-489358ba6264', '2025-10-07 00:34:50.289', '2025-10-31 00:34:50.291', NULL, NULL);
INSERT INTO public.services VALUES ('790872e7-8658-41c8-9795-c1c702b0838e', 'TKV-1761870890293-2734', '2fc82ff5-5066-4194-9b56-0d5a96951295', 'a5569889-af7f-4206-9450-22b84d768e2f', 'fdae4a05-5cfe-46f6-b609-3b9291bc29ed', 'Motorola Edge 40 Neo', '970775086633386', '9999', 'Device issue reported', NULL, 500, NULL, 150, 'PENDING', NULL, 'c54500dd-f55d-4fcd-aa25-28570335499c', '85b64dfa-0872-4942-83c3-489358ba6264', '2025-10-22 00:34:50.293', '2025-10-31 00:34:50.294', NULL, NULL);
INSERT INTO public.services VALUES ('d06758e9-9fa8-4284-b559-554f38c1c116', 'TKV-1761870890299-9288', '2fc82ff5-5066-4194-9b56-0d5a96951295', '4af1cd56-aed3-4d3e-98eb-857eeffe611b', 'fdae4a05-5cfe-46f6-b609-3b9291bc29ed', 'Oppo A58', '690250926448216', '1234', 'Device issue reported', 'Diagnosed: Device issue reported. Data Recovery required.', 500, 857, 0, 'COMPLETED', '65f0d4f7-3f0c-4c5d-9043-b52e153aaa9b', 'c54500dd-f55d-4fcd-aa25-28570335499c', '85b64dfa-0872-4942-83c3-489358ba6264', '2025-10-30 00:34:50.299', '2025-10-31 00:34:50.3', '2025-11-04 00:34:50.299', NULL);
INSERT INTO public.services VALUES ('338482f5-3bf2-4629-80b2-597467e050c9', 'TKV-1761870890320-3456', '3b4ed103-621f-4266-9b5f-3668b68a48ea', '6cd9fab4-5394-4ced-8d0b-fecf5ce74a11', 'c558571a-3b9f-4c7c-b34c-e002c2cde10e', 'Google Pixel 7a', '745143681545841', '9999', 'Device issue reported', 'Diagnosed: Device issue reported. Power Button Repair required.', 400, NULL, 120, 'WAITING_PARTS', '65f0d4f7-3f0c-4c5d-9043-b52e153aaa9b', 'c54500dd-f55d-4fcd-aa25-28570335499c', '85b64dfa-0872-4942-83c3-489358ba6264', '2025-09-03 00:34:50.32', '2025-10-31 00:34:50.322', NULL, NULL);
INSERT INTO public.services VALUES ('63cf6104-e4ab-43c3-bc5f-af76f2a42f4d', 'TKV-1761870890327-9334', '52e8e6a1-3cab-4a64-bbc6-718185fa9e06', 'cca686bc-fe4c-497b-9d5f-fa780ef369ce', '6753cabd-5af1-4295-8ffa-c732b310e298', 'Vivo Y100', '668218162605926', '9999', 'Device issue reported', 'Diagnosed: Device issue reported. Network Issue required.', 800, NULL, 240, 'WAITING_PARTS', '65f0d4f7-3f0c-4c5d-9043-b52e153aaa9b', 'c54500dd-f55d-4fcd-aa25-28570335499c', '85b64dfa-0872-4942-83c3-489358ba6264', '2025-10-03 00:34:50.327', '2025-10-31 00:34:50.328', NULL, NULL);
INSERT INTO public.services VALUES ('f96b00b9-1068-4404-acaa-14459c28818f', 'TKV-1761870890342-3837', '712fe8e6-9ceb-40f0-8c78-9438739ea7f0', '402011c9-7cf4-43e6-b864-f9792eb503c5', 'c64afb89-a887-41d9-8831-12c09f1ca88c', 'Google Pixel 7 Pro', '339859933946395', 'Pattern Lock', 'Device issue reported', NULL, 400, NULL, 0, 'PENDING', NULL, 'c54500dd-f55d-4fcd-aa25-28570335499c', '85b64dfa-0872-4942-83c3-489358ba6264', '2025-09-05 00:34:50.342', '2025-10-31 00:34:50.344', NULL, NULL);
INSERT INTO public.services VALUES ('9de50385-d29d-43fd-a578-766fcc8c8761', 'TKV-1761870890350-6175', '712fe8e6-9ceb-40f0-8c78-9438739ea7f0', '41c268ea-591a-41ab-a367-2903803089c3', '0077cbe2-ae09-494e-abe5-fef975381216', 'Realme Realme 12', '900200966825336', 'Pattern Lock', 'Apps crashing frequently', NULL, 300, NULL, 0, 'PENDING', NULL, 'c54500dd-f55d-4fcd-aa25-28570335499c', '85b64dfa-0872-4942-83c3-489358ba6264', '2025-09-29 00:34:50.35', '2025-10-31 00:34:50.351', NULL, NULL);
INSERT INTO public.services VALUES ('087ebc4d-fc71-47a0-bd70-f68170802811', 'VPM-1761870890166-4492', 'bbb7e076-e8fe-42c6-9e8d-38336fafa22b', '7772e2bd-d3bf-4822-8630-bfa3578452a2', '08f0dea9-e56c-47b8-b752-3c4b874efaf1', 'Nokia G42 5G', '862808595868248', '1111', 'Phone not charging at all', 'Diagnosed: Phone not charging at all. Charging Port Repair required.', 500, 350, 0, 'COMPLETED', '97f0d703-751c-4747-9a3b-b0d56c5b6825', 'c54500dd-f55d-4fcd-aa25-28570335499c', 'c1a9dfc9-354a-4e71-bde1-5a1ade259bdd', '2025-10-17 00:34:50.166', '2025-10-31 01:01:23.673', '2025-10-22 00:34:50.166', NULL);
INSERT INTO public.services VALUES ('12e3539f-7d02-4da5-98c5-1fe151f1f5f6', 'TKV-1761870890255-4765', '02bd166a-b5e1-475d-91e6-84265a415547', '832ce927-141b-49db-a573-0b02e799329d', '8d91898c-1e8a-45d3-b049-1f4d1518a288', 'Google Pixel 7 Pro', '540094010902787', '1234', 'Front camera not working', 'Diagnosed: Front camera not working. Camera Repair required.', 1500, 1669, 450, 'DELIVERED', '65f0d4f7-3f0c-4c5d-9043-b52e153aaa9b', 'c54500dd-f55d-4fcd-aa25-28570335499c', '85b64dfa-0872-4942-83c3-489358ba6264', '2025-10-28 00:34:50.255', '2025-10-31 01:01:23.681', '2025-11-04 00:34:50.255', '2025-11-06 00:34:50.255');
INSERT INTO public.services VALUES ('a68b47e2-8043-45de-9b8a-c368747d3343', 'TKV-1761870890373-6734', '7e03fa09-8863-44f0-a2ab-8b4d07330249', '557a63df-c3c3-43a4-bbf4-2b80dc77dc7d', '17caa088-e812-41e1-9491-98e6dfcfe18b', 'Samsung Galaxy S24', '729958367545087', '0000', 'Device issue reported', 'Diagnosed: Device issue reported. Screen Protector Installation required.', 100, 373, 30, 'COMPLETED', '65f0d4f7-3f0c-4c5d-9043-b52e153aaa9b', 'c54500dd-f55d-4fcd-aa25-28570335499c', '85b64dfa-0872-4942-83c3-489358ba6264', '2025-09-07 00:34:50.373', '2025-10-31 00:34:50.375', '2025-09-14 00:34:50.373', NULL);
INSERT INTO public.services VALUES ('f788c100-b6e2-4e76-acd9-9b930e5a7bae', 'TKV-1761870890390-7487', '7e03fa09-8863-44f0-a2ab-8b4d07330249', '557a63df-c3c3-43a4-bbf4-2b80dc77dc7d', 'c1c89024-7164-4396-b135-7019945238e6', 'Samsung Galaxy S24', '729958367545087', '0000', 'Device issue reported', 'Diagnosed: Device issue reported. Water Damage Repair required.', 1500, NULL, 0, 'WAITING_PARTS', '65f0d4f7-3f0c-4c5d-9043-b52e153aaa9b', 'c54500dd-f55d-4fcd-aa25-28570335499c', '85b64dfa-0872-4942-83c3-489358ba6264', '2025-10-31 00:34:50.39', '2025-10-31 00:34:50.392', NULL, NULL);
INSERT INTO public.services VALUES ('5492fde3-d0d1-434e-aa45-de55d0b32017', 'GNG-1761870890412-4501', '146f26a6-923c-4845-b7a6-73330ca4f7c0', 'b60d94a5-b185-406e-8404-b69156f8dc99', 'd9731f2c-9618-4323-9ea5-1ef29b4ad0e8', 'Samsung Galaxy S24', '734233049530546', 'Face ID', 'Device issue reported', 'Diagnosed: Device issue reported. Software Issues required.', 300, NULL, 0, 'WAITING_PARTS', 'e4d85aa7-5bc3-4e6f-b027-dc786f855a8b', 'c54500dd-f55d-4fcd-aa25-28570335499c', 'c3f2e56e-3e75-4721-be53-de1e8ef799d8', '2025-09-25 00:34:50.412', '2025-10-31 00:34:50.413', NULL, NULL);
INSERT INTO public.services VALUES ('63f40caa-513d-4873-9359-d9a44e16ab91', 'GNG-1761870890415-1181', '146f26a6-923c-4845-b7a6-73330ca4f7c0', 'b60d94a5-b185-406e-8404-b69156f8dc99', 'd9731f2c-9618-4323-9ea5-1ef29b4ad0e8', 'Samsung Galaxy S24', '734233049530546', 'Face ID', 'Device issue reported', 'Diagnosed: Device issue reported. Software Issues required.', 300, NULL, 0, 'IN_PROGRESS', 'e4d85aa7-5bc3-4e6f-b027-dc786f855a8b', 'c54500dd-f55d-4fcd-aa25-28570335499c', 'c3f2e56e-3e75-4721-be53-de1e8ef799d8', '2025-10-13 00:34:50.415', '2025-10-31 00:34:50.417', NULL, NULL);
INSERT INTO public.services VALUES ('f5323a7d-eaf4-4bc6-a165-b38b02035acb', 'GNG-1761870890431-3801', '146f26a6-923c-4845-b7a6-73330ca4f7c0', '8bcc569f-7637-44da-a497-77d0ce6cd009', '08f0dea9-e56c-47b8-b752-3c4b874efaf1', 'Oppo A58', '998469485056730', 'Face ID', 'Device issue reported', NULL, 500, NULL, 150, 'PENDING', NULL, 'c54500dd-f55d-4fcd-aa25-28570335499c', 'c3f2e56e-3e75-4721-be53-de1e8ef799d8', '2025-10-29 00:34:50.431', '2025-10-31 00:34:50.433', NULL, NULL);
INSERT INTO public.services VALUES ('b1f3ff29-174b-4922-a141-196c2415c66a', 'GNG-1761870890435-1703', '146f26a6-923c-4845-b7a6-73330ca4f7c0', '8bcc569f-7637-44da-a497-77d0ce6cd009', 'fdae4a05-5cfe-46f6-b609-3b9291bc29ed', 'Oppo A58', '998469485056730', 'Face ID', 'Device issue reported', 'Diagnosed: Device issue reported. Data Recovery required.', 500, 498, 0, 'DELIVERED', 'e4d85aa7-5bc3-4e6f-b027-dc786f855a8b', 'c54500dd-f55d-4fcd-aa25-28570335499c', 'c3f2e56e-3e75-4721-be53-de1e8ef799d8', '2025-09-11 00:34:50.435', '2025-10-31 00:34:50.437', '2025-09-15 00:34:50.435', '2025-09-17 00:34:50.435');
INSERT INTO public.services VALUES ('aa9faa67-8015-4768-b02c-1342376044e5', 'GNG-1761870890447-8702', '146f26a6-923c-4845-b7a6-73330ca4f7c0', '8bcc569f-7637-44da-a497-77d0ce6cd009', '394e5552-da42-4a3b-881c-bbde2b736fca', 'Oppo A58', '998469485056730', 'Face ID', 'Device issue reported', 'Diagnosed: Device issue reported. Screen Replacement required.', 2000, 2461, 600, 'COMPLETED', 'e4d85aa7-5bc3-4e6f-b027-dc786f855a8b', 'c54500dd-f55d-4fcd-aa25-28570335499c', 'c3f2e56e-3e75-4721-be53-de1e8ef799d8', '2025-10-02 00:34:50.447', '2025-10-31 00:34:50.448', '2025-10-05 00:34:50.447', NULL);
INSERT INTO public.services VALUES ('c9e45ab6-cc1a-4fcf-980c-fec96512c5a4', 'GNG-1761870890465-2834', '6c1ace44-ab4d-4ba4-a853-c33b20db5085', '19904c78-9b8c-4ac2-bb50-1355c55bc28c', 'bd5e9d40-45aa-4b09-8890-8f334720d65f', 'Xiaomi Redmi Note 13 Pro', '524442281681219', 'Fingerprint', 'Device issue reported', 'Diagnosed: Device issue reported. General Inspection required.', 200, 424, 0, 'COMPLETED', 'e4d85aa7-5bc3-4e6f-b027-dc786f855a8b', 'c54500dd-f55d-4fcd-aa25-28570335499c', 'c3f2e56e-3e75-4721-be53-de1e8ef799d8', '2025-10-19 00:34:50.465', '2025-10-31 00:34:50.467', '2025-10-20 00:34:50.465', NULL);
INSERT INTO public.services VALUES ('af81c781-5158-4ecf-8a01-4a55ef80c348', 'GNG-1761870890494-3359', '6c1ace44-ab4d-4ba4-a853-c33b20db5085', '9f8af92b-c2e2-4678-9e65-10e9b9619fdb', 'c64afb89-a887-41d9-8831-12c09f1ca88c', 'Google Pixel 8 Pro', '634803254505655', 'Pattern Lock', 'Device issue reported', 'Diagnosed: Device issue reported. Button Repair required.', 400, 800, 120, 'COMPLETED', 'e4d85aa7-5bc3-4e6f-b027-dc786f855a8b', 'c54500dd-f55d-4fcd-aa25-28570335499c', 'c3f2e56e-3e75-4721-be53-de1e8ef799d8', '2025-09-29 00:34:50.494', '2025-10-31 00:34:50.495', '2025-10-02 00:34:50.494', NULL);
INSERT INTO public.services VALUES ('6e55a323-0db1-47f8-99f9-aae461b2f2ec', 'GNG-1761870890510-2621', '6c1ace44-ab4d-4ba4-a853-c33b20db5085', '9f8af92b-c2e2-4678-9e65-10e9b9619fdb', 'c64afb89-a887-41d9-8831-12c09f1ca88c', 'Google Pixel 8 Pro', '634803254505655', 'Pattern Lock', 'Device issue reported', 'Diagnosed: Device issue reported. Button Repair required.', 400, NULL, 120, 'WAITING_PARTS', 'e4d85aa7-5bc3-4e6f-b027-dc786f855a8b', 'c54500dd-f55d-4fcd-aa25-28570335499c', 'c3f2e56e-3e75-4721-be53-de1e8ef799d8', '2025-09-18 00:34:50.51', '2025-10-31 00:34:50.512', NULL, NULL);
INSERT INTO public.services VALUES ('79d7bfbe-34aa-4dfd-b29d-d5dbe847d126', 'GNG-1761870890513-3506', '6c1ace44-ab4d-4ba4-a853-c33b20db5085', '9f8af92b-c2e2-4678-9e65-10e9b9619fdb', 'c558571a-3b9f-4c7c-b34c-e002c2cde10e', 'Google Pixel 8 Pro', '634803254505655', 'Pattern Lock', 'Device issue reported', 'Diagnosed: Device issue reported. Power Button Repair required.', 400, NULL, 0, 'WAITING_PARTS', 'e4d85aa7-5bc3-4e6f-b027-dc786f855a8b', 'c54500dd-f55d-4fcd-aa25-28570335499c', 'c3f2e56e-3e75-4721-be53-de1e8ef799d8', '2025-10-27 00:34:50.513', '2025-10-31 00:34:50.515', NULL, NULL);
INSERT INTO public.services VALUES ('13c36b87-0bb9-4f30-9ca9-4b26c70dce28', 'GNG-1761870890520-6161', '732ea050-ba77-465b-834a-d0c85841638a', '7d7d1966-be82-47e0-8c9e-7f14bdb24454', '0077cbe2-ae09-494e-abe5-fef975381216', 'Nokia G22', '665933681093932', 'Pattern Lock', 'Apps crashing frequently', 'Diagnosed: Apps crashing frequently. Software Issue required.', 300, 460, 90, 'DELIVERED', 'e4d85aa7-5bc3-4e6f-b027-dc786f855a8b', 'c54500dd-f55d-4fcd-aa25-28570335499c', 'c3f2e56e-3e75-4721-be53-de1e8ef799d8', '2025-10-16 00:34:50.52', '2025-10-31 00:34:50.522', '2025-10-23 00:34:50.52', '2025-10-25 00:34:50.52');
INSERT INTO public.services VALUES ('a394a70e-e33d-4f0b-94e8-899f91ec9b7a', 'TKV-1761870890397-9274', '838b6b46-3e0f-471e-be69-8688965f6c17', '4ea5bc8d-5480-4bbc-8103-55ef51564269', '08f0dea9-e56c-47b8-b752-3c4b874efaf1', 'Vivo Y56 5G', '184886966735765', '1234', 'Phone not charging at all', 'Diagnosed: Phone not charging at all. Charging Port Repair required.', 500, NULL, 0, 'WAITING_PARTS', '65f0d4f7-3f0c-4c5d-9043-b52e153aaa9b', 'c54500dd-f55d-4fcd-aa25-28570335499c', '85b64dfa-0872-4942-83c3-489358ba6264', '2025-09-16 00:34:50.397', '2025-10-31 01:01:23.673', NULL, NULL);
INSERT INTO public.services VALUES ('6aeac4fa-7d0b-4a3e-8145-0c3f2c129215', 'TKV-1761870890355-1526', '712fe8e6-9ceb-40f0-8c78-9438739ea7f0', '41c268ea-591a-41ab-a367-2903803089c3', '8d91898c-1e8a-45d3-b049-1f4d1518a288', 'Realme Realme 12', '900200966825336', 'Pattern Lock', 'Front camera not working', 'Diagnosed: Front camera not working. Camera Repair required.', 1500, NULL, 450, 'IN_PROGRESS', '65f0d4f7-3f0c-4c5d-9043-b52e153aaa9b', 'c54500dd-f55d-4fcd-aa25-28570335499c', '85b64dfa-0872-4942-83c3-489358ba6264', '2025-09-14 00:34:50.355', '2025-10-31 01:01:23.681', NULL, NULL);
INSERT INTO public.services VALUES ('1dce6efe-5e8b-4c02-8986-5139c4044411', 'TKV-1761870890366-6760', '7e03fa09-8863-44f0-a2ab-8b4d07330249', 'a9e9760f-839c-4876-bc9a-7f3c13486020', 'c1c89024-7164-4396-b135-7019945238e6', 'Apple iPhone 15 Pro', '419157314563929', 'Fingerprint', 'Microphone not working after water damage', 'Diagnosed: Microphone not working after water damage. Water Damage Repair required.', 1200, NULL, 0, 'WAITING_PARTS', '65f0d4f7-3f0c-4c5d-9043-b52e153aaa9b', 'c54500dd-f55d-4fcd-aa25-28570335499c', '85b64dfa-0872-4942-83c3-489358ba6264', '2025-10-28 00:34:50.366', '2025-10-31 01:01:23.689', NULL, NULL);
INSERT INTO public.services VALUES ('9da66f5f-34eb-43a6-93a8-61f2064313bc', 'GNG-1761870890536-6763', '732ea050-ba77-465b-834a-d0c85841638a', '1a88e4bf-84d8-457e-a922-0a85deb3510a', '36ccda95-33b5-49f4-b9db-c58ed24eb484', 'Xiaomi Redmi 12', '330230382055225', 'Face ID', 'Device issue reported', NULL, 500, NULL, 150, 'PENDING', NULL, 'c54500dd-f55d-4fcd-aa25-28570335499c', 'c3f2e56e-3e75-4721-be53-de1e8ef799d8', '2025-09-02 00:34:50.536', '2025-10-31 00:34:50.538', NULL, NULL);
INSERT INTO public.services VALUES ('e5283545-9fa2-4310-92b9-53e917536e2d', 'GNG-1761870890540-7433', '732ea050-ba77-465b-834a-d0c85841638a', '1a88e4bf-84d8-457e-a922-0a85deb3510a', '56a41693-2f5d-458a-ae4a-9b78d1bb2eda', 'Xiaomi Redmi 12', '330230382055225', 'Face ID', 'Device issue reported', 'Diagnosed: Device issue reported. Battery Replacement required.', 800, 1007, 240, 'COMPLETED', 'e4d85aa7-5bc3-4e6f-b027-dc786f855a8b', 'c54500dd-f55d-4fcd-aa25-28570335499c', 'c3f2e56e-3e75-4721-be53-de1e8ef799d8', '2025-10-24 00:34:50.54', '2025-10-31 00:34:50.541', '2025-10-28 00:34:50.54', NULL);
INSERT INTO public.services VALUES ('9767c6d4-64ec-4ce4-8e0c-19bff4ff6bce', 'GNG-1761870890576-6024', '98dcc7c7-1e42-4af3-ae19-30e5b83d1e8f', 'c6b2cd53-8139-4681-9932-4feb5b5e32d2', 'c64afb89-a887-41d9-8831-12c09f1ca88c', 'Google Pixel 7 Pro', '509999449044101', '0000', 'Device issue reported', 'Diagnosed: Device issue reported. Button Repair required.', 400, NULL, 0, 'WAITING_PARTS', 'e4d85aa7-5bc3-4e6f-b027-dc786f855a8b', 'c54500dd-f55d-4fcd-aa25-28570335499c', 'c3f2e56e-3e75-4721-be53-de1e8ef799d8', '2025-09-13 00:34:50.576', '2025-10-31 00:34:50.578', NULL, NULL);
INSERT INTO public.services VALUES ('dde0c0ef-6e4c-402b-be3c-3c2f7d0e07bb', 'GNG-1761870890596-8351', 'e14a02fb-78fa-4eb5-9caf-7a2b44f09515', '053b1919-1dec-4ecc-9fe7-a27dfb77d875', '56a41693-2f5d-458a-ae4a-9b78d1bb2eda', 'Samsung Galaxy S23 Ultra', '442224084369154', '1111', 'Device issue reported', 'Diagnosed: Device issue reported. Battery Replacement required.', 800, NULL, 0, 'WAITING_PARTS', 'e4d85aa7-5bc3-4e6f-b027-dc786f855a8b', 'c54500dd-f55d-4fcd-aa25-28570335499c', 'c3f2e56e-3e75-4721-be53-de1e8ef799d8', '2025-09-18 00:34:50.596', '2025-10-31 00:34:50.598', NULL, NULL);
INSERT INTO public.services VALUES ('89f3afb2-7675-4a53-b0eb-904c67871c07', 'GNG-1761870890605-7918', 'e14a02fb-78fa-4eb5-9caf-7a2b44f09515', '053b1919-1dec-4ecc-9fe7-a27dfb77d875', '56a41693-2f5d-458a-ae4a-9b78d1bb2eda', 'Samsung Galaxy S23 Ultra', '442224084369154', '1111', 'Device issue reported', 'Diagnosed: Device issue reported. Battery Replacement required.', 800, 702, 240, 'COMPLETED', 'e4d85aa7-5bc3-4e6f-b027-dc786f855a8b', 'c54500dd-f55d-4fcd-aa25-28570335499c', 'c3f2e56e-3e75-4721-be53-de1e8ef799d8', '2025-09-12 00:34:50.605', '2025-10-31 00:34:50.607', '2025-09-19 00:34:50.605', NULL);
INSERT INTO public.services VALUES ('cf4a2ae4-3ebb-4be2-b209-fe45ed5c4b18', 'TND-1761870890639-7705', '194a918e-bb14-4fb1-a7b2-1a667f6a7c30', '8db50b66-3467-46c6-953c-d1db05f4b28b', '6f63c50c-bd87-434f-8643-3ad78524a0d0', 'Xiaomi Poco M6 Pro', '312936974673583', '1234', 'Device issue reported', 'Diagnosed: Device issue reported. Speaker/Mic Repair required.', 600, 882, 180, 'COMPLETED', 'b188cab7-f1f1-4749-89f9-8edd08c0883c', 'c54500dd-f55d-4fcd-aa25-28570335499c', '291b0188-2f77-4b8c-8127-22de295e6290', '2025-09-28 00:34:50.639', '2025-10-31 00:34:50.641', '2025-10-04 00:34:50.639', NULL);
INSERT INTO public.services VALUES ('a3d49bb6-12a4-4b0b-bcc1-23890c699a5e', 'TND-1761870890650-1629', '194a918e-bb14-4fb1-a7b2-1a667f6a7c30', '8db50b66-3467-46c6-953c-d1db05f4b28b', 'fdae4a05-5cfe-46f6-b609-3b9291bc29ed', 'Xiaomi Poco M6 Pro', '312936974673583', '1234', 'Device issue reported', 'Diagnosed: Device issue reported. Data Recovery required.', 500, 304, 0, 'DELIVERED', 'b188cab7-f1f1-4749-89f9-8edd08c0883c', 'c54500dd-f55d-4fcd-aa25-28570335499c', '291b0188-2f77-4b8c-8127-22de295e6290', '2025-10-19 00:34:50.65', '2025-10-31 00:34:50.652', '2025-10-22 00:34:50.65', '2025-10-25 00:34:50.65');
INSERT INTO public.services VALUES ('5e10cfcc-0748-4d4a-82cf-2b62e2fa37b9', 'TND-1761870890670-6025', '2b353599-daaa-4c21-b50a-2c82bddb639a', 'fd9b2852-2003-4621-95f5-2aad64c3f01d', '91fb2e91-95ee-41a7-bea3-2b66209a5ea4', 'Realme Realme Narzo 60 Pro', '502182507501654', 'Pattern Lock', 'Device issue reported', 'Diagnosed: Device issue reported. Network Issue Fix required.', 500, 722, 150, 'COMPLETED', 'b188cab7-f1f1-4749-89f9-8edd08c0883c', 'c54500dd-f55d-4fcd-aa25-28570335499c', '291b0188-2f77-4b8c-8127-22de295e6290', '2025-10-10 00:34:50.67', '2025-10-31 00:34:50.672', '2025-10-15 00:34:50.67', NULL);
INSERT INTO public.services VALUES ('273d19c6-1ea3-4e86-9079-b9cb9ba37d03', 'TND-1761870890687-6206', '2b353599-daaa-4c21-b50a-2c82bddb639a', 'fd9b2852-2003-4621-95f5-2aad64c3f01d', '6753cabd-5af1-4295-8ffa-c732b310e298', 'Realme Realme Narzo 60 Pro', '502182507501654', 'Pattern Lock', 'Device issue reported', 'Diagnosed: Device issue reported. Network Issue required.', 800, NULL, 240, 'WAITING_PARTS', 'b188cab7-f1f1-4749-89f9-8edd08c0883c', 'c54500dd-f55d-4fcd-aa25-28570335499c', '291b0188-2f77-4b8c-8127-22de295e6290', '2025-10-13 00:34:50.687', '2025-10-31 00:34:50.689', NULL, NULL);
INSERT INTO public.services VALUES ('7ec3ee18-46d9-4a84-8676-87514bebfd83', 'TND-1761870890695-8558', '3daaf3a1-fc59-448a-b32c-06d03f338abf', 'e2f31787-c7d8-4d92-b745-a8a068903e09', '5b218a08-cd4a-4f86-98c4-067cac492f58', 'Google Pixel 8', '739206216496188', '0000', 'Speaker making crackling noise', NULL, 600, NULL, 0, 'PENDING', NULL, 'c54500dd-f55d-4fcd-aa25-28570335499c', '291b0188-2f77-4b8c-8127-22de295e6290', '2025-09-19 00:34:50.695', '2025-10-31 00:34:50.696', NULL, NULL);
INSERT INTO public.services VALUES ('e7a5b60a-938c-4882-a05f-c73bba791730', 'TND-1761870890703-8313', '3daaf3a1-fc59-448a-b32c-06d03f338abf', 'e1f110a7-7847-47e2-b685-bb15e855af2c', '09a2ddf2-caba-4172-a125-ffd413e65a3b', 'Nothing Phone (2a)', '632232093200710', '1234', 'Device issue reported', NULL, 3000, NULL, 900, 'PENDING', NULL, 'c54500dd-f55d-4fcd-aa25-28570335499c', '291b0188-2f77-4b8c-8127-22de295e6290', '2025-09-20 00:34:50.703', '2025-10-31 00:34:50.704', NULL, NULL);
INSERT INTO public.services VALUES ('b5b06f3e-8180-40a8-869e-1f0f183e972f', 'TND-1761870890706-7304', '3daaf3a1-fc59-448a-b32c-06d03f338abf', 'e1f110a7-7847-47e2-b685-bb15e855af2c', '56a41693-2f5d-458a-ae4a-9b78d1bb2eda', 'Nothing Phone (2a)', '632232093200710', '1234', 'Device issue reported', 'Diagnosed: Device issue reported. Battery Replacement required.', 800, NULL, 240, 'WAITING_PARTS', 'b188cab7-f1f1-4749-89f9-8edd08c0883c', 'c54500dd-f55d-4fcd-aa25-28570335499c', '291b0188-2f77-4b8c-8127-22de295e6290', '2025-09-16 00:34:50.706', '2025-10-31 00:34:50.708', NULL, NULL);
INSERT INTO public.services VALUES ('e77d15f0-2793-435a-aa34-5d08463c77c3', 'TND-1761870890713-6597', '5d0a890f-b777-4bfd-a80b-40103f89dfd8', '21892249-5bd1-438f-81d6-95d3b2577e80', 'fdae4a05-5cfe-46f6-b609-3b9291bc29ed', 'Vivo Y56 5G', '256976924970947', 'Pattern Lock', 'Device issue reported', 'Diagnosed: Device issue reported. Data Recovery required.', 500, NULL, 150, 'IN_PROGRESS', 'b188cab7-f1f1-4749-89f9-8edd08c0883c', 'c54500dd-f55d-4fcd-aa25-28570335499c', '291b0188-2f77-4b8c-8127-22de295e6290', '2025-10-16 00:34:50.713', '2025-10-31 00:34:50.715', NULL, NULL);
INSERT INTO public.services VALUES ('49553ce5-4f60-49e3-b615-56358b9ba12e', 'TND-1761870890635-5926', '194a918e-bb14-4fb1-a7b2-1a667f6a7c30', '8db50b66-3467-46c6-953c-d1db05f4b28b', '08f0dea9-e56c-47b8-b752-3c4b874efaf1', 'Xiaomi Poco M6 Pro', '312936974673583', '1234', 'Charging port loose', NULL, 500, NULL, 0, 'PENDING', NULL, 'c54500dd-f55d-4fcd-aa25-28570335499c', '291b0188-2f77-4b8c-8127-22de295e6290', '2025-10-22 00:34:50.635', '2025-10-31 01:01:23.673', NULL, NULL);
INSERT INTO public.services VALUES ('9b1a1f2c-4d6f-4a0e-bab8-e8af325ccb60', 'GNG-1761870890560-3574', '732ea050-ba77-465b-834a-d0c85841638a', '1a88e4bf-84d8-457e-a922-0a85deb3510a', '8d91898c-1e8a-45d3-b049-1f4d1518a288', 'Xiaomi Redmi 12', '330230382055225', 'Face ID', 'Camera not focusing', 'Diagnosed: Camera not focusing. Camera Repair required.', 1500, NULL, 0, 'IN_PROGRESS', 'e4d85aa7-5bc3-4e6f-b027-dc786f855a8b', 'c54500dd-f55d-4fcd-aa25-28570335499c', 'c3f2e56e-3e75-4721-be53-de1e8ef799d8', '2025-10-29 00:34:50.56', '2025-10-31 01:01:23.681', NULL, NULL);
INSERT INTO public.services VALUES ('8b0ad37d-453c-4766-be25-9b58d4012cfa', 'GNG-1761870890582-1339', '98dcc7c7-1e42-4af3-ae19-30e5b83d1e8f', 'c6b2cd53-8139-4681-9932-4feb5b5e32d2', 'c1c89024-7164-4396-b135-7019945238e6', 'Google Pixel 7 Pro', '509999449044101', '0000', 'Phone not turning on after water exposure', 'Diagnosed: Phone not turning on after water exposure. Water Damage Repair required.', 1200, NULL, 0, 'IN_PROGRESS', 'e4d85aa7-5bc3-4e6f-b027-dc786f855a8b', 'c54500dd-f55d-4fcd-aa25-28570335499c', 'c3f2e56e-3e75-4721-be53-de1e8ef799d8', '2025-10-20 00:34:50.582', '2025-10-31 01:01:23.689', NULL, NULL);
INSERT INTO public.services VALUES ('debd2fb8-cf37-4972-9ab0-015c5a999f99', 'TND-1761870890729-4415', '5d0a890f-b777-4bfd-a80b-40103f89dfd8', '737b5f8b-985d-4b45-9761-ff0071bcc19d', '0077cbe2-ae09-494e-abe5-fef975381216', 'Apple iPhone SE 2022', '591444639875623', 'Pattern Lock', 'Software update stuck', 'Diagnosed: Software update stuck. Software Issue required.', 300, 447, 90, 'COMPLETED', 'b188cab7-f1f1-4749-89f9-8edd08c0883c', 'c54500dd-f55d-4fcd-aa25-28570335499c', '291b0188-2f77-4b8c-8127-22de295e6290', '2025-10-29 00:34:50.729', '2025-10-31 00:34:50.731', '2025-11-05 00:34:50.729', NULL);
INSERT INTO public.services VALUES ('fa0259ef-d0e8-43ca-8cda-e24fb7e1ac39', 'TND-1761870890746-2116', 'ab0344cf-f441-4854-9bc8-a30923a9a9b2', '41bf8eb5-e62b-4db2-aa74-33d1931856d2', '6f63c50c-bd87-434f-8643-3ad78524a0d0', 'Apple iPhone SE 2022', '328819234598966', 'Fingerprint', 'Device issue reported', 'Diagnosed: Device issue reported. Speaker/Mic Repair required.', 600, 501, 180, 'COMPLETED', 'b188cab7-f1f1-4749-89f9-8edd08c0883c', 'c54500dd-f55d-4fcd-aa25-28570335499c', '291b0188-2f77-4b8c-8127-22de295e6290', '2025-09-28 00:34:50.746', '2025-10-31 00:34:50.748', '2025-10-01 00:34:50.746', NULL);
INSERT INTO public.services VALUES ('2c8a7701-ce4d-4a95-8d2d-1cce2dcdf491', 'TND-1761870890761-6237', 'ab0344cf-f441-4854-9bc8-a30923a9a9b2', '41bf8eb5-e62b-4db2-aa74-33d1931856d2', '0077cbe2-ae09-494e-abe5-fef975381216', 'Apple iPhone SE 2022', '328819234598966', 'Fingerprint', 'Software update stuck', NULL, 300, NULL, 0, 'PENDING', NULL, 'c54500dd-f55d-4fcd-aa25-28570335499c', '291b0188-2f77-4b8c-8127-22de295e6290', '2025-09-12 00:34:50.761', '2025-10-31 00:34:50.763', NULL, NULL);
INSERT INTO public.services VALUES ('d006b014-ee22-42c6-bbc4-b5b228859fb8', 'TND-1761870890769-3477', 'ab0344cf-f441-4854-9bc8-a30923a9a9b2', 'f9905c10-c8e6-4270-8995-e7ac348e428e', '91fb2e91-95ee-41a7-bea3-2b66209a5ea4', 'Nothing Phone (1)', '464912315225359', 'Pattern Lock', 'Device issue reported', NULL, 500, NULL, 0, 'PENDING', NULL, 'c54500dd-f55d-4fcd-aa25-28570335499c', '291b0188-2f77-4b8c-8127-22de295e6290', '2025-10-16 00:34:50.769', '2025-10-31 00:34:50.771', NULL, NULL);
INSERT INTO public.services VALUES ('be8e87dd-c946-466a-b1ab-17966691858a', 'TND-1761870890777-3792', 'b8c98370-0ec5-47bc-abcb-73e09bf50b09', 'bdf1fb4c-9c72-4da7-85f3-e43dac64bee2', 'c1c89024-7164-4396-b135-7019945238e6', 'Xiaomi Redmi 12', '737679151683237', 'Face ID', 'Device issue reported', 'Diagnosed: Device issue reported. Water Damage Repair required.', 1500, 1906, 450, 'COMPLETED', 'b188cab7-f1f1-4749-89f9-8edd08c0883c', 'c54500dd-f55d-4fcd-aa25-28570335499c', '291b0188-2f77-4b8c-8127-22de295e6290', '2025-10-03 00:34:50.777', '2025-10-31 00:34:50.779', '2025-10-05 00:34:50.777', NULL);
INSERT INTO public.services VALUES ('d3ee63bc-880c-4649-b2ed-3476eceee080', 'TND-1761870890792-1714', 'b8c98370-0ec5-47bc-abcb-73e09bf50b09', 'bdf1fb4c-9c72-4da7-85f3-e43dac64bee2', '5b218a08-cd4a-4f86-98c4-067cac492f58', 'Xiaomi Redmi 12', '737679151683237', 'Face ID', 'No sound from earpiece', 'Diagnosed: No sound from earpiece. Speaker Repair required.', 600, 1014, 0, 'DELIVERED', 'b188cab7-f1f1-4749-89f9-8edd08c0883c', 'c54500dd-f55d-4fcd-aa25-28570335499c', '291b0188-2f77-4b8c-8127-22de295e6290', '2025-10-15 00:34:50.792', '2025-10-31 00:34:50.794', '2025-10-22 00:34:50.792', '2025-10-23 00:34:50.792');
INSERT INTO public.services VALUES ('1c747020-4a67-43e6-b487-096c92185307', 'DOWN-001-1761870889713-5681', '7d943dbb-e920-4e41-a1db-80effbabc57f', 'cd6e5272-3dce-4dae-a483-889893720ed4', '56a41693-2f5d-458a-ae4a-9b78d1bb2eda', 'Oppo F25 Pro', '414877297586673', '1111', 'Phone shutting down randomly', 'Diagnosed: Phone shutting down randomly. Battery Replacement required.', 800, 880, 240, 'COMPLETED', '3f756df5-9ad9-4365-b6c7-d23f4d4be390', 'c54500dd-f55d-4fcd-aa25-28570335499c', 'c5ea27d8-a13d-4c9a-81c1-7fcc2a953ae1', '2025-10-21 00:34:49.713', '2025-10-31 01:01:23.659', '2025-10-26 00:34:49.713', NULL);
INSERT INTO public.services VALUES ('70e9e326-ae47-4f0b-8b0e-cf60b3aa18d8', 'TKV-1761870890277-6790', '02bd166a-b5e1-475d-91e6-84265a415547', 'e47da619-cce9-4cbc-b75c-6de5d77839a8', '56a41693-2f5d-458a-ae4a-9b78d1bb2eda', 'OnePlus OnePlus 11', '517067904822756', '1111', 'Not charging properly', 'Diagnosed: Not charging properly. Battery Replacement required.', 800, 1122, 0, 'COMPLETED', '65f0d4f7-3f0c-4c5d-9043-b52e153aaa9b', 'c54500dd-f55d-4fcd-aa25-28570335499c', '85b64dfa-0872-4942-83c3-489358ba6264', '2025-09-10 00:34:50.277', '2025-10-31 01:01:23.659', '2025-09-12 00:34:50.277', NULL);
INSERT INTO public.services VALUES ('c191021c-de2a-4b54-b147-301d2719818d', 'TKV-1761870890330-4898', '52e8e6a1-3cab-4a64-bbc6-718185fa9e06', 'cca686bc-fe4c-497b-9d5f-fa780ef369ce', '56a41693-2f5d-458a-ae4a-9b78d1bb2eda', 'Vivo Y100', '668218162605926', '9999', 'Battery draining very fast', 'Diagnosed: Battery draining very fast. Battery Replacement required.', 800, NULL, 0, 'IN_PROGRESS', '65f0d4f7-3f0c-4c5d-9043-b52e153aaa9b', 'c54500dd-f55d-4fcd-aa25-28570335499c', '85b64dfa-0872-4942-83c3-489358ba6264', '2025-10-08 00:34:50.33', '2025-10-31 01:01:23.659', NULL, NULL);
INSERT INTO public.services VALUES ('3fb2005f-b488-4343-8795-2b283860f0dc', 'GNG-1761870890478-3803', '6c1ace44-ab4d-4ba4-a853-c33b20db5085', '19904c78-9b8c-4ac2-bb50-1355c55bc28c', '56a41693-2f5d-458a-ae4a-9b78d1bb2eda', 'Xiaomi Redmi Note 13 Pro', '524442281681219', 'Fingerprint', 'Battery draining very fast', 'Diagnosed: Battery draining very fast. Battery Replacement required.', 800, NULL, 240, 'IN_PROGRESS', 'e4d85aa7-5bc3-4e6f-b027-dc786f855a8b', 'c54500dd-f55d-4fcd-aa25-28570335499c', 'c3f2e56e-3e75-4721-be53-de1e8ef799d8', '2025-09-06 00:34:50.478', '2025-10-31 01:01:23.659', NULL, NULL);
INSERT INTO public.services VALUES ('4d0ef5da-af11-43f0-beb6-e29eb053151c', 'GNG-1761870890599-7320', 'e14a02fb-78fa-4eb5-9caf-7a2b44f09515', '053b1919-1dec-4ecc-9fe7-a27dfb77d875', '56a41693-2f5d-458a-ae4a-9b78d1bb2eda', 'Samsung Galaxy S23 Ultra', '442224084369154', '1111', 'Phone shutting down randomly', 'Diagnosed: Phone shutting down randomly. Battery Replacement required.', 800, NULL, 240, 'WAITING_PARTS', 'e4d85aa7-5bc3-4e6f-b027-dc786f855a8b', 'c54500dd-f55d-4fcd-aa25-28570335499c', 'c3f2e56e-3e75-4721-be53-de1e8ef799d8', '2025-09-11 00:34:50.599', '2025-10-31 01:01:23.659', NULL, NULL);
INSERT INTO public.services VALUES ('5541794e-2afa-47d2-a410-8e25e21b1697', 'MAIN-001-1761870889523-3982', '4051d0c0-c0a2-44c6-b0b0-34f51955b1b4', '0a3098de-662d-4abf-b1f6-640fcc192b8f', '08f0dea9-e56c-47b8-b752-3c4b874efaf1', 'Google Pixel 7a', '204499275264496', '1234', 'Phone not charging at all', 'Diagnosed: Phone not charging at all. Charging Port Repair required.', 500, 831, 150, 'DELIVERED', '127e88cf-e475-443b-99b4-574b1d4db788', 'c54500dd-f55d-4fcd-aa25-28570335499c', '96143ebf-24e9-43b6-900b-7cda5f9d0f64', '2025-09-04 00:34:49.523', '2025-10-31 01:01:23.673', '2025-09-05 00:34:49.523', '2025-09-08 00:34:49.523');
INSERT INTO public.services VALUES ('7f24ef4e-8963-491d-951b-ac476497355b', 'VPM-1761870890105-5622', '7539af7e-0f36-4f8a-87cc-69a8f5d03ad9', 'ca69f384-8690-447c-9792-2e68ed8bf29e', 'c1c89024-7164-4396-b135-7019945238e6', 'Realme Realme 11 Pro', '504470301414194', '1234', 'Phone fell in water', 'Diagnosed: Phone fell in water. Water Damage Repair required.', 1200, 1449, 360, 'DELIVERED', '97f0d703-751c-4747-9a3b-b0d56c5b6825', 'c54500dd-f55d-4fcd-aa25-28570335499c', 'c1a9dfc9-354a-4e71-bde1-5a1ade259bdd', '2025-09-05 00:34:50.105', '2025-10-31 01:01:23.689', '2025-09-10 00:34:50.105', '2025-09-13 00:34:50.105');
INSERT INTO public.services VALUES ('82d6e82b-3664-450b-8ddc-12cd6f317e4b', 'VPM-1761870890153-3163', 'bbb7e076-e8fe-42c6-9e8d-38336fafa22b', '7772e2bd-d3bf-4822-8630-bfa3578452a2', 'c1c89024-7164-4396-b135-7019945238e6', 'Nokia G42 5G', '862808595868248', '1111', 'Microphone not working after water damage', NULL, 1200, NULL, 0, 'PENDING', NULL, 'c54500dd-f55d-4fcd-aa25-28570335499c', 'c1a9dfc9-354a-4e71-bde1-5a1ade259bdd', '2025-10-28 00:34:50.153', '2025-10-31 01:01:23.689', NULL, NULL);
INSERT INTO public.services VALUES ('392f45e8-7ac9-4d1c-9886-04a3c3ae1811', 'TND-1761870890723-4575', '5d0a890f-b777-4bfd-a80b-40103f89dfd8', '21892249-5bd1-438f-81d6-95d3b2577e80', '93e94209-a158-4173-a563-ef5d388e35b7', 'Vivo Y56 5G', '256976924970947', 'Pattern Lock', 'Device issue reported', NULL, 1000, NULL, 300, 'PENDING', NULL, 'c54500dd-f55d-4fcd-aa25-28570335499c', '291b0188-2f77-4b8c-8127-22de295e6290', '2025-09-02 00:34:50.723', '2025-10-31 01:01:23.697', NULL, NULL);
INSERT INTO public.services VALUES ('069b4b54-1025-43fa-b8eb-cc154a68b1e3', 'SRV-VPM-20251031-001', 'f3435a1f-3c01-4569-b785-a461ddcfdc8b', '2eef0822-5210-4c67-a8f2-801177c8b3c0', '56a41693-2f5d-458a-ae4a-9b78d1bb2eda', 'Motorola G54 5G', '', NULL, 'dfsafdsfsdf fdsda sd dsdsafsf sd f', '', 800, NULL, 0, 'WAITING_PARTS', NULL, 'c54500dd-f55d-4fcd-aa25-28570335499c', 'c1a9dfc9-354a-4e71-bde1-5a1ade259bdd', '2025-10-31 01:25:22.179', '2025-10-31 02:01:51.047', NULL, NULL);
INSERT INTO public.services VALUES ('1120de55-a803-472e-8156-a6f1486bf2c0', 'SRV-VPM-20251031-002', 'bbb7e076-e8fe-42c6-9e8d-38336fafa22b', 'dddfca23-d207-42b1-bcc0-0d2774fad0f0', '8d91898c-1e8a-45d3-b049-1f4d1518a288', 'Nothing Phone (2)', '517737036223517', NULL, 'fgds sdf gdfg dfsgs dgdfs gdfg df gsdfg', '', 1200, NULL, 1000, 'IN_PROGRESS', NULL, 'c54500dd-f55d-4fcd-aa25-28570335499c', 'c1a9dfc9-354a-4e71-bde1-5a1ade259bdd', '2025-10-31 07:04:21.2', '2025-10-31 07:04:55.747', NULL, NULL);


--
-- Data for Name: themes; Type: TABLE DATA; Schema: public; Owner: postgres
--

INSERT INTO public.themes VALUES ('24750274-db2b-4f80-a448-15cd92131e64', 'Professional Blue', 'Default professional theme with blue accents for invoices and estimates', '#2563EB', '#3B82F6', '#1E40AF', '#FFFFFF', 'Helvetica', 10, NULL, true, true, 'Payment is due within 30 days. Late payments may incur additional charges. All sales are final unless otherwise stated.', 'Thank you for your business!', true, true, 'c54500dd-f55d-4fcd-aa25-28570335499c', NULL, 'd90ff1ab-163c-41b5-ab0f-5eba96adb3e1', '2025-11-05 15:43:57.451', '2025-11-05 15:43:57.451');
INSERT INTO public.themes VALUES ('afdede33-f6e2-4e12-9aca-14a8121c8d46', 'Modern Red', 'Bold and energetic theme with red tones - great for making an impact', '#DC2626', '#EF4444', '#991B1B', '#FFFFFF', 'Helvetica', 10, NULL, true, true, 'Payment is due within 30 days. Late payments may incur additional charges. All sales are final unless otherwise stated. Goods once sold cannot be returned or exchanged.', 'Thank you for your business! We appreciate your trust in our services.', false, true, 'c54500dd-f55d-4fcd-aa25-28570335499c', NULL, 'd90ff1ab-163c-41b5-ab0f-5eba96adb3e1', '2025-11-05 16:10:23.376', '2025-11-05 16:10:23.376');
INSERT INTO public.themes VALUES ('2dcbdf55-b4b0-40c5-bd63-06a26abaa779', 'Classic Green', 'Traditional and trustworthy theme with green colors - ideal for financial documents', '#059669', '#10B981', '#047857', '#FFFFFF', 'Helvetica', 10, NULL, true, true, 'Payment is due within 30 days. Late payments may incur additional charges. All sales are final unless otherwise stated. Goods once sold cannot be returned or exchanged.', 'Thank you for your business! We appreciate your trust in our services.', false, true, 'c54500dd-f55d-4fcd-aa25-28570335499c', NULL, 'd90ff1ab-163c-41b5-ab0f-5eba96adb3e1', '2025-11-05 16:10:23.447', '2025-11-05 16:10:23.447');
INSERT INTO public.themes VALUES ('e9f0f0e8-5911-4904-a398-e94ecefeaaf2', 'Elegant Purple', 'Creative and premium theme with purple accents - perfect for luxury services', '#7C3AED', '#8B5CF6', '#5B21B6', '#FFFFFF', 'Helvetica', 10, NULL, true, true, 'Payment is due within 30 days. Late payments may incur additional charges. All sales are final unless otherwise stated. Goods once sold cannot be returned or exchanged.', 'Thank you for your business! We appreciate your trust in our services.', false, true, 'c54500dd-f55d-4fcd-aa25-28570335499c', NULL, 'd90ff1ab-163c-41b5-ab0f-5eba96adb3e1', '2025-11-05 16:10:23.457', '2025-11-05 16:10:23.457');
INSERT INTO public.themes VALUES ('7b9bd9d7-19e2-4b4b-932f-0a0aedcf4483', 'Minimalist Black', 'Clean and modern theme with black tones - sophisticated and timeless', '#1F2937', '#374151', '#111827', '#FFFFFF', 'Helvetica', 10, NULL, true, true, 'Payment is due within 30 days. Late payments may incur additional charges. All sales are final unless otherwise stated. Goods once sold cannot be returned or exchanged.', 'Thank you for your business! We appreciate your trust in our services.', false, true, 'c54500dd-f55d-4fcd-aa25-28570335499c', NULL, 'd90ff1ab-163c-41b5-ab0f-5eba96adb3e1', '2025-11-05 16:10:23.464', '2025-11-05 16:10:23.464');
INSERT INTO public.themes VALUES ('6cef394f-fcce-40fe-8e96-3beb51b250f4', 'Warm Orange', 'Friendly and approachable theme with orange colors - great for service businesses', '#EA580C', '#F97316', '#C2410C', '#FFFFFF', 'Helvetica', 10, NULL, true, true, 'Payment is due within 30 days. Late payments may incur additional charges. All sales are final unless otherwise stated. Goods once sold cannot be returned or exchanged.', 'Thank you for your business! We appreciate your trust in our services.', false, true, 'c54500dd-f55d-4fcd-aa25-28570335499c', NULL, 'd90ff1ab-163c-41b5-ab0f-5eba96adb3e1', '2025-11-05 16:10:23.47', '2025-11-05 16:10:23.47');
INSERT INTO public.themes VALUES ('c2a18ba6-37a8-4390-874e-6f6e3fc186fc', 'Royal Indigo', 'Distinguished and elegant theme with indigo tones - perfect for premium brands', '#4F46E5', '#6366F1', '#3730A3', '#FFFFFF', 'Helvetica', 10, NULL, true, true, 'Payment is due within 30 days. Late payments may incur additional charges. All sales are final unless otherwise stated. Goods once sold cannot be returned or exchanged.', 'Thank you for your business! We appreciate your trust in our services.', false, true, 'c54500dd-f55d-4fcd-aa25-28570335499c', NULL, 'd90ff1ab-163c-41b5-ab0f-5eba96adb3e1', '2025-11-05 16:10:23.477', '2025-11-05 16:10:23.477');
INSERT INTO public.themes VALUES ('3e604cf8-5e10-4660-ba89-514c6a6ff69d', 'Fresh Teal', 'Modern and refreshing theme with teal colors - ideal for tech and creative services', '#0D9488', '#14B8A6', '#0F766E', '#FFFFFF', 'Helvetica', 10, NULL, true, true, 'Payment is due within 30 days. Late payments may incur additional charges. All sales are final unless otherwise stated. Goods once sold cannot be returned or exchanged.', 'Thank you for your business! We appreciate your trust in our services.', false, true, 'c54500dd-f55d-4fcd-aa25-28570335499c', NULL, 'd90ff1ab-163c-41b5-ab0f-5eba96adb3e1', '2025-11-05 16:10:23.483', '2025-11-05 16:10:23.483');


--
-- Data for Name: estimates; Type: TABLE DATA; Schema: public; Owner: postgres
--

INSERT INTO public.estimates VALUES ('ea7dfb2b-940a-4b4c-bda1-ae7fa700f7f9', 'EST-VPM-1002', '937a0b92-d76f-44df-9396-62d841d896f5', NULL, 'EXPIRED', 3500, 630, 4130, '2025-11-02 14:50:25.475', 'Original parts with 1 year warranty. Free installation included.', NULL, 'c54500dd-f55d-4fcd-aa25-28570335499c', 'c1a9dfc9-354a-4e71-bde1-5a1ade259bdd', 'b188cab7-f1f1-4749-89f9-8edd08c0883c', '2025-09-30 16:50:25.475', NULL, NULL, '2025-09-30 14:50:25.475', '2025-11-05 15:00:09.928', NULL);
INSERT INTO public.estimates VALUES ('ac6fe415-5509-42b0-a323-bf2398e0b1bd', 'EST-VPM-1003', 'fa5fe094-2b8e-4865-930d-c44fa4468644', NULL, 'SENT', 750, 135, 885, '2025-11-19 14:50:25.487', 'Original parts with 1 year warranty. Free installation included.', NULL, 'c54500dd-f55d-4fcd-aa25-28570335499c', 'c1a9dfc9-354a-4e71-bde1-5a1ade259bdd', 'b188cab7-f1f1-4749-89f9-8edd08c0883c', '2025-09-23 16:50:25.487', NULL, NULL, '2025-09-23 14:50:25.487', '2025-11-05 15:00:09.928', NULL);
INSERT INTO public.estimates VALUES ('00e3c899-b191-4e6c-8eb2-ae12d1cfbed0', 'EST-VPM-1004', '937a0b92-d76f-44df-9396-62d841d896f5', NULL, 'APPROVED', 4600, 828, 5428, '2025-11-14 14:50:25.499', 'Premium quality replacement. 6 months warranty on parts and labor.', NULL, 'c54500dd-f55d-4fcd-aa25-28570335499c', 'c1a9dfc9-354a-4e71-bde1-5a1ade259bdd', '97f0d703-751c-4747-9a3b-b0d56c5b6825', '2025-09-25 16:50:25.499', '2025-09-26 16:50:25.499', NULL, '2025-09-25 14:50:25.499', '2025-11-05 15:00:09.928', NULL);
INSERT INTO public.estimates VALUES ('ae604316-a95f-4edf-b7e5-6319717f914f', 'EST-VPM-1005', '937a0b92-d76f-44df-9396-62d841d896f5', NULL, 'REJECTED', 2000, 360, 2360, '2025-11-15 14:50:25.507', 'All services include free device cleaning and inspection.', NULL, 'c54500dd-f55d-4fcd-aa25-28570335499c', 'c1a9dfc9-354a-4e71-bde1-5a1ade259bdd', '127e88cf-e475-443b-99b4-574b1d4db788', '2025-10-14 16:50:25.507', NULL, NULL, '2025-10-14 14:50:25.507', '2025-11-05 15:00:09.928', NULL);
INSERT INTO public.estimates VALUES ('a939dca6-cc7b-4646-9b63-6f1d2bb673cc', 'EST-VPM-1006', '00602a84-7572-4eaa-a48c-c85b64fb3044', NULL, 'SENT', 2800, 504, 3304, '2025-11-17 14:50:25.515', 'Original parts with 1 year warranty. Free installation included.', NULL, 'c54500dd-f55d-4fcd-aa25-28570335499c', 'c1a9dfc9-354a-4e71-bde1-5a1ade259bdd', '65f0d4f7-3f0c-4c5d-9043-b52e153aaa9b', '2025-10-12 16:50:25.515', NULL, NULL, '2025-10-12 14:50:25.515', '2025-11-05 15:00:09.928', NULL);
INSERT INTO public.estimates VALUES ('b78014bc-12b1-4ce0-85eb-e2fca892218c', 'EST-VPM-1007', '3a84cbdc-b91f-432b-a596-528e776e5a16', NULL, 'DRAFT', 1800, 324, 2124, '2025-11-24 14:50:25.524', 'Compatible parts with 90 days warranty. Installation charges included.', NULL, 'c54500dd-f55d-4fcd-aa25-28570335499c', 'c1a9dfc9-354a-4e71-bde1-5a1ade259bdd', 'b188cab7-f1f1-4749-89f9-8edd08c0883c', NULL, NULL, NULL, '2025-10-08 14:50:25.524', '2025-11-05 15:00:09.928', NULL);
INSERT INTO public.estimates VALUES ('3f805782-de81-457d-b413-d983304ed651', 'EST-VPM-1008', 'b2e6d1d6-0d9f-494d-a8d6-5b9c9dd296ab', NULL, 'DRAFT', 4250, 765, 5015, '2025-11-16 14:50:25.53', 'Premium quality replacement. 6 months warranty on parts and labor.', NULL, 'c54500dd-f55d-4fcd-aa25-28570335499c', 'c1a9dfc9-354a-4e71-bde1-5a1ade259bdd', '97f0d703-751c-4747-9a3b-b0d56c5b6825', NULL, NULL, NULL, '2025-10-12 14:50:25.53', '2025-11-05 15:00:09.928', NULL);
INSERT INTO public.estimates VALUES ('dbbd0f4f-eaa5-4fb5-8f18-4fd19a6cc525', 'EST-VPM-1009', '599d4168-f389-42a8-92b8-2252dd9ae302', NULL, 'DRAFT', 2600, 468, 3068, '2025-11-17 14:50:25.537', 'Compatible parts with 90 days warranty. Installation charges included.', NULL, 'c54500dd-f55d-4fcd-aa25-28570335499c', 'c1a9dfc9-354a-4e71-bde1-5a1ade259bdd', '65f0d4f7-3f0c-4c5d-9043-b52e153aaa9b', NULL, NULL, NULL, '2025-10-12 14:50:25.537', '2025-11-05 15:00:09.928', NULL);
INSERT INTO public.estimates VALUES ('bf6e917f-2da7-47d2-b412-f7dd26ecf66d', 'EST-VPM-1010', '5e7b40cc-2b1d-4e35-8450-f23aafb141ee', NULL, 'APPROVED', 2600, 468, 3068, '2025-11-23 14:50:25.542', 'Premium quality replacement. 6 months warranty on parts and labor.', NULL, 'c54500dd-f55d-4fcd-aa25-28570335499c', 'c1a9dfc9-354a-4e71-bde1-5a1ade259bdd', 'b188cab7-f1f1-4749-89f9-8edd08c0883c', '2025-10-09 16:50:25.542', '2025-10-10 16:50:25.542', NULL, '2025-10-09 14:50:25.542', '2025-11-05 15:00:09.928', NULL);
INSERT INTO public.estimates VALUES ('18d90410-2ea0-4e04-ac65-f44c54105a9f', 'EST-VPM-1011', '5e7b40cc-2b1d-4e35-8450-f23aafb141ee', NULL, 'CONVERTED', 300, 54, 354, '2025-11-12 14:50:25.548', 'Express service available. Same day completion possible.', NULL, 'c54500dd-f55d-4fcd-aa25-28570335499c', 'c1a9dfc9-354a-4e71-bde1-5a1ade259bdd', '65f0d4f7-3f0c-4c5d-9043-b52e153aaa9b', '2025-10-18 16:50:25.548', '2025-10-19 16:50:25.548', '2025-10-20 04:50:25.548', '2025-10-18 14:50:25.548', '2025-11-05 15:00:09.928', NULL);
INSERT INTO public.estimates VALUES ('f2910c26-a609-460c-ab6f-990955e5e5b6', 'EST-VPM-1012', '00602a84-7572-4eaa-a48c-c85b64fb3044', NULL, 'CONVERTED', 2800, 504, 3304, '2025-11-19 14:50:25.552', 'All services include free device cleaning and inspection.', NULL, 'c54500dd-f55d-4fcd-aa25-28570335499c', 'c1a9dfc9-354a-4e71-bde1-5a1ade259bdd', 'b188cab7-f1f1-4749-89f9-8edd08c0883c', '2025-10-22 16:50:25.552', '2025-10-23 16:50:25.552', '2025-10-24 04:50:25.552', '2025-10-22 14:50:25.552', '2025-11-05 15:00:09.928', NULL);
INSERT INTO public.estimates VALUES ('68520914-111e-4fa6-8be0-b49b1f3c51dd', 'EST-VPM-1013', 'e3f03b64-4693-4852-895d-26c6a1cf9e5b', NULL, 'SENT', 500, 90, 590, '2025-11-19 14:50:25.558', 'Compatible parts with 90 days warranty. Installation charges included.', NULL, 'c54500dd-f55d-4fcd-aa25-28570335499c', 'c1a9dfc9-354a-4e71-bde1-5a1ade259bdd', '65f0d4f7-3f0c-4c5d-9043-b52e153aaa9b', '2025-10-19 16:50:25.558', NULL, NULL, '2025-10-19 14:50:25.558', '2025-11-05 15:00:09.928', NULL);
INSERT INTO public.estimates VALUES ('67764141-3311-4f62-8a36-df34f6771610', 'EST-VPM-1014', '937a0b92-d76f-44df-9396-62d841d896f5', NULL, 'SENT', 400, 72, 472, '2025-11-10 14:50:25.563', 'Original parts with 1 year warranty. Free installation included.', NULL, 'c54500dd-f55d-4fcd-aa25-28570335499c', 'c1a9dfc9-354a-4e71-bde1-5a1ade259bdd', '97f0d703-751c-4747-9a3b-b0d56c5b6825', '2025-09-24 16:50:25.563', NULL, NULL, '2025-09-24 14:50:25.563', '2025-11-05 15:00:09.928', NULL);
INSERT INTO public.estimates VALUES ('3e4efab6-271f-4379-8e4c-3135bb7a470a', 'EST-VPM-1015', '5e7b40cc-2b1d-4e35-8450-f23aafb141ee', NULL, 'APPROVED', 2600, 468, 3068, '2025-11-20 14:50:25.567', 'All services include free device cleaning and inspection.', NULL, 'c54500dd-f55d-4fcd-aa25-28570335499c', 'c1a9dfc9-354a-4e71-bde1-5a1ade259bdd', 'b188cab7-f1f1-4749-89f9-8edd08c0883c', '2025-10-31 16:50:25.567', '2025-11-01 16:50:25.567', NULL, '2025-10-31 14:50:25.567', '2025-11-05 15:00:09.928', NULL);
INSERT INTO public.estimates VALUES ('9f4460a9-ec8b-41a9-81fb-6234d5150e72', 'EST-VPM-1016', 'fa5fe094-2b8e-4865-930d-c44fa4468644', NULL, 'DRAFT', 1800, 324, 2124, '2025-11-15 14:50:25.572', 'Original parts with 1 year warranty. Free installation included.', NULL, 'c54500dd-f55d-4fcd-aa25-28570335499c', 'c1a9dfc9-354a-4e71-bde1-5a1ade259bdd', 'b188cab7-f1f1-4749-89f9-8edd08c0883c', NULL, NULL, NULL, '2025-10-14 14:50:25.572', '2025-11-05 15:00:09.928', NULL);
INSERT INTO public.estimates VALUES ('4be5f9c0-f880-4c04-a6a3-8e30c680b79a', 'EST-VPM-1017', 'c4449ef3-7c0f-4c7c-b052-1f992c6ca655', NULL, 'CONVERTED', 4350, 783, 5133, '2025-11-22 14:50:25.579', 'Compatible parts with 90 days warranty. Installation charges included.', NULL, 'c54500dd-f55d-4fcd-aa25-28570335499c', 'c1a9dfc9-354a-4e71-bde1-5a1ade259bdd', '65f0d4f7-3f0c-4c5d-9043-b52e153aaa9b', '2025-10-27 16:50:25.578', '2025-10-28 16:50:25.578', '2025-10-29 04:50:25.578', '2025-10-27 14:50:25.578', '2025-11-05 15:00:09.928', NULL);
INSERT INTO public.estimates VALUES ('88183b6a-e3eb-4f2e-b0d6-816773cb86d4', 'EST-VPM-1018', '00602a84-7572-4eaa-a48c-c85b64fb3044', NULL, 'EXPIRED', 800, 144, 944, '2025-11-05 14:50:25.585', 'All services include free device cleaning and inspection.', NULL, 'c54500dd-f55d-4fcd-aa25-28570335499c', 'c1a9dfc9-354a-4e71-bde1-5a1ade259bdd', '65f0d4f7-3f0c-4c5d-9043-b52e153aaa9b', '2025-09-23 16:50:25.585', NULL, NULL, '2025-09-23 14:50:25.585', '2025-11-05 15:00:09.928', NULL);
INSERT INTO public.estimates VALUES ('bfe5c4e7-5a90-4faf-bcec-d31c8be72ac5', 'EST-VPM-1019', '937a0b92-d76f-44df-9396-62d841d896f5', NULL, 'SENT', 800, 144, 944, '2025-11-19 14:50:25.591', 'Original parts with 1 year warranty. Free installation included.', NULL, 'c54500dd-f55d-4fcd-aa25-28570335499c', 'c1a9dfc9-354a-4e71-bde1-5a1ade259bdd', 'b188cab7-f1f1-4749-89f9-8edd08c0883c', '2025-10-22 16:50:25.591', NULL, NULL, '2025-10-22 14:50:25.591', '2025-11-05 15:00:09.928', NULL);
INSERT INTO public.estimates VALUES ('db16c694-4e1b-488e-a196-b3e9651492e5', 'EST-VPM-1001', '5e7b40cc-2b1d-4e35-8450-f23aafb141ee', NULL, 'CONVERTED', 1850, 333, 2183, '2025-11-23 14:50:25.427', 'Premium quality replacement. 6 months warranty on parts and labor.', NULL, 'c54500dd-f55d-4fcd-aa25-28570335499c', 'c1a9dfc9-354a-4e71-bde1-5a1ade259bdd', 'b188cab7-f1f1-4749-89f9-8edd08c0883c', '2025-11-05 16:50:25.426', '2025-11-06 16:50:25.426', '2025-11-05 15:04:19.675', '2025-11-05 14:50:25.426', '2025-11-05 15:04:19.677', NULL);
INSERT INTO public.estimates VALUES ('12d49469-d580-4724-9a6e-1944f3ed01d3', 'EST-VPM-1020', 'ea2e59ed-9f3b-4c77-a25f-28c24deccd86', NULL, 'CONVERTED', 600, 108, 708, '2025-11-18 14:50:25.597', 'All parts are original and come with 6 months warranty.', NULL, 'c54500dd-f55d-4fcd-aa25-28570335499c', 'c1a9dfc9-354a-4e71-bde1-5a1ade259bdd', '65f0d4f7-3f0c-4c5d-9043-b52e153aaa9b', '2025-10-19 16:50:25.597', '2025-10-20 16:50:25.597', '2025-10-21 04:50:25.597', '2025-10-19 14:50:25.597', '2025-11-05 15:00:09.928', NULL);
INSERT INTO public.estimates VALUES ('3e42b3c4-1eff-4a84-a1f4-817548f7cbba', 'EST-VPM-1021', '937a0b92-d76f-44df-9396-62d841d896f5', NULL, 'CONVERTED', 250, 45, 295, '2025-11-10 14:50:25.605', 'All parts are original and come with 6 months warranty.', NULL, 'c54500dd-f55d-4fcd-aa25-28570335499c', 'c1a9dfc9-354a-4e71-bde1-5a1ade259bdd', '127e88cf-e475-443b-99b4-574b1d4db788', '2025-10-06 16:50:25.605', '2025-10-07 16:50:25.605', '2025-10-08 04:50:25.605', '2025-10-06 14:50:25.605', '2025-11-05 15:00:09.928', NULL);
INSERT INTO public.estimates VALUES ('a554b488-4454-49c3-bdac-f5bb303d41ca', 'EST-VPM-1022', 'b2e6d1d6-0d9f-494d-a8d6-5b9c9dd296ab', NULL, 'DRAFT', 5800, 1044, 6844, '2025-11-14 14:50:25.611', 'Premium quality replacement. 6 months warranty on parts and labor.', NULL, 'c54500dd-f55d-4fcd-aa25-28570335499c', 'c1a9dfc9-354a-4e71-bde1-5a1ade259bdd', '97f0d703-751c-4747-9a3b-b0d56c5b6825', NULL, NULL, NULL, '2025-11-05 14:50:25.611', '2025-11-05 15:00:09.928', NULL);
INSERT INTO public.estimates VALUES ('3e8db681-c86c-440f-8591-58e15ec4a128', 'EST-VPM-1023', '937a0b92-d76f-44df-9396-62d841d896f5', NULL, 'APPROVED', 800, 144, 944, '2025-11-16 14:50:25.618', 'Original parts with 1 year warranty. Free installation included.', NULL, 'c54500dd-f55d-4fcd-aa25-28570335499c', 'c1a9dfc9-354a-4e71-bde1-5a1ade259bdd', '127e88cf-e475-443b-99b4-574b1d4db788', '2025-10-18 16:50:25.618', '2025-10-19 16:50:25.618', NULL, '2025-10-18 14:50:25.618', '2025-11-05 15:00:09.928', NULL);
INSERT INTO public.estimates VALUES ('6ccf6716-fdc0-42ac-ac9a-9cbdaac338e3', 'EST-VPM-1024', '599d4168-f389-42a8-92b8-2252dd9ae302', NULL, 'EXPIRED', 3050, 549, 3599, '2025-11-04 14:50:25.628', 'Compatible parts with 90 days warranty. Installation charges included.', NULL, 'c54500dd-f55d-4fcd-aa25-28570335499c', 'c1a9dfc9-354a-4e71-bde1-5a1ade259bdd', 'b188cab7-f1f1-4749-89f9-8edd08c0883c', '2025-10-28 16:50:25.628', NULL, NULL, '2025-10-28 14:50:25.628', '2025-11-05 15:00:09.928', NULL);
INSERT INTO public.estimates VALUES ('6fe3706a-7af7-4564-9adf-0b6ad297c7f2', 'EST-VPM-1025', 'fa5fe094-2b8e-4865-930d-c44fa4468644', NULL, 'CONVERTED', 2950, 531, 3481, '2025-11-15 14:50:25.637', 'All services include free device cleaning and inspection.', NULL, 'c54500dd-f55d-4fcd-aa25-28570335499c', 'c1a9dfc9-354a-4e71-bde1-5a1ade259bdd', '127e88cf-e475-443b-99b4-574b1d4db788', '2025-11-05 16:50:25.637', '2025-11-06 16:50:25.637', '2025-11-07 04:50:25.637', '2025-11-05 14:50:25.637', '2025-11-05 15:00:09.928', NULL);


--
-- Data for Name: estimate_items; Type: TABLE DATA; Schema: public; Owner: postgres
--

INSERT INTO public.estimate_items VALUES ('deecb788-949a-4165-850d-15c3cfacad31', 'db16c694-4e1b-488e-a196-b3e9651492e5', 'Loud Speaker Replacement', 1, 500, 500, '2025-11-05 14:50:25.43');
INSERT INTO public.estimate_items VALUES ('fe64dc20-d42a-4f19-adff-313f58ecf2a3', 'db16c694-4e1b-488e-a196-b3e9651492e5', 'Earpiece Speaker Replacement', 1, 400, 400, '2025-11-05 14:50:25.43');
INSERT INTO public.estimate_items VALUES ('d502d6e2-ce35-464b-bce9-d3747fb473c5', 'db16c694-4e1b-488e-a196-b3e9651492e5', 'Both Speakers Replacement', 1, 850, 850, '2025-11-05 14:50:25.43');
INSERT INTO public.estimate_items VALUES ('b3c69f0b-3c3b-429c-a868-72329fb4cd00', 'db16c694-4e1b-488e-a196-b3e9651492e5', 'Tempered Glass Screen Protector', 1, 100, 100, '2025-11-05 14:50:25.43');
INSERT INTO public.estimate_items VALUES ('9677864c-4a48-4c52-83b0-4d6fd4821511', 'ea7dfb2b-940a-4b4c-bda1-ae7fa700f7f9', 'Logic Board Cleaning & Repair', 1, 3500, 3500, '2025-11-05 14:50:25.477');
INSERT INTO public.estimate_items VALUES ('0cfec091-fbaa-4e13-98f2-233b42c0e8f8', 'ac6fe415-5509-42b0-a323-bf2398e0b1bd', 'Earpiece Speaker Replacement', 1, 400, 400, '2025-11-05 14:50:25.49');
INSERT INTO public.estimate_items VALUES ('e9bfc48a-2c1c-43c9-a186-559563644c76', 'ac6fe415-5509-42b0-a323-bf2398e0b1bd', '20W Fast Charger', 1, 350, 350, '2025-11-05 14:50:25.49');
INSERT INTO public.estimate_items VALUES ('574da089-c4dd-47f1-bedf-cf7dd57a2ab0', '00e3c899-b191-4e6c-8eb2-ae12d1cfbed0', 'Redmi Note 10 Battery', 1, 800, 800, '2025-11-05 14:50:25.501');
INSERT INTO public.estimate_items VALUES ('6c8456ac-bb06-4f82-abb5-20c4862d1d8e', '00e3c899-b191-4e6c-8eb2-ae12d1cfbed0', 'iPhone 12 Battery Replacement', 1, 2000, 2000, '2025-11-05 14:50:25.501');
INSERT INTO public.estimate_items VALUES ('d45c6083-9a41-4fce-b5eb-8fa04abb48f0', '00e3c899-b191-4e6c-8eb2-ae12d1cfbed0', 'iPhone 11 Battery Replacement', 1, 1800, 1800, '2025-11-05 14:50:25.501');
INSERT INTO public.estimate_items VALUES ('7e892f46-f5ed-4e29-8380-c9f4452eea3b', 'ae604316-a95f-4edf-b7e5-6319717f914f', 'Software Update & Optimization', 1, 500, 500, '2025-11-05 14:50:25.509');
INSERT INTO public.estimate_items VALUES ('fc994297-7821-4ac4-a3b3-e45a5ee8a45e', 'ae604316-a95f-4edf-b7e5-6319717f914f', 'Data Recovery Service', 1, 1500, 1500, '2025-11-05 14:50:25.509');
INSERT INTO public.estimate_items VALUES ('bf580314-1d58-4519-a803-535d7ba038b2', 'a939dca6-cc7b-4646-9b63-6f1d2bb673cc', 'Software Update & Optimization', 1, 500, 500, '2025-11-05 14:50:25.517');
INSERT INTO public.estimate_items VALUES ('f5ea722d-0e61-4271-a4d2-7499e5675940', 'a939dca6-cc7b-4646-9b63-6f1d2bb673cc', 'Virus Removal & Security Setup', 1, 800, 800, '2025-11-05 14:50:25.517');
INSERT INTO public.estimate_items VALUES ('1ea42bc3-da28-469f-bf58-7da02da6c254', 'a939dca6-cc7b-4646-9b63-6f1d2bb673cc', 'Data Recovery Service', 1, 1500, 1500, '2025-11-05 14:50:25.517');
INSERT INTO public.estimate_items VALUES ('9dea3600-80a9-4110-9090-9288d4a83753', 'b78014bc-12b1-4ce0-85eb-e2fca892218c', 'Charging IC Repair', 1, 1200, 1200, '2025-11-05 14:50:25.525');
INSERT INTO public.estimate_items VALUES ('458dbb49-7c2e-4fd8-a628-92e3a623b718', 'b78014bc-12b1-4ce0-85eb-e2fca892218c', 'USB-C Port Module Replacement', 1, 600, 600, '2025-11-05 14:50:25.525');
INSERT INTO public.estimate_items VALUES ('ebcf2227-d66e-4220-8bbb-cb81865743fc', '3f805782-de81-457d-b413-d983304ed651', 'Logic Board Cleaning & Repair', 1, 3500, 3500, '2025-11-05 14:50:25.532');
INSERT INTO public.estimate_items VALUES ('400e426a-c1ba-43cb-b86f-f354a86b52df', '3f805782-de81-457d-b413-d983304ed651', 'Water Damage Inspection', 1, 500, 500, '2025-11-05 14:50:25.532');
INSERT INTO public.estimate_items VALUES ('5db0084a-e6ca-4400-b1cf-c0ad7ea50045', '3f805782-de81-457d-b413-d983304ed651', 'USB-C Cable (1m)', 1, 250, 250, '2025-11-05 14:50:25.532');
INSERT INTO public.estimate_items VALUES ('aed268ef-831b-4763-a81d-dbf96f58a71f', 'dbbd0f4f-eaa5-4fb5-8f18-4fd19a6cc525', 'USB-C Port Module Replacement', 1, 600, 600, '2025-11-05 14:50:25.538');
INSERT INTO public.estimate_items VALUES ('d5eeec3f-e31b-4745-9f68-66b1cc69fdc1', 'dbbd0f4f-eaa5-4fb5-8f18-4fd19a6cc525', 'Charging IC Repair', 1, 1200, 1200, '2025-11-05 14:50:25.538');
INSERT INTO public.estimate_items VALUES ('d4b4b9e6-bb64-4408-a256-db8430eea411', 'dbbd0f4f-eaa5-4fb5-8f18-4fd19a6cc525', 'Charging Port Replacement', 1, 800, 800, '2025-11-05 14:50:25.538');
INSERT INTO public.estimate_items VALUES ('5de60434-5a4e-47a5-9651-20e7c05a3bf0', 'bf6e917f-2da7-47d2-b412-f7dd26ecf66d', 'USB-C Port Module Replacement', 1, 600, 600, '2025-11-05 14:50:25.543');
INSERT INTO public.estimate_items VALUES ('7c934046-bc58-4e8b-aa77-4b659c016cdf', 'bf6e917f-2da7-47d2-b412-f7dd26ecf66d', 'Charging Port Replacement', 1, 800, 800, '2025-11-05 14:50:25.543');
INSERT INTO public.estimate_items VALUES ('a484c459-c87d-4019-8154-8387ab9ca204', 'bf6e917f-2da7-47d2-b412-f7dd26ecf66d', 'Charging IC Repair', 1, 1200, 1200, '2025-11-05 14:50:25.543');
INSERT INTO public.estimate_items VALUES ('120afe75-cdb4-45a2-8ed2-fead9e07be2c', '18d90410-2ea0-4e04-ac65-f44c54105a9f', 'Lightning Cable (1m)', 1, 300, 300, '2025-11-05 14:50:25.549');
INSERT INTO public.estimate_items VALUES ('44546483-6cba-4592-8546-b213a01a7890', 'f2910c26-a609-460c-ab6f-990955e5e5b6', 'Software Update & Optimization', 1, 500, 500, '2025-11-05 14:50:25.554');
INSERT INTO public.estimate_items VALUES ('8fe6fa15-831a-46be-a013-78d13cdfcda6', 'f2910c26-a609-460c-ab6f-990955e5e5b6', 'Data Recovery Service', 1, 1500, 1500, '2025-11-05 14:50:25.554');
INSERT INTO public.estimate_items VALUES ('7f62b5d1-da26-418f-b6ac-eb87e7058fed', 'f2910c26-a609-460c-ab6f-990955e5e5b6', 'Virus Removal & Security Setup', 1, 800, 800, '2025-11-05 14:50:25.554');
INSERT INTO public.estimate_items VALUES ('39bcd3a7-0c55-4d09-9f0f-62ae5175359a', '68520914-111e-4fa6-8be0-b49b1f3c51dd', 'USB-C Cable (1m)', 1, 250, 250, '2025-11-05 14:50:25.559');
INSERT INTO public.estimate_items VALUES ('bca7b998-d575-4d81-a689-c14a58f1b28e', '68520914-111e-4fa6-8be0-b49b1f3c51dd', 'Premium Silicone Case', 1, 250, 250, '2025-11-05 14:50:25.559');
INSERT INTO public.estimate_items VALUES ('71ece627-fd25-4097-9a9d-6b626f135a61', '67764141-3311-4f62-8a36-df34f6771610', 'Earpiece Speaker Replacement', 1, 400, 400, '2025-11-05 14:50:25.564');
INSERT INTO public.estimate_items VALUES ('37c252de-65cd-48c7-9961-5f051ab9b7bb', '3e4efab6-271f-4379-8e4c-3135bb7a470a', 'Charging Port Replacement', 1, 800, 800, '2025-11-05 14:50:25.568');
INSERT INTO public.estimate_items VALUES ('ed90bfcb-1b47-4cf6-86c5-d8693ddc9105', '3e4efab6-271f-4379-8e4c-3135bb7a470a', 'USB-C Port Module Replacement', 1, 600, 600, '2025-11-05 14:50:25.568');
INSERT INTO public.estimate_items VALUES ('6eed6b5c-d34c-4434-9b75-6bcd4bb82287', '3e4efab6-271f-4379-8e4c-3135bb7a470a', 'Charging IC Repair', 1, 1200, 1200, '2025-11-05 14:50:25.568');
INSERT INTO public.estimate_items VALUES ('27974d38-5474-41d2-a026-cf4e93a9134c', '9f4460a9-ec8b-41a9-81fb-6234d5150e72', 'Data Recovery Service', 1, 1500, 1500, '2025-11-05 14:50:25.573');
INSERT INTO public.estimate_items VALUES ('f5441d59-a07e-4efa-9fed-9eae95df64e9', '9f4460a9-ec8b-41a9-81fb-6234d5150e72', 'Lightning Cable (1m)', 1, 300, 300, '2025-11-05 14:50:25.573');
INSERT INTO public.estimate_items VALUES ('64a4ff4a-f1d4-444f-a759-686e0f3277ad', '4be5f9c0-f880-4c04-a6a3-8e30c680b79a', 'Redmi Note 10 Battery', 1, 800, 800, '2025-11-05 14:50:25.58');
INSERT INTO public.estimate_items VALUES ('e12dd815-c8b2-4600-87c1-596c8177d72e', '4be5f9c0-f880-4c04-a6a3-8e30c680b79a', 'Samsung Battery + Installation', 1, 1500, 1500, '2025-11-05 14:50:25.58');
INSERT INTO public.estimate_items VALUES ('bcc25ffb-64fc-4854-83a2-7a2bb500d4ba', '4be5f9c0-f880-4c04-a6a3-8e30c680b79a', 'iPhone 11 Battery Replacement', 1, 1800, 1800, '2025-11-05 14:50:25.58');
INSERT INTO public.estimate_items VALUES ('80bdb14f-ac9c-4b64-8d62-faafe2f8d8ca', '4be5f9c0-f880-4c04-a6a3-8e30c680b79a', 'USB-C Cable (1m)', 1, 250, 250, '2025-11-05 14:50:25.58');
INSERT INTO public.estimate_items VALUES ('083add32-e333-4b23-9adb-9cb92e71634d', '88183b6a-e3eb-4f2e-b0d6-816773cb86d4', 'Virus Removal & Security Setup', 1, 800, 800, '2025-11-05 14:50:25.587');
INSERT INTO public.estimate_items VALUES ('9d8f9822-0e6d-4ce4-93c3-4786b1e32831', 'bfe5c4e7-5a90-4faf-bcec-d31c8be72ac5', 'Redmi Note 10 Battery', 1, 800, 800, '2025-11-05 14:50:25.592');
INSERT INTO public.estimate_items VALUES ('1d0ce72e-020a-444a-83c4-8f8c6587bfaf', '12d49469-d580-4724-9a6e-1944f3ed01d3', 'Camera Glass Replacement', 1, 300, 300, '2025-11-05 14:50:25.598');
INSERT INTO public.estimate_items VALUES ('d40981d8-af11-49e4-a159-6702c6aa4fb6', '12d49469-d580-4724-9a6e-1944f3ed01d3', 'Lightning Cable (1m)', 1, 300, 300, '2025-11-05 14:50:25.598');
INSERT INTO public.estimate_items VALUES ('4e7e68c6-cde3-4303-81d7-327858df766f', '3e42b3c4-1eff-4a84-a1f4-817548f7cbba', 'USB-C Cable (1m)', 1, 250, 250, '2025-11-05 14:50:25.606');
INSERT INTO public.estimate_items VALUES ('8a679743-ddc3-486f-abab-a9d85955211a', 'a554b488-4454-49c3-bdac-f5bb303d41ca', 'Complete Water Damage Treatment', 1, 5000, 5000, '2025-11-05 14:50:25.612');
INSERT INTO public.estimate_items VALUES ('06a38ee7-bd07-4348-9986-97544de9e87e', 'a554b488-4454-49c3-bdac-f5bb303d41ca', 'Water Damage Inspection', 1, 500, 500, '2025-11-05 14:50:25.612');
INSERT INTO public.estimate_items VALUES ('03bf9267-1c64-49b8-93c0-d9374ffdf93b', 'a554b488-4454-49c3-bdac-f5bb303d41ca', 'Lightning Cable (1m)', 1, 300, 300, '2025-11-05 14:50:25.612');
INSERT INTO public.estimate_items VALUES ('303dfc83-b4c5-43b5-a306-ad9950920307', '3e8db681-c86c-440f-8591-58e15ec4a128', 'Virus Removal & Security Setup', 1, 800, 800, '2025-11-05 14:50:25.619');
INSERT INTO public.estimate_items VALUES ('22beff57-ec17-4dbb-9c8d-df7fc244594c', '6ccf6716-fdc0-42ac-ac9a-9cbdaac338e3', 'Software Update & Optimization', 1, 500, 500, '2025-11-05 14:50:25.629');
INSERT INTO public.estimate_items VALUES ('56dd3e09-77dc-405d-85ca-3d1f808856d8', '6ccf6716-fdc0-42ac-ac9a-9cbdaac338e3', 'Data Recovery Service', 1, 1500, 1500, '2025-11-05 14:50:25.629');
INSERT INTO public.estimate_items VALUES ('abde4d45-10ab-4e26-a6bf-d80f73ca77d4', '6ccf6716-fdc0-42ac-ac9a-9cbdaac338e3', 'Virus Removal & Security Setup', 1, 800, 800, '2025-11-05 14:50:25.629');
INSERT INTO public.estimate_items VALUES ('3826955c-a122-4163-9c4f-85ccb4b6df87', '6ccf6716-fdc0-42ac-ac9a-9cbdaac338e3', 'USB-C Cable (1m)', 1, 250, 250, '2025-11-05 14:50:25.629');
INSERT INTO public.estimate_items VALUES ('8577466c-2df2-418c-8699-34916bb6fe35', '6fe3706a-7af7-4564-9adf-0b6ad297c7f2', 'Charging Port Replacement', 1, 800, 800, '2025-11-05 14:50:25.638');
INSERT INTO public.estimate_items VALUES ('faab6b39-e0d1-4e9c-bb50-953bea42b473', '6fe3706a-7af7-4564-9adf-0b6ad297c7f2', 'Charging IC Repair', 1, 1200, 1200, '2025-11-05 14:50:25.638');
INSERT INTO public.estimate_items VALUES ('b739d52b-713b-4b9e-bde4-92391704a600', '6fe3706a-7af7-4564-9adf-0b6ad297c7f2', 'USB-C Port Module Replacement', 1, 600, 600, '2025-11-05 14:50:25.638');
INSERT INTO public.estimate_items VALUES ('aa8fcac7-7df8-48f8-a5a8-d5774821d5c0', '6fe3706a-7af7-4564-9adf-0b6ad297c7f2', '20W Fast Charger', 1, 350, 350, '2025-11-05 14:50:25.638');


--
-- Data for Name: expense_categories; Type: TABLE DATA; Schema: public; Owner: postgres
--

INSERT INTO public.expense_categories VALUES ('0baab919-f06f-4e3e-b211-604d18149b7b', 'Rent', 'RENT', 'Shop/office rent expenses', true, 'c54500dd-f55d-4fcd-aa25-28570335499c', '2025-10-31 00:18:04.935', '2025-10-31 00:18:04.935');
INSERT INTO public.expense_categories VALUES ('0a2fbe97-eedb-4a4d-9a51-f4787caf3ff0', 'Electricity', 'ELECTRICITY', 'Electricity bill payments', true, 'c54500dd-f55d-4fcd-aa25-28570335499c', '2025-10-31 00:18:04.943', '2025-10-31 00:18:04.943');
INSERT INTO public.expense_categories VALUES ('fbe9eaad-4b23-4d80-a575-1972225bfc96', 'Water', 'WATER', 'Water bill payments', true, 'c54500dd-f55d-4fcd-aa25-28570335499c', '2025-10-31 00:18:04.949', '2025-10-31 00:18:04.949');
INSERT INTO public.expense_categories VALUES ('855c97f9-1921-4e89-abe0-8eeab83569a8', 'Internet', 'INTERNET', 'Internet and telecom expenses', true, 'c54500dd-f55d-4fcd-aa25-28570335499c', '2025-10-31 00:18:04.953', '2025-10-31 00:18:04.953');
INSERT INTO public.expense_categories VALUES ('5fa9011e-1ebb-48cd-8707-df67883fffe1', 'Salary', 'SALARY', 'Employee salary payments', true, 'c54500dd-f55d-4fcd-aa25-28570335499c', '2025-10-31 00:18:04.956', '2025-10-31 00:18:04.956');
INSERT INTO public.expense_categories VALUES ('376d2698-91ce-43a8-ae09-3f83b600ca8c', 'Office Supplies', 'OFFICE_SUPPLIES', 'Stationery and office supplies', true, 'c54500dd-f55d-4fcd-aa25-28570335499c', '2025-10-31 00:18:04.96', '2025-10-31 00:18:04.96');
INSERT INTO public.expense_categories VALUES ('572f7432-409e-44de-8508-2ff8af1f0be6', 'Maintenance', 'MAINTENANCE', 'Equipment and shop maintenance', true, 'c54500dd-f55d-4fcd-aa25-28570335499c', '2025-10-31 00:18:04.966', '2025-10-31 00:18:04.966');
INSERT INTO public.expense_categories VALUES ('5880193a-3fa1-4206-acd7-447b5043b6b9', 'Transportation', 'TRANSPORT', 'Transportation and delivery costs', true, 'c54500dd-f55d-4fcd-aa25-28570335499c', '2025-10-31 00:18:04.97', '2025-10-31 00:18:04.97');
INSERT INTO public.expense_categories VALUES ('d167ba52-8789-4608-8864-0370fb32e9e3', 'Marketing', 'MARKETING', 'Marketing and advertising expenses', true, 'c54500dd-f55d-4fcd-aa25-28570335499c', '2025-10-31 00:18:04.974', '2025-10-31 00:18:04.974');
INSERT INTO public.expense_categories VALUES ('c6590bd6-f349-4cc1-b76c-57073b175295', 'Insurance', 'INSURANCE', 'Insurance premiums', true, 'c54500dd-f55d-4fcd-aa25-28570335499c', '2025-10-31 00:18:04.978', '2025-10-31 00:18:04.978');
INSERT INTO public.expense_categories VALUES ('84a20644-c8d5-41e9-85b3-3eb45d9677f7', 'Professional Fees', 'PROFESSIONAL', 'Accountant, legal fees', true, 'c54500dd-f55d-4fcd-aa25-28570335499c', '2025-10-31 00:18:04.983', '2025-10-31 00:18:04.983');
INSERT INTO public.expense_categories VALUES ('40b38957-1a32-49f4-8610-6cc00cc6a2bf', 'Tools & Equipment', 'TOOLS', 'Repair tools and equipment', true, 'c54500dd-f55d-4fcd-aa25-28570335499c', '2025-10-31 00:18:04.987', '2025-10-31 00:18:04.987');
INSERT INTO public.expense_categories VALUES ('81742f97-d89d-4f6c-bfac-f95411a6d704', 'Refreshments', 'REFRESHMENTS', 'Tea, coffee, snacks for staff', true, 'c54500dd-f55d-4fcd-aa25-28570335499c', '2025-10-31 00:18:04.991', '2025-10-31 00:18:04.991');
INSERT INTO public.expense_categories VALUES ('c5a5c325-0b1e-4a1b-828a-8cd419ef628f', 'Cleaning', 'CLEANING', 'Cleaning and housekeeping', true, 'c54500dd-f55d-4fcd-aa25-28570335499c', '2025-10-31 00:18:04.996', '2025-10-31 00:18:04.996');
INSERT INTO public.expense_categories VALUES ('2549c089-011e-4f7d-b914-4d82b98e5291', 'Miscellaneous', 'MISC', 'Other miscellaneous expenses', true, 'c54500dd-f55d-4fcd-aa25-28570335499c', '2025-10-31 00:18:05.001', '2025-10-31 00:18:05.001');


--
-- Data for Name: expenses; Type: TABLE DATA; Schema: public; Owner: postgres
--

INSERT INTO public.expenses VALUES ('3fd92c68-479a-4658-9dad-c5138c10369d', 'EXP-MAIN-001-1761871334825-0', '96143ebf-24e9-43b6-900b-7cda5f9d0f64', '0baab919-f06f-4e3e-b211-604d18149b7b', 20762.00, '2025-10-25 00:42:14.821', 'Monthly shop rent payment', 'BILL-10305', 'Tamil Nadu Real Estate', NULL, NULL, 'c05796e4-8a67-4530-a475-9e3648084b6e', 'c54500dd-f55d-4fcd-aa25-28570335499c', '2025-10-31 00:42:14.828', '2025-10-31 00:42:14.828');
INSERT INTO public.expenses VALUES ('216a418e-680e-4d19-8800-2fefdd8b3202', 'EXP-MAIN-001-1761871334847-1', '96143ebf-24e9-43b6-900b-7cda5f9d0f64', '0baab919-f06f-4e3e-b211-604d18149b7b', 17444.00, '2025-10-20 00:42:14.847', 'Monthly shop rent payment', 'BILL-72528', 'Sri Krishna Properties', NULL, NULL, 'c05796e4-8a67-4530-a475-9e3648084b6e', 'c54500dd-f55d-4fcd-aa25-28570335499c', '2025-10-31 00:42:14.849', '2025-10-31 00:42:14.849');
INSERT INTO public.expenses VALUES ('85d7a1bf-fd73-4b7b-913d-58f41404c553', 'EXP-MAIN-001-1761871334852-2', '96143ebf-24e9-43b6-900b-7cda5f9d0f64', '0baab919-f06f-4e3e-b211-604d18149b7b', 16729.00, '2025-09-11 00:42:14.852', 'Monthly shop rent payment', 'BILL-38623', 'Tamil Nadu Real Estate', NULL, NULL, 'c05796e4-8a67-4530-a475-9e3648084b6e', 'c54500dd-f55d-4fcd-aa25-28570335499c', '2025-10-31 00:42:14.854', '2025-10-31 00:42:14.854');
INSERT INTO public.expenses VALUES ('8e8a7286-0416-4e08-b74c-57f18532af26', 'EXP-MAIN-001-1761871334858-3', '96143ebf-24e9-43b6-900b-7cda5f9d0f64', '0a2fbe97-eedb-4a4d-9a51-f4787caf3ff0', 4606.00, '2025-10-09 00:42:14.858', 'Electricity bill payment', 'BILL-82689', 'TNEB', NULL, NULL, 'c05796e4-8a67-4530-a475-9e3648084b6e', 'c54500dd-f55d-4fcd-aa25-28570335499c', '2025-10-31 00:42:14.859', '2025-10-31 00:42:14.859');
INSERT INTO public.expenses VALUES ('898816e2-2a09-4315-9b9c-8a935931ebd8', 'EXP-MAIN-001-1761871334863-4', '96143ebf-24e9-43b6-900b-7cda5f9d0f64', '0a2fbe97-eedb-4a4d-9a51-f4787caf3ff0', 4625.00, '2025-09-29 00:42:14.863', 'Electricity bill payment', NULL, 'TNEB', NULL, NULL, 'c05796e4-8a67-4530-a475-9e3648084b6e', 'c54500dd-f55d-4fcd-aa25-28570335499c', '2025-10-31 00:42:14.866', '2025-10-31 00:42:14.866');
INSERT INTO public.expenses VALUES ('4bad6e2b-a1ad-4af7-8b30-e0814e9d2702', 'EXP-MAIN-001-1761871334868-5', '96143ebf-24e9-43b6-900b-7cda5f9d0f64', 'fbe9eaad-4b23-4d80-a575-1972225bfc96', 465.00, '2025-10-17 00:42:14.868', 'Water bill payment', NULL, 'Municipal Water Supply', NULL, NULL, 'c05796e4-8a67-4530-a475-9e3648084b6e', 'c54500dd-f55d-4fcd-aa25-28570335499c', '2025-10-31 00:42:14.87', '2025-10-31 00:42:14.87');
INSERT INTO public.expenses VALUES ('905dd55b-8702-4a22-ac05-0ab1c5cd18ba', 'EXP-MAIN-001-1761871334874-6', '96143ebf-24e9-43b6-900b-7cda5f9d0f64', 'fbe9eaad-4b23-4d80-a575-1972225bfc96', 637.00, '2025-09-29 00:42:14.874', 'Water bill payment', 'BILL-31998', 'Municipal Water Supply', NULL, NULL, 'c05796e4-8a67-4530-a475-9e3648084b6e', 'c54500dd-f55d-4fcd-aa25-28570335499c', '2025-10-31 00:42:14.875', '2025-10-31 00:42:14.875');
INSERT INTO public.expenses VALUES ('da734356-87bd-4895-8a17-db22e7b1af51', 'EXP-MAIN-001-1761871334877-7', '96143ebf-24e9-43b6-900b-7cda5f9d0f64', 'fbe9eaad-4b23-4d80-a575-1972225bfc96', 634.00, '2025-10-05 00:42:14.877', 'Water bill payment', 'BILL-49480', 'Municipal Water Supply', NULL, NULL, 'c05796e4-8a67-4530-a475-9e3648084b6e', 'c54500dd-f55d-4fcd-aa25-28570335499c', '2025-10-31 00:42:14.879', '2025-10-31 00:42:14.879');
INSERT INTO public.expenses VALUES ('44265fd7-5a9a-40f6-9b8e-b5a3d846affa', 'EXP-MAIN-001-1761871334880-8', '96143ebf-24e9-43b6-900b-7cda5f9d0f64', '855c97f9-1921-4e89-abe0-8eeab83569a8', 1115.00, '2025-09-19 00:42:14.88', 'Broadband internet charges', 'BILL-86401', 'Jio Fiber', NULL, NULL, 'c05796e4-8a67-4530-a475-9e3648084b6e', 'c54500dd-f55d-4fcd-aa25-28570335499c', '2025-10-31 00:42:14.882', '2025-10-31 00:42:14.882');
INSERT INTO public.expenses VALUES ('e4c72855-95a4-450b-9b15-e8c9521b29e9', 'EXP-MAIN-001-1761871334884-9', '96143ebf-24e9-43b6-900b-7cda5f9d0f64', '855c97f9-1921-4e89-abe0-8eeab83569a8', 1182.00, '2025-10-25 00:42:14.884', 'Broadband internet charges', 'BILL-59481', 'BSNL', NULL, NULL, 'c05796e4-8a67-4530-a475-9e3648084b6e', 'c54500dd-f55d-4fcd-aa25-28570335499c', '2025-10-31 00:42:14.885', '2025-10-31 00:42:14.885');
INSERT INTO public.expenses VALUES ('de330e12-9aaa-4c01-a7fe-875d974121c3', 'EXP-MAIN-001-1761871334887-10', '96143ebf-24e9-43b6-900b-7cda5f9d0f64', '5fa9011e-1ebb-48cd-8707-df67883fffe1', 47314.00, '2025-09-06 00:42:14.887', 'Staff salary payment for the month', 'BILL-96608', NULL, NULL, NULL, 'c05796e4-8a67-4530-a475-9e3648084b6e', 'c54500dd-f55d-4fcd-aa25-28570335499c', '2025-10-31 00:42:14.888', '2025-10-31 00:42:14.888');
INSERT INTO public.expenses VALUES ('92c3b8f5-9f98-4e92-89be-9daeeb3f02c6', 'EXP-MAIN-001-1761871334890-11', '96143ebf-24e9-43b6-900b-7cda5f9d0f64', '5fa9011e-1ebb-48cd-8707-df67883fffe1', 72672.00, '2025-09-24 00:42:14.89', 'Staff salary payment for the month', 'BILL-16039', NULL, NULL, NULL, 'c05796e4-8a67-4530-a475-9e3648084b6e', 'c54500dd-f55d-4fcd-aa25-28570335499c', '2025-10-31 00:42:14.891', '2025-10-31 00:42:14.891');
INSERT INTO public.expenses VALUES ('4c93e4c3-0f41-4918-a128-92b0c261ece4', 'EXP-MAIN-001-1761871334893-12', '96143ebf-24e9-43b6-900b-7cda5f9d0f64', '376d2698-91ce-43a8-ae09-3f83b600ca8c', 1381.00, '2025-10-13 00:42:14.893', 'Printer ink and paper purchase', NULL, 'Office Supplies', NULL, NULL, 'c05796e4-8a67-4530-a475-9e3648084b6e', 'c54500dd-f55d-4fcd-aa25-28570335499c', '2025-10-31 00:42:14.894', '2025-10-31 00:42:14.894');
INSERT INTO public.expenses VALUES ('1f77b087-df0c-41b6-b656-2d490507ed62', 'EXP-MAIN-001-1761871334896-13', '96143ebf-24e9-43b6-900b-7cda5f9d0f64', '376d2698-91ce-43a8-ae09-3f83b600ca8c', 1211.00, '2025-10-13 00:42:14.896', 'Printer ink and paper purchase', NULL, 'Office Supplies', NULL, NULL, 'c05796e4-8a67-4530-a475-9e3648084b6e', 'c54500dd-f55d-4fcd-aa25-28570335499c', '2025-10-31 00:42:14.897', '2025-10-31 00:42:14.897');
INSERT INTO public.expenses VALUES ('c302aa44-d3ca-44b3-b6b3-d96d8b0097b7', 'EXP-MAIN-001-1761871334898-14', '96143ebf-24e9-43b6-900b-7cda5f9d0f64', '376d2698-91ce-43a8-ae09-3f83b600ca8c', 1709.00, '2025-09-10 00:42:14.898', 'Purchase of stationery and office supplies', 'BILL-92635', 'Office Mart', NULL, NULL, 'c05796e4-8a67-4530-a475-9e3648084b6e', 'c54500dd-f55d-4fcd-aa25-28570335499c', '2025-10-31 00:42:14.9', '2025-10-31 00:42:14.9');
INSERT INTO public.expenses VALUES ('aaca0ba8-d486-43f0-b912-50462c5eb411', 'EXP-MAIN-001-1761871334901-15', '96143ebf-24e9-43b6-900b-7cda5f9d0f64', '572f7432-409e-44de-8508-2ff8af1f0be6', 2759.00, '2025-09-05 00:42:14.901', 'AC servicing and maintenance', 'BILL-35667', 'Cool Tech Services', NULL, NULL, 'c05796e4-8a67-4530-a475-9e3648084b6e', 'c54500dd-f55d-4fcd-aa25-28570335499c', '2025-10-31 00:42:14.903', '2025-10-31 00:42:14.903');
INSERT INTO public.expenses VALUES ('12a16064-26e4-4138-8d57-b6c2d31ca3e8', 'EXP-MAIN-001-1761871334905-16', '96143ebf-24e9-43b6-900b-7cda5f9d0f64', '5880193a-3fa1-4206-acd7-447b5043b6b9', 1852.00, '2025-09-05 00:42:14.905', 'Staff travel expenses', NULL, NULL, NULL, NULL, 'c05796e4-8a67-4530-a475-9e3648084b6e', 'c54500dd-f55d-4fcd-aa25-28570335499c', '2025-10-31 00:42:14.907', '2025-10-31 00:42:14.907');
INSERT INTO public.expenses VALUES ('eaf8b73b-2bee-40fd-8ccf-21161982bf02', 'EXP-MAIN-001-1761871334909-17', '96143ebf-24e9-43b6-900b-7cda5f9d0f64', 'd167ba52-8789-4608-8864-0370fb32e9e3', 6984.00, '2025-09-24 00:42:14.909', 'Social media advertising campaign', 'BILL-54355', 'Facebook Ads', NULL, NULL, 'c05796e4-8a67-4530-a475-9e3648084b6e', 'c54500dd-f55d-4fcd-aa25-28570335499c', '2025-10-31 00:42:14.91', '2025-10-31 00:42:14.91');
INSERT INTO public.expenses VALUES ('00caadaf-1996-424d-97f4-9cc946efbf74', 'EXP-MAIN-001-1761871334912-18', '96143ebf-24e9-43b6-900b-7cda5f9d0f64', 'd167ba52-8789-4608-8864-0370fb32e9e3', 7849.00, '2025-09-30 00:42:14.912', 'Social media advertising campaign', 'BILL-49425', 'Google Ads', NULL, NULL, 'c05796e4-8a67-4530-a475-9e3648084b6e', 'c54500dd-f55d-4fcd-aa25-28570335499c', '2025-10-31 00:42:14.913', '2025-10-31 00:42:14.913');
INSERT INTO public.expenses VALUES ('73bebb0f-a7b2-4a0e-9199-93b3ada9a1f4', 'EXP-MAIN-001-1761871334915-19', '96143ebf-24e9-43b6-900b-7cda5f9d0f64', 'd167ba52-8789-4608-8864-0370fb32e9e3', 6225.00, '2025-09-27 00:42:14.915', 'Social media advertising campaign', 'BILL-50576', 'Google Ads', NULL, NULL, 'c05796e4-8a67-4530-a475-9e3648084b6e', 'c54500dd-f55d-4fcd-aa25-28570335499c', '2025-10-31 00:42:14.917', '2025-10-31 00:42:14.917');
INSERT INTO public.expenses VALUES ('367472ef-23a7-4d5d-ae4d-52930d3f88ed', 'EXP-MAIN-001-1761871334919-20', '96143ebf-24e9-43b6-900b-7cda5f9d0f64', 'c6590bd6-f349-4cc1-b76c-57073b175295', 6936.00, '2025-10-29 00:42:14.919', 'Shop insurance premium', 'BILL-59701', 'HDFC ERGO', NULL, NULL, 'c05796e4-8a67-4530-a475-9e3648084b6e', 'c54500dd-f55d-4fcd-aa25-28570335499c', '2025-10-31 00:42:14.921', '2025-10-31 00:42:14.921');
INSERT INTO public.expenses VALUES ('bc10863a-9158-425a-9014-5947d640b823', 'EXP-MAIN-001-1761871334922-21', '96143ebf-24e9-43b6-900b-7cda5f9d0f64', 'c6590bd6-f349-4cc1-b76c-57073b175295', 4308.00, '2025-10-16 00:42:14.922', 'Shop insurance premium', 'BILL-83445', 'HDFC ERGO', NULL, NULL, 'c05796e4-8a67-4530-a475-9e3648084b6e', 'c54500dd-f55d-4fcd-aa25-28570335499c', '2025-10-31 00:42:14.923', '2025-10-31 00:42:14.923');
INSERT INTO public.expenses VALUES ('948c8dd2-26cf-4baa-aada-47e75c1213ad', 'EXP-MAIN-001-1761871334925-22', '96143ebf-24e9-43b6-900b-7cda5f9d0f64', '84a20644-c8d5-41e9-85b3-3eb45d9677f7', 4315.00, '2025-10-08 00:42:14.925', 'Accountant professional fees', 'BILL-86166', 'CA Associates', NULL, NULL, 'c05796e4-8a67-4530-a475-9e3648084b6e', 'c54500dd-f55d-4fcd-aa25-28570335499c', '2025-10-31 00:42:14.927', '2025-10-31 00:42:14.927');
INSERT INTO public.expenses VALUES ('8d5f3295-80ba-4152-a545-38e7dc26099d', 'EXP-MAIN-001-1761871334928-23', '96143ebf-24e9-43b6-900b-7cda5f9d0f64', '84a20644-c8d5-41e9-85b3-3eb45d9677f7', 3434.00, '2025-09-03 00:42:14.928', 'Accountant professional fees', 'BILL-74214', 'Tax Consultants', NULL, NULL, 'c05796e4-8a67-4530-a475-9e3648084b6e', 'c54500dd-f55d-4fcd-aa25-28570335499c', '2025-10-31 00:42:14.929', '2025-10-31 00:42:14.929');
INSERT INTO public.expenses VALUES ('167d8747-ecd6-49ef-8254-f4b1a10ed37e', 'EXP-MAIN-001-1761871334931-24', '96143ebf-24e9-43b6-900b-7cda5f9d0f64', '84a20644-c8d5-41e9-85b3-3eb45d9677f7', 3537.00, '2025-10-12 00:42:14.931', 'Legal consultation charges', 'BILL-30209', 'Legal Services', NULL, NULL, 'c05796e4-8a67-4530-a475-9e3648084b6e', 'c54500dd-f55d-4fcd-aa25-28570335499c', '2025-10-31 00:42:14.932', '2025-10-31 00:42:14.932');
INSERT INTO public.expenses VALUES ('5be96003-25cd-4cd8-b8b7-64879c8cf3e8', 'EXP-MAIN-001-1761871334935-25', '96143ebf-24e9-43b6-900b-7cda5f9d0f64', '40b38957-1a32-49f4-8610-6cc00cc6a2bf', 2034.00, '2025-09-07 00:42:14.935', 'Mobile opening tools kit', 'BILL-43567', 'Repair Tools Supplier', NULL, NULL, 'c05796e4-8a67-4530-a475-9e3648084b6e', 'c54500dd-f55d-4fcd-aa25-28570335499c', '2025-10-31 00:42:14.937', '2025-10-31 00:42:14.937');
INSERT INTO public.expenses VALUES ('8cf31b8d-680a-47d2-b8de-df81634377b4', 'EXP-MAIN-001-1761871334940-26', '96143ebf-24e9-43b6-900b-7cda5f9d0f64', '81742f97-d89d-4f6c-bfac-f95411a6d704', 1517.00, '2025-09-15 00:42:14.94', 'Tea, coffee and snacks for staff', NULL, 'Canteen', NULL, NULL, 'c05796e4-8a67-4530-a475-9e3648084b6e', 'c54500dd-f55d-4fcd-aa25-28570335499c', '2025-10-31 00:42:14.941', '2025-10-31 00:42:14.941');
INSERT INTO public.expenses VALUES ('5e092bc8-ba45-4c7e-8465-a6af61eec751', 'EXP-MAIN-001-1761871334943-27', '96143ebf-24e9-43b6-900b-7cda5f9d0f64', '81742f97-d89d-4f6c-bfac-f95411a6d704', 932.00, '2025-09-11 00:42:14.943', 'Water bottles and refreshments', 'BILL-80255', 'Local Store', NULL, NULL, 'c05796e4-8a67-4530-a475-9e3648084b6e', 'c54500dd-f55d-4fcd-aa25-28570335499c', '2025-10-31 00:42:14.945', '2025-10-31 00:42:14.945');
INSERT INTO public.expenses VALUES ('d2c5f974-7fa5-43e9-a6df-75cb14e2fc33', 'EXP-MAIN-001-1761871334947-28', '96143ebf-24e9-43b6-900b-7cda5f9d0f64', 'c5a5c325-0b1e-4a1b-828a-8cd419ef628f', 1507.00, '2025-09-13 00:42:14.947', 'Housekeeping service charges', 'BILL-34268', 'Cleaning Services', NULL, NULL, 'c05796e4-8a67-4530-a475-9e3648084b6e', 'c54500dd-f55d-4fcd-aa25-28570335499c', '2025-10-31 00:42:14.948', '2025-10-31 00:42:14.948');
INSERT INTO public.expenses VALUES ('ae41d406-f9d0-4c38-bc96-5ae8c264ca74', 'EXP-MAIN-001-1761871334950-29', '96143ebf-24e9-43b6-900b-7cda5f9d0f64', 'c5a5c325-0b1e-4a1b-828a-8cd419ef628f', 1022.00, '2025-09-03 00:42:14.95', 'Cleaning supplies purchase', NULL, 'Cleaning Supplies Store', NULL, NULL, 'c05796e4-8a67-4530-a475-9e3648084b6e', 'c54500dd-f55d-4fcd-aa25-28570335499c', '2025-10-31 00:42:14.951', '2025-10-31 00:42:14.951');
INSERT INTO public.expenses VALUES ('bf6b79a2-5c65-4d2f-8ceb-6ac84a09d6fd', 'EXP-MAIN-001-1761871334953-30', '96143ebf-24e9-43b6-900b-7cda5f9d0f64', '2549c089-011e-4f7d-b914-4d82b98e5291', 345.00, '2025-09-04 00:42:14.953', 'Parking and miscellaneous charges', 'BILL-36501', NULL, NULL, NULL, 'c05796e4-8a67-4530-a475-9e3648084b6e', 'c54500dd-f55d-4fcd-aa25-28570335499c', '2025-10-31 00:42:14.954', '2025-10-31 00:42:14.954');
INSERT INTO public.expenses VALUES ('d70c9ccf-4663-471a-8f44-b36b58ae2863', 'EXP-VPM-1761871334969-0', 'c1a9dfc9-354a-4e71-bde1-5a1ade259bdd', '0baab919-f06f-4e3e-b211-604d18149b7b', 23583.00, '2025-10-29 00:42:14.969', 'Monthly shop rent payment', 'BILL-69121', 'Sri Krishna Properties', NULL, NULL, '97f0d703-751c-4747-9a3b-b0d56c5b6825', 'c54500dd-f55d-4fcd-aa25-28570335499c', '2025-10-31 00:42:14.971', '2025-10-31 00:42:14.971');
INSERT INTO public.expenses VALUES ('c927dced-dbc0-4aa6-acea-5fbceb911cc1', 'EXP-VPM-1761871334973-1', 'c1a9dfc9-354a-4e71-bde1-5a1ade259bdd', '0baab919-f06f-4e3e-b211-604d18149b7b', 23942.00, '2025-10-05 00:42:14.973', 'Monthly shop rent payment', NULL, 'Tamil Nadu Real Estate', NULL, NULL, '97f0d703-751c-4747-9a3b-b0d56c5b6825', 'c54500dd-f55d-4fcd-aa25-28570335499c', '2025-10-31 00:42:14.974', '2025-10-31 00:42:14.974');
INSERT INTO public.expenses VALUES ('1cc68caf-8bc6-4ef7-862b-409f643cc298', 'EXP-VPM-1761871334976-2', 'c1a9dfc9-354a-4e71-bde1-5a1ade259bdd', '0a2fbe97-eedb-4a4d-9a51-f4787caf3ff0', 3740.00, '2025-09-13 00:42:14.976', 'Electricity bill payment', 'BILL-45987', 'TNEB', NULL, NULL, '97f0d703-751c-4747-9a3b-b0d56c5b6825', 'c54500dd-f55d-4fcd-aa25-28570335499c', '2025-10-31 00:42:14.977', '2025-10-31 00:42:14.977');
INSERT INTO public.expenses VALUES ('f2ce0510-2fe7-4315-a3a7-27a23cea98bc', 'EXP-VPM-1761871334979-3', 'c1a9dfc9-354a-4e71-bde1-5a1ade259bdd', '0a2fbe97-eedb-4a4d-9a51-f4787caf3ff0', 2971.00, '2025-10-07 00:42:14.979', 'Electricity bill payment', 'BILL-53758', 'TNEB', NULL, NULL, '97f0d703-751c-4747-9a3b-b0d56c5b6825', 'c54500dd-f55d-4fcd-aa25-28570335499c', '2025-10-31 00:42:14.98', '2025-10-31 00:42:14.98');
INSERT INTO public.expenses VALUES ('1540f034-8bca-42d8-9713-7f3df58b393b', 'EXP-VPM-1761871334982-4', 'c1a9dfc9-354a-4e71-bde1-5a1ade259bdd', 'fbe9eaad-4b23-4d80-a575-1972225bfc96', 345.00, '2025-10-11 00:42:14.982', 'Water bill payment', 'BILL-16046', 'Municipal Water Supply', NULL, NULL, '97f0d703-751c-4747-9a3b-b0d56c5b6825', 'c54500dd-f55d-4fcd-aa25-28570335499c', '2025-10-31 00:42:14.983', '2025-10-31 00:42:14.983');
INSERT INTO public.expenses VALUES ('985ad037-4bec-429a-a004-f3009099dd05', 'EXP-VPM-1761871334984-5', 'c1a9dfc9-354a-4e71-bde1-5a1ade259bdd', 'fbe9eaad-4b23-4d80-a575-1972225bfc96', 525.00, '2025-09-17 00:42:14.984', 'Water bill payment', 'BILL-31988', 'Municipal Water Supply', NULL, NULL, '97f0d703-751c-4747-9a3b-b0d56c5b6825', 'c54500dd-f55d-4fcd-aa25-28570335499c', '2025-10-31 00:42:14.986', '2025-10-31 00:42:14.986');
INSERT INTO public.expenses VALUES ('4b790901-cd58-4f34-9c6a-edd3181f488f', 'EXP-VPM-1761871334987-6', 'c1a9dfc9-354a-4e71-bde1-5a1ade259bdd', 'fbe9eaad-4b23-4d80-a575-1972225bfc96', 333.00, '2025-10-25 00:42:14.987', 'Water bill payment', NULL, 'Municipal Water Supply', NULL, NULL, '97f0d703-751c-4747-9a3b-b0d56c5b6825', 'c54500dd-f55d-4fcd-aa25-28570335499c', '2025-10-31 00:42:14.988', '2025-10-31 00:42:14.988');
INSERT INTO public.expenses VALUES ('273bb7c5-9541-4574-b02c-ccdbb71dc9d7', 'EXP-VPM-1761871334990-7', 'c1a9dfc9-354a-4e71-bde1-5a1ade259bdd', '855c97f9-1921-4e89-abe0-8eeab83569a8', 1223.00, '2025-09-26 00:42:14.99', 'Broadband internet charges', 'BILL-70404', 'BSNL', NULL, NULL, '97f0d703-751c-4747-9a3b-b0d56c5b6825', 'c54500dd-f55d-4fcd-aa25-28570335499c', '2025-10-31 00:42:14.991', '2025-10-31 00:42:14.991');
INSERT INTO public.expenses VALUES ('312181b7-f83f-4bdc-9803-90fcc946f1b9', 'EXP-VPM-1761871334992-8', 'c1a9dfc9-354a-4e71-bde1-5a1ade259bdd', '855c97f9-1921-4e89-abe0-8eeab83569a8', 1067.00, '2025-09-21 00:42:14.992', 'Broadband internet charges', 'BILL-74324', 'Jio Fiber', NULL, NULL, '97f0d703-751c-4747-9a3b-b0d56c5b6825', 'c54500dd-f55d-4fcd-aa25-28570335499c', '2025-10-31 00:42:14.993', '2025-10-31 00:42:14.993');
INSERT INTO public.expenses VALUES ('701d9b65-3637-48e9-9de6-99487e49362b', 'EXP-VPM-1761871334994-9', 'c1a9dfc9-354a-4e71-bde1-5a1ade259bdd', '5fa9011e-1ebb-48cd-8707-df67883fffe1', 77047.00, '2025-10-06 00:42:14.994', 'Staff salary payment for the month', NULL, NULL, NULL, NULL, '97f0d703-751c-4747-9a3b-b0d56c5b6825', 'c54500dd-f55d-4fcd-aa25-28570335499c', '2025-10-31 00:42:14.995', '2025-10-31 00:42:14.995');
INSERT INTO public.expenses VALUES ('7f2206c9-7a03-4699-bf26-db3cfad2cba4', 'EXP-VPM-1761871334996-10', 'c1a9dfc9-354a-4e71-bde1-5a1ade259bdd', '5fa9011e-1ebb-48cd-8707-df67883fffe1', 50660.00, '2025-10-25 00:42:14.996', 'Staff salary payment for the month', 'BILL-30242', NULL, NULL, NULL, '97f0d703-751c-4747-9a3b-b0d56c5b6825', 'c54500dd-f55d-4fcd-aa25-28570335499c', '2025-10-31 00:42:14.998', '2025-10-31 00:42:14.998');
INSERT INTO public.expenses VALUES ('8fcb2445-226d-492c-b032-0d4ab6dff3ae', 'EXP-VPM-1761871334999-11', 'c1a9dfc9-354a-4e71-bde1-5a1ade259bdd', '376d2698-91ce-43a8-ae09-3f83b600ca8c', 1393.00, '2025-09-24 00:42:14.999', 'Printer ink and paper purchase', 'BILL-48288', 'HP Store', NULL, NULL, '97f0d703-751c-4747-9a3b-b0d56c5b6825', 'c54500dd-f55d-4fcd-aa25-28570335499c', '2025-10-31 00:42:15.001', '2025-10-31 00:42:15.001');
INSERT INTO public.expenses VALUES ('a4871921-2690-4fe8-912a-a005fd0e1623', 'EXP-VPM-1761871335004-12', 'c1a9dfc9-354a-4e71-bde1-5a1ade259bdd', '376d2698-91ce-43a8-ae09-3f83b600ca8c', 1252.00, '2025-09-09 00:42:15.004', 'Printer ink and paper purchase', 'BILL-23984', 'Office Supplies', NULL, NULL, '97f0d703-751c-4747-9a3b-b0d56c5b6825', 'c54500dd-f55d-4fcd-aa25-28570335499c', '2025-10-31 00:42:15.006', '2025-10-31 00:42:15.006');
INSERT INTO public.expenses VALUES ('fd9d4e3a-a09d-42a4-9098-c8d79bab80c7', 'EXP-VPM-1761871335008-13', 'c1a9dfc9-354a-4e71-bde1-5a1ade259bdd', '572f7432-409e-44de-8508-2ff8af1f0be6', 3092.00, '2025-09-29 00:42:15.008', 'Shop maintenance and repairs', 'BILL-84424', 'Local Maintenance Services', NULL, NULL, '97f0d703-751c-4747-9a3b-b0d56c5b6825', 'c54500dd-f55d-4fcd-aa25-28570335499c', '2025-10-31 00:42:15.009', '2025-10-31 00:42:15.009');
INSERT INTO public.expenses VALUES ('09f64e74-cae4-4b36-a88d-da6873869a94', 'EXP-VPM-1761871335011-14', 'c1a9dfc9-354a-4e71-bde1-5a1ade259bdd', '572f7432-409e-44de-8508-2ff8af1f0be6', 1562.00, '2025-09-10 00:42:15.011', 'AC servicing and maintenance', NULL, 'AC Care', NULL, NULL, '97f0d703-751c-4747-9a3b-b0d56c5b6825', 'c54500dd-f55d-4fcd-aa25-28570335499c', '2025-10-31 00:42:15.013', '2025-10-31 00:42:15.013');
INSERT INTO public.expenses VALUES ('09f6cc29-6e1e-4ab7-a394-5bd9111512a6', 'EXP-VPM-1761871335015-15', 'c1a9dfc9-354a-4e71-bde1-5a1ade259bdd', '5880193a-3fa1-4206-acd7-447b5043b6b9', 1820.00, '2025-09-18 00:42:15.015', 'Staff travel expenses', 'BILL-56633', NULL, NULL, NULL, '97f0d703-751c-4747-9a3b-b0d56c5b6825', 'c54500dd-f55d-4fcd-aa25-28570335499c', '2025-10-31 00:42:15.016', '2025-10-31 00:42:15.016');
INSERT INTO public.expenses VALUES ('c94fe572-7445-4f90-a154-087541016166', 'EXP-VPM-1761871335019-16', 'c1a9dfc9-354a-4e71-bde1-5a1ade259bdd', 'd167ba52-8789-4608-8864-0370fb32e9e3', 1491.00, '2025-09-22 00:42:15.019', 'Printing of flyers and banners', 'BILL-48118', 'Digital Prints', NULL, NULL, '97f0d703-751c-4747-9a3b-b0d56c5b6825', 'c54500dd-f55d-4fcd-aa25-28570335499c', '2025-10-31 00:42:15.02', '2025-10-31 00:42:15.02');
INSERT INTO public.expenses VALUES ('efa5796f-782b-40d2-81b9-6613af208d17', 'EXP-VPM-1761871335023-17', 'c1a9dfc9-354a-4e71-bde1-5a1ade259bdd', 'c6590bd6-f349-4cc1-b76c-57073b175295', 5125.00, '2025-09-19 00:42:15.023', 'Shop insurance premium', 'BILL-76836', 'HDFC ERGO', NULL, NULL, '97f0d703-751c-4747-9a3b-b0d56c5b6825', 'c54500dd-f55d-4fcd-aa25-28570335499c', '2025-10-31 00:42:15.024', '2025-10-31 00:42:15.024');
INSERT INTO public.expenses VALUES ('1223d48c-4ae5-488e-9721-ca0912e8ec1f', 'EXP-VPM-1761871335027-18', 'c1a9dfc9-354a-4e71-bde1-5a1ade259bdd', 'c6590bd6-f349-4cc1-b76c-57073b175295', 6012.00, '2025-09-12 00:42:15.027', 'Shop insurance premium', NULL, 'Bajaj Allianz', NULL, NULL, '97f0d703-751c-4747-9a3b-b0d56c5b6825', 'c54500dd-f55d-4fcd-aa25-28570335499c', '2025-10-31 00:42:15.029', '2025-10-31 00:42:15.029');
INSERT INTO public.expenses VALUES ('746da272-afe9-4c40-b58c-f386b0ac965e', 'EXP-VPM-1761871335031-19', 'c1a9dfc9-354a-4e71-bde1-5a1ade259bdd', '84a20644-c8d5-41e9-85b3-3eb45d9677f7', 1938.00, '2025-09-21 00:42:15.031', 'GST filing and compliance charges', 'BILL-34271', 'CA Associates', NULL, NULL, '97f0d703-751c-4747-9a3b-b0d56c5b6825', 'c54500dd-f55d-4fcd-aa25-28570335499c', '2025-10-31 00:42:15.032', '2025-10-31 00:42:15.032');
INSERT INTO public.expenses VALUES ('eb65799a-8729-47bd-b643-4028615ec7b3', 'EXP-VPM-1761871335034-20', 'c1a9dfc9-354a-4e71-bde1-5a1ade259bdd', '84a20644-c8d5-41e9-85b3-3eb45d9677f7', 1027.00, '2025-09-26 00:42:15.034', 'GST filing and compliance charges', NULL, 'CA Associates', NULL, NULL, '97f0d703-751c-4747-9a3b-b0d56c5b6825', 'c54500dd-f55d-4fcd-aa25-28570335499c', '2025-10-31 00:42:15.035', '2025-10-31 00:42:15.035');
INSERT INTO public.expenses VALUES ('977f8e05-f8f5-4635-8a38-139fe30f539c', 'EXP-VPM-1761871335038-21', 'c1a9dfc9-354a-4e71-bde1-5a1ade259bdd', '84a20644-c8d5-41e9-85b3-3eb45d9677f7', 3619.00, '2025-09-04 00:42:15.038', 'Legal consultation charges', 'BILL-55574', 'Legal Services', NULL, NULL, '97f0d703-751c-4747-9a3b-b0d56c5b6825', 'c54500dd-f55d-4fcd-aa25-28570335499c', '2025-10-31 00:42:15.04', '2025-10-31 00:42:15.04');
INSERT INTO public.expenses VALUES ('98efd5a4-0815-47d0-99c5-91e9aa9aa8fe', 'EXP-VPM-1761871335042-22', 'c1a9dfc9-354a-4e71-bde1-5a1ade259bdd', '40b38957-1a32-49f4-8610-6cc00cc6a2bf', 2547.00, '2025-10-28 00:42:15.042', 'Mobile opening tools kit', NULL, 'Repair Tools Supplier', NULL, NULL, '97f0d703-751c-4747-9a3b-b0d56c5b6825', 'c54500dd-f55d-4fcd-aa25-28570335499c', '2025-10-31 00:42:15.044', '2025-10-31 00:42:15.044');
INSERT INTO public.expenses VALUES ('fb86f7ac-e1b6-4343-88d7-9e02d5da67d8', 'EXP-VPM-1761871335045-23', 'c1a9dfc9-354a-4e71-bde1-5a1ade259bdd', '40b38957-1a32-49f4-8610-6cc00cc6a2bf', 2886.00, '2025-10-09 00:42:15.045', 'Mobile opening tools kit', 'BILL-54766', 'Repair Tools Supplier', NULL, NULL, '97f0d703-751c-4747-9a3b-b0d56c5b6825', 'c54500dd-f55d-4fcd-aa25-28570335499c', '2025-10-31 00:42:15.046', '2025-10-31 00:42:15.046');
INSERT INTO public.expenses VALUES ('21f9fdb4-c060-4efd-9203-7124b6dd0a61', 'EXP-VPM-1761871335048-24', 'c1a9dfc9-354a-4e71-bde1-5a1ade259bdd', '81742f97-d89d-4f6c-bfac-f95411a6d704', 1493.00, '2025-09-25 00:42:15.048', 'Tea, coffee and snacks for staff', NULL, 'Canteen', NULL, NULL, '97f0d703-751c-4747-9a3b-b0d56c5b6825', 'c54500dd-f55d-4fcd-aa25-28570335499c', '2025-10-31 00:42:15.049', '2025-10-31 00:42:15.049');
INSERT INTO public.expenses VALUES ('c491e2d1-91d9-469c-be8c-60e7f04660e7', 'EXP-VPM-1761871335050-25', 'c1a9dfc9-354a-4e71-bde1-5a1ade259bdd', '81742f97-d89d-4f6c-bfac-f95411a6d704', 1277.00, '2025-10-09 00:42:15.05', 'Tea, coffee and snacks for staff', 'BILL-40551', 'Local Tea Shop', NULL, NULL, '97f0d703-751c-4747-9a3b-b0d56c5b6825', 'c54500dd-f55d-4fcd-aa25-28570335499c', '2025-10-31 00:42:15.051', '2025-10-31 00:42:15.051');
INSERT INTO public.expenses VALUES ('1fa4ecce-0ec0-417b-ab74-68059cd92f8a', 'EXP-VPM-1761871335053-26', 'c1a9dfc9-354a-4e71-bde1-5a1ade259bdd', 'c5a5c325-0b1e-4a1b-828a-8cd419ef628f', 967.00, '2025-09-25 00:42:15.053', 'Cleaning supplies purchase', 'BILL-69542', 'Cleaning Supplies Store', NULL, NULL, '97f0d703-751c-4747-9a3b-b0d56c5b6825', 'c54500dd-f55d-4fcd-aa25-28570335499c', '2025-10-31 00:42:15.055', '2025-10-31 00:42:15.055');
INSERT INTO public.expenses VALUES ('144eec93-b658-426c-8d10-161015d56e33', 'EXP-VPM-1761871335058-27', 'c1a9dfc9-354a-4e71-bde1-5a1ade259bdd', 'c5a5c325-0b1e-4a1b-828a-8cd419ef628f', 915.00, '2025-09-24 00:42:15.058', 'Cleaning supplies purchase', NULL, 'Cleaning Supplies Store', NULL, NULL, '97f0d703-751c-4747-9a3b-b0d56c5b6825', 'c54500dd-f55d-4fcd-aa25-28570335499c', '2025-10-31 00:42:15.059', '2025-10-31 00:42:15.059');
INSERT INTO public.expenses VALUES ('7a498a25-7f39-4813-ba3b-0a10a3f7c0e3', 'EXP-VPM-1761871335061-28', 'c1a9dfc9-354a-4e71-bde1-5a1ade259bdd', '2549c089-011e-4f7d-b914-4d82b98e5291', 1713.00, '2025-09-05 00:42:15.061', 'Miscellaneous office expenses', NULL, NULL, NULL, NULL, '97f0d703-751c-4747-9a3b-b0d56c5b6825', 'c54500dd-f55d-4fcd-aa25-28570335499c', '2025-10-31 00:42:15.063', '2025-10-31 00:42:15.063');
INSERT INTO public.expenses VALUES ('8d70ffc1-0b03-429e-a65e-6f6f868d7250', 'EXP-VPM-1761871335064-29', 'c1a9dfc9-354a-4e71-bde1-5a1ade259bdd', '2549c089-011e-4f7d-b914-4d82b98e5291', 576.00, '2025-09-03 00:42:15.064', 'Bank charges and transaction fees', NULL, NULL, NULL, NULL, '97f0d703-751c-4747-9a3b-b0d56c5b6825', 'c54500dd-f55d-4fcd-aa25-28570335499c', '2025-10-31 00:42:15.066', '2025-10-31 00:42:15.066');
INSERT INTO public.expenses VALUES ('94e1de09-ed8d-490b-9737-a47e7e7e06b2', 'EXP-VPM-1761871335068-30', 'c1a9dfc9-354a-4e71-bde1-5a1ade259bdd', '2549c089-011e-4f7d-b914-4d82b98e5291', 463.00, '2025-09-16 00:42:15.068', 'Bank charges and transaction fees', 'BILL-45718', NULL, NULL, NULL, '97f0d703-751c-4747-9a3b-b0d56c5b6825', 'c54500dd-f55d-4fcd-aa25-28570335499c', '2025-10-31 00:42:15.07', '2025-10-31 00:42:15.07');
INSERT INTO public.expenses VALUES ('61cac5fb-86ad-4eeb-8e91-36f0ee79db5c', 'EXP-TKV-1761871335075-0', '85b64dfa-0872-4942-83c3-489358ba6264', '0baab919-f06f-4e3e-b211-604d18149b7b', 17497.00, '2025-09-13 00:42:15.075', 'Monthly shop rent payment', 'BILL-74393', 'Sri Krishna Properties', NULL, NULL, '65f0d4f7-3f0c-4c5d-9043-b52e153aaa9b', 'c54500dd-f55d-4fcd-aa25-28570335499c', '2025-10-31 00:42:15.076', '2025-10-31 00:42:15.076');
INSERT INTO public.expenses VALUES ('9826d319-d065-423e-85d2-b25ef1386d6b', 'EXP-TKV-1761871335078-1', '85b64dfa-0872-4942-83c3-489358ba6264', '0baab919-f06f-4e3e-b211-604d18149b7b', 17998.00, '2025-09-16 00:42:15.078', 'Monthly shop rent payment', NULL, 'Tamil Nadu Real Estate', NULL, NULL, '65f0d4f7-3f0c-4c5d-9043-b52e153aaa9b', 'c54500dd-f55d-4fcd-aa25-28570335499c', '2025-10-31 00:42:15.079', '2025-10-31 00:42:15.079');
INSERT INTO public.expenses VALUES ('28c371b1-e317-4f67-abf1-284a0d8b9c1a', 'EXP-TKV-1761871335081-2', '85b64dfa-0872-4942-83c3-489358ba6264', '0baab919-f06f-4e3e-b211-604d18149b7b', 18996.00, '2025-10-17 00:42:15.081', 'Monthly shop rent payment', 'BILL-50272', 'Sri Krishna Properties', NULL, NULL, '65f0d4f7-3f0c-4c5d-9043-b52e153aaa9b', 'c54500dd-f55d-4fcd-aa25-28570335499c', '2025-10-31 00:42:15.083', '2025-10-31 00:42:15.083');
INSERT INTO public.expenses VALUES ('abf17db1-ccc9-46df-bd62-7a28ca3beef7', 'EXP-TKV-1761871335085-3', '85b64dfa-0872-4942-83c3-489358ba6264', '0a2fbe97-eedb-4a4d-9a51-f4787caf3ff0', 3548.00, '2025-10-21 00:42:15.085', 'Electricity bill payment', NULL, 'TNEB', NULL, NULL, '65f0d4f7-3f0c-4c5d-9043-b52e153aaa9b', 'c54500dd-f55d-4fcd-aa25-28570335499c', '2025-10-31 00:42:15.086', '2025-10-31 00:42:15.086');
INSERT INTO public.expenses VALUES ('83d51af6-5099-4aa2-a305-9fb048a7b550', 'EXP-TKV-1761871335088-4', '85b64dfa-0872-4942-83c3-489358ba6264', '0a2fbe97-eedb-4a4d-9a51-f4787caf3ff0', 3803.00, '2025-09-06 00:42:15.088', 'Electricity bill payment', 'BILL-15262', 'TNEB', NULL, NULL, '65f0d4f7-3f0c-4c5d-9043-b52e153aaa9b', 'c54500dd-f55d-4fcd-aa25-28570335499c', '2025-10-31 00:42:15.09', '2025-10-31 00:42:15.09');
INSERT INTO public.expenses VALUES ('65edc461-ae9f-4669-a121-649d5b3199df', 'EXP-TKV-1761871335091-5', '85b64dfa-0872-4942-83c3-489358ba6264', '0a2fbe97-eedb-4a4d-9a51-f4787caf3ff0', 2559.00, '2025-09-17 00:42:15.091', 'Electricity bill payment', NULL, 'TNEB', NULL, NULL, '65f0d4f7-3f0c-4c5d-9043-b52e153aaa9b', 'c54500dd-f55d-4fcd-aa25-28570335499c', '2025-10-31 00:42:15.092', '2025-10-31 00:42:15.092');
INSERT INTO public.expenses VALUES ('1e825530-bfa1-425e-aa15-fe8a86609471', 'EXP-TKV-1761871335093-6', '85b64dfa-0872-4942-83c3-489358ba6264', 'fbe9eaad-4b23-4d80-a575-1972225bfc96', 782.00, '2025-10-15 00:42:15.093', 'Water bill payment', 'BILL-9433', 'Municipal Water Supply', NULL, NULL, '65f0d4f7-3f0c-4c5d-9043-b52e153aaa9b', 'c54500dd-f55d-4fcd-aa25-28570335499c', '2025-10-31 00:42:15.095', '2025-10-31 00:42:15.095');
INSERT INTO public.expenses VALUES ('7bed7fb0-47bb-45c6-af9a-e46427706974', 'EXP-TKV-1761871335096-7', '85b64dfa-0872-4942-83c3-489358ba6264', 'fbe9eaad-4b23-4d80-a575-1972225bfc96', 719.00, '2025-09-02 00:42:15.096', 'Water bill payment', 'BILL-85002', 'Municipal Water Supply', NULL, NULL, '65f0d4f7-3f0c-4c5d-9043-b52e153aaa9b', 'c54500dd-f55d-4fcd-aa25-28570335499c', '2025-10-31 00:42:15.097', '2025-10-31 00:42:15.097');
INSERT INTO public.expenses VALUES ('fef43f37-0773-48bc-9ad2-134b56df0965', 'EXP-TKV-1761871335098-8', '85b64dfa-0872-4942-83c3-489358ba6264', 'fbe9eaad-4b23-4d80-a575-1972225bfc96', 587.00, '2025-10-18 00:42:15.098', 'Water bill payment', 'BILL-20807', 'Municipal Water Supply', NULL, NULL, '65f0d4f7-3f0c-4c5d-9043-b52e153aaa9b', 'c54500dd-f55d-4fcd-aa25-28570335499c', '2025-10-31 00:42:15.099', '2025-10-31 00:42:15.099');
INSERT INTO public.expenses VALUES ('eb09c263-e867-4c11-93be-565adc166159', 'EXP-TKV-1761871335101-9', '85b64dfa-0872-4942-83c3-489358ba6264', '855c97f9-1921-4e89-abe0-8eeab83569a8', 1097.00, '2025-09-21 00:42:15.101', 'Broadband internet charges', 'BILL-93086', 'Jio Fiber', NULL, NULL, '65f0d4f7-3f0c-4c5d-9043-b52e153aaa9b', 'c54500dd-f55d-4fcd-aa25-28570335499c', '2025-10-31 00:42:15.102', '2025-10-31 00:42:15.102');
INSERT INTO public.expenses VALUES ('597f6afb-2d98-46a4-8dec-a574e5eaa9cb', 'EXP-TKV-1761871335104-10', '85b64dfa-0872-4942-83c3-489358ba6264', '855c97f9-1921-4e89-abe0-8eeab83569a8', 935.00, '2025-10-27 00:42:15.104', 'Broadband internet charges', 'BILL-74856', 'BSNL', NULL, NULL, '65f0d4f7-3f0c-4c5d-9043-b52e153aaa9b', 'c54500dd-f55d-4fcd-aa25-28570335499c', '2025-10-31 00:42:15.106', '2025-10-31 00:42:15.106');
INSERT INTO public.expenses VALUES ('68a039fb-3669-4592-a043-d2e54b5a4188', 'EXP-TKV-1761871335108-11', '85b64dfa-0872-4942-83c3-489358ba6264', '855c97f9-1921-4e89-abe0-8eeab83569a8', 1103.00, '2025-09-29 00:42:15.108', 'Broadband internet charges', 'BILL-27147', 'BSNL', NULL, NULL, '65f0d4f7-3f0c-4c5d-9043-b52e153aaa9b', 'c54500dd-f55d-4fcd-aa25-28570335499c', '2025-10-31 00:42:15.109', '2025-10-31 00:42:15.109');
INSERT INTO public.expenses VALUES ('ec5ee9a4-e3a9-40f0-befc-5665b160551a', 'EXP-TKV-1761871335111-12', '85b64dfa-0872-4942-83c3-489358ba6264', '5fa9011e-1ebb-48cd-8707-df67883fffe1', 58932.00, '2025-09-09 00:42:15.111', 'Staff salary payment for the month', 'BILL-84315', NULL, NULL, NULL, '65f0d4f7-3f0c-4c5d-9043-b52e153aaa9b', 'c54500dd-f55d-4fcd-aa25-28570335499c', '2025-10-31 00:42:15.112', '2025-10-31 00:42:15.112');
INSERT INTO public.expenses VALUES ('a7ebc169-0111-4801-81bc-2c7d849dad4f', 'EXP-TKV-1761871335114-13', '85b64dfa-0872-4942-83c3-489358ba6264', '5fa9011e-1ebb-48cd-8707-df67883fffe1', 59557.00, '2025-09-21 00:42:15.114', 'Staff salary payment for the month', 'BILL-56457', NULL, NULL, NULL, '65f0d4f7-3f0c-4c5d-9043-b52e153aaa9b', 'c54500dd-f55d-4fcd-aa25-28570335499c', '2025-10-31 00:42:15.115', '2025-10-31 00:42:15.115');
INSERT INTO public.expenses VALUES ('35cbe037-e6da-40b8-86f4-e46a25ec1947', 'EXP-TKV-1761871335117-14', '85b64dfa-0872-4942-83c3-489358ba6264', '376d2698-91ce-43a8-ae09-3f83b600ca8c', 774.00, '2025-09-24 00:42:15.117', 'Files, folders and documentation materials', 'BILL-50644', 'Stationary Shop', NULL, NULL, '65f0d4f7-3f0c-4c5d-9043-b52e153aaa9b', 'c54500dd-f55d-4fcd-aa25-28570335499c', '2025-10-31 00:42:15.118', '2025-10-31 00:42:15.118');
INSERT INTO public.expenses VALUES ('9d7caab1-75cc-4f60-9aac-f7ada37a2aaa', 'EXP-TKV-1761871335120-15', '85b64dfa-0872-4942-83c3-489358ba6264', '572f7432-409e-44de-8508-2ff8af1f0be6', 2154.00, '2025-09-09 00:42:15.12', 'AC servicing and maintenance', 'BILL-53136', 'Cool Tech Services', NULL, NULL, '65f0d4f7-3f0c-4c5d-9043-b52e153aaa9b', 'c54500dd-f55d-4fcd-aa25-28570335499c', '2025-10-31 00:42:15.122', '2025-10-31 00:42:15.122');
INSERT INTO public.expenses VALUES ('0bbef5ed-e4a5-4867-a34a-8d09e3f27178', 'EXP-TKV-1761871335124-16', '85b64dfa-0872-4942-83c3-489358ba6264', '572f7432-409e-44de-8508-2ff8af1f0be6', 2374.00, '2025-10-15 00:42:15.124', 'Electrical wiring and fixture repairs', 'BILL-79676', 'Electrical Services', NULL, NULL, '65f0d4f7-3f0c-4c5d-9043-b52e153aaa9b', 'c54500dd-f55d-4fcd-aa25-28570335499c', '2025-10-31 00:42:15.125', '2025-10-31 00:42:15.125');
INSERT INTO public.expenses VALUES ('ae5ea5e1-574e-4bce-8625-6a266439a122', 'EXP-TKV-1761871335126-17', '85b64dfa-0872-4942-83c3-489358ba6264', '572f7432-409e-44de-8508-2ff8af1f0be6', 3558.00, '2025-10-09 00:42:15.126', 'Shop maintenance and repairs', NULL, 'Quick Fix Solutions', NULL, NULL, '65f0d4f7-3f0c-4c5d-9043-b52e153aaa9b', 'c54500dd-f55d-4fcd-aa25-28570335499c', '2025-10-31 00:42:15.128', '2025-10-31 00:42:15.128');
INSERT INTO public.expenses VALUES ('debf9187-e3c9-4563-80b1-f944ca1a9fff', 'EXP-TKV-1761871335129-18', '85b64dfa-0872-4942-83c3-489358ba6264', '5880193a-3fa1-4206-acd7-447b5043b6b9', 761.00, '2025-09-16 00:42:15.129', 'Courier and shipping charges', 'BILL-51244', 'India Post', NULL, NULL, '65f0d4f7-3f0c-4c5d-9043-b52e153aaa9b', 'c54500dd-f55d-4fcd-aa25-28570335499c', '2025-10-31 00:42:15.13', '2025-10-31 00:42:15.13');
INSERT INTO public.expenses VALUES ('f4cbf080-dab4-4fe2-a4b7-2a0d9b47ca90', 'EXP-TKV-1761871335131-19', '85b64dfa-0872-4942-83c3-489358ba6264', 'd167ba52-8789-4608-8864-0370fb32e9e3', 2971.00, '2025-09-15 00:42:15.131', 'Local newspaper advertisement', 'BILL-49284', 'Daily Thanthi', NULL, NULL, '65f0d4f7-3f0c-4c5d-9043-b52e153aaa9b', 'c54500dd-f55d-4fcd-aa25-28570335499c', '2025-10-31 00:42:15.133', '2025-10-31 00:42:15.133');
INSERT INTO public.expenses VALUES ('1500266d-b1f0-4932-932c-e9fd9038f9c5', 'EXP-TKV-1761871335134-20', '85b64dfa-0872-4942-83c3-489358ba6264', 'd167ba52-8789-4608-8864-0370fb32e9e3', 1613.00, '2025-10-18 00:42:15.134', 'Local newspaper advertisement', 'BILL-47351', 'Dinakaran', NULL, NULL, '65f0d4f7-3f0c-4c5d-9043-b52e153aaa9b', 'c54500dd-f55d-4fcd-aa25-28570335499c', '2025-10-31 00:42:15.135', '2025-10-31 00:42:15.135');
INSERT INTO public.expenses VALUES ('899d8a5d-6eb6-42a7-b0a3-04a09adc2272', 'EXP-TKV-1761871335136-21', '85b64dfa-0872-4942-83c3-489358ba6264', 'd167ba52-8789-4608-8864-0370fb32e9e3', 2505.00, '2025-10-08 00:42:15.136', 'Local newspaper advertisement', 'BILL-61307', 'Dinakaran', NULL, NULL, '65f0d4f7-3f0c-4c5d-9043-b52e153aaa9b', 'c54500dd-f55d-4fcd-aa25-28570335499c', '2025-10-31 00:42:15.137', '2025-10-31 00:42:15.137');
INSERT INTO public.expenses VALUES ('2fb19b04-94cf-45a3-804f-9164c2a124dc', 'EXP-TKV-1761871335138-22', '85b64dfa-0872-4942-83c3-489358ba6264', 'c6590bd6-f349-4cc1-b76c-57073b175295', 6764.00, '2025-09-28 00:42:15.138', 'Shop insurance premium', NULL, 'ICICI Lombard', NULL, NULL, '65f0d4f7-3f0c-4c5d-9043-b52e153aaa9b', 'c54500dd-f55d-4fcd-aa25-28570335499c', '2025-10-31 00:42:15.14', '2025-10-31 00:42:15.14');
INSERT INTO public.expenses VALUES ('38431361-34e6-4c1b-9883-2c057af75289', 'EXP-TKV-1761871335141-23', '85b64dfa-0872-4942-83c3-489358ba6264', 'c6590bd6-f349-4cc1-b76c-57073b175295', 5788.00, '2025-10-22 00:42:15.141', 'Shop insurance premium', NULL, 'Bajaj Allianz', NULL, NULL, '65f0d4f7-3f0c-4c5d-9043-b52e153aaa9b', 'c54500dd-f55d-4fcd-aa25-28570335499c', '2025-10-31 00:42:15.142', '2025-10-31 00:42:15.142');
INSERT INTO public.expenses VALUES ('9d7b5610-a64f-4ed5-95db-b79f668e63e6', 'EXP-TKV-1761871335143-24', '85b64dfa-0872-4942-83c3-489358ba6264', 'c6590bd6-f349-4cc1-b76c-57073b175295', 4270.00, '2025-09-06 00:42:15.143', 'Shop insurance premium', 'BILL-75986', 'ICICI Lombard', NULL, NULL, '65f0d4f7-3f0c-4c5d-9043-b52e153aaa9b', 'c54500dd-f55d-4fcd-aa25-28570335499c', '2025-10-31 00:42:15.144', '2025-10-31 00:42:15.144');
INSERT INTO public.expenses VALUES ('a2505883-a634-487a-aca8-a51fbb2656c7', 'EXP-TKV-1761871335145-25', '85b64dfa-0872-4942-83c3-489358ba6264', '84a20644-c8d5-41e9-85b3-3eb45d9677f7', 3939.00, '2025-10-18 00:42:15.145', 'Accountant professional fees', 'BILL-30953', 'CA Associates', NULL, NULL, '65f0d4f7-3f0c-4c5d-9043-b52e153aaa9b', 'c54500dd-f55d-4fcd-aa25-28570335499c', '2025-10-31 00:42:15.147', '2025-10-31 00:42:15.147');
INSERT INTO public.expenses VALUES ('811cfd39-d63c-4903-949a-65c620b5b05b', 'EXP-TKV-1761871335148-26', '85b64dfa-0872-4942-83c3-489358ba6264', '40b38957-1a32-49f4-8610-6cc00cc6a2bf', 1899.00, '2025-09-02 00:42:15.148', 'Anti-static mat and equipment', 'BILL-49055', 'Safety Equipment Store', NULL, NULL, '65f0d4f7-3f0c-4c5d-9043-b52e153aaa9b', 'c54500dd-f55d-4fcd-aa25-28570335499c', '2025-10-31 00:42:15.149', '2025-10-31 00:42:15.149');
INSERT INTO public.expenses VALUES ('0653ae44-b6a3-46d7-aa79-22060e7af83c', 'EXP-TKV-1761871335150-27', '85b64dfa-0872-4942-83c3-489358ba6264', '81742f97-d89d-4f6c-bfac-f95411a6d704', 1358.00, '2025-09-27 00:42:15.15', 'Tea, coffee and snacks for staff', 'BILL-39353', 'Canteen', NULL, NULL, '65f0d4f7-3f0c-4c5d-9043-b52e153aaa9b', 'c54500dd-f55d-4fcd-aa25-28570335499c', '2025-10-31 00:42:15.152', '2025-10-31 00:42:15.152');
INSERT INTO public.expenses VALUES ('17755343-6396-46bb-9741-f49678a18485', 'EXP-TKV-1761871335153-28', '85b64dfa-0872-4942-83c3-489358ba6264', 'c5a5c325-0b1e-4a1b-828a-8cd419ef628f', 1219.00, '2025-10-05 00:42:15.153', 'Cleaning supplies purchase', NULL, 'Cleaning Supplies Store', NULL, NULL, '65f0d4f7-3f0c-4c5d-9043-b52e153aaa9b', 'c54500dd-f55d-4fcd-aa25-28570335499c', '2025-10-31 00:42:15.154', '2025-10-31 00:42:15.154');
INSERT INTO public.expenses VALUES ('a6fcc968-0427-4787-b585-6faaa5f4d28e', 'EXP-TKV-1761871335156-29', '85b64dfa-0872-4942-83c3-489358ba6264', '2549c089-011e-4f7d-b914-4d82b98e5291', 622.00, '2025-10-05 00:42:15.156', 'Miscellaneous office expenses', 'BILL-16680', NULL, NULL, NULL, '65f0d4f7-3f0c-4c5d-9043-b52e153aaa9b', 'c54500dd-f55d-4fcd-aa25-28570335499c', '2025-10-31 00:42:15.157', '2025-10-31 00:42:15.157');
INSERT INTO public.expenses VALUES ('776e2642-0e92-4d3d-ac18-a23863d2f4a1', 'EXP-TKV-1761871335159-30', '85b64dfa-0872-4942-83c3-489358ba6264', '2549c089-011e-4f7d-b914-4d82b98e5291', 325.00, '2025-10-12 00:42:15.159', 'Parking and miscellaneous charges', NULL, NULL, NULL, NULL, '65f0d4f7-3f0c-4c5d-9043-b52e153aaa9b', 'c54500dd-f55d-4fcd-aa25-28570335499c', '2025-10-31 00:42:15.161', '2025-10-31 00:42:15.161');
INSERT INTO public.expenses VALUES ('b51409f8-3258-4a34-b389-67d1d8baf7a5', 'EXP-TKV-1761871335162-31', '85b64dfa-0872-4942-83c3-489358ba6264', '2549c089-011e-4f7d-b914-4d82b98e5291', 544.00, '2025-10-17 00:42:15.162', 'Bank charges and transaction fees', 'BILL-51706', NULL, NULL, NULL, '65f0d4f7-3f0c-4c5d-9043-b52e153aaa9b', 'c54500dd-f55d-4fcd-aa25-28570335499c', '2025-10-31 00:42:15.164', '2025-10-31 00:42:15.164');
INSERT INTO public.expenses VALUES ('fff6824e-cfe7-4d33-9fa8-352ab86a5d5d', 'EXP-GNG-1761871335169-0', 'c3f2e56e-3e75-4721-be53-de1e8ef799d8', '0baab919-f06f-4e3e-b211-604d18149b7b', 17966.00, '2025-10-13 00:42:15.169', 'Monthly shop rent payment', NULL, 'Sri Krishna Properties', NULL, NULL, 'e4d85aa7-5bc3-4e6f-b027-dc786f855a8b', 'c54500dd-f55d-4fcd-aa25-28570335499c', '2025-10-31 00:42:15.171', '2025-10-31 00:42:15.171');
INSERT INTO public.expenses VALUES ('9680768a-e6e3-4ec0-8970-817b3bb2144e', 'EXP-GNG-1761871335174-1', 'c3f2e56e-3e75-4721-be53-de1e8ef799d8', '0baab919-f06f-4e3e-b211-604d18149b7b', 16770.00, '2025-09-22 00:42:15.174', 'Monthly shop rent payment', 'BILL-46393', 'Tamil Nadu Real Estate', NULL, NULL, 'e4d85aa7-5bc3-4e6f-b027-dc786f855a8b', 'c54500dd-f55d-4fcd-aa25-28570335499c', '2025-10-31 00:42:15.175', '2025-10-31 00:42:15.175');
INSERT INTO public.expenses VALUES ('df6fee45-ea4e-4d4c-b13a-38b55d9e1ea3', 'EXP-GNG-1761871335177-2', 'c3f2e56e-3e75-4721-be53-de1e8ef799d8', '0baab919-f06f-4e3e-b211-604d18149b7b', 24546.00, '2025-09-21 00:42:15.177', 'Monthly shop rent payment', 'BILL-11133', 'Sri Krishna Properties', NULL, NULL, 'e4d85aa7-5bc3-4e6f-b027-dc786f855a8b', 'c54500dd-f55d-4fcd-aa25-28570335499c', '2025-10-31 00:42:15.179', '2025-10-31 00:42:15.179');
INSERT INTO public.expenses VALUES ('e0bb4659-a523-4690-a855-799fbdb96c51', 'EXP-GNG-1761871335181-3', 'c3f2e56e-3e75-4721-be53-de1e8ef799d8', '0a2fbe97-eedb-4a4d-9a51-f4787caf3ff0', 3044.00, '2025-09-08 00:42:15.181', 'Electricity bill payment', 'BILL-92387', 'TNEB', NULL, NULL, 'e4d85aa7-5bc3-4e6f-b027-dc786f855a8b', 'c54500dd-f55d-4fcd-aa25-28570335499c', '2025-10-31 00:42:15.183', '2025-10-31 00:42:15.183');
INSERT INTO public.expenses VALUES ('9f046d4b-a17b-42f6-a3df-9e2f8b8724f9', 'EXP-GNG-1761871335185-4', 'c3f2e56e-3e75-4721-be53-de1e8ef799d8', '0a2fbe97-eedb-4a4d-9a51-f4787caf3ff0', 3156.00, '2025-09-25 00:42:15.185', 'Electricity bill payment', NULL, 'TNEB', NULL, NULL, 'e4d85aa7-5bc3-4e6f-b027-dc786f855a8b', 'c54500dd-f55d-4fcd-aa25-28570335499c', '2025-10-31 00:42:15.186', '2025-10-31 00:42:15.186');
INSERT INTO public.expenses VALUES ('0f051146-b14a-469d-9de4-553c04c38f37', 'EXP-GNG-1761871335188-5', 'c3f2e56e-3e75-4721-be53-de1e8ef799d8', '0a2fbe97-eedb-4a4d-9a51-f4787caf3ff0', 2598.00, '2025-10-07 00:42:15.188', 'Electricity bill payment', 'BILL-75443', 'TNEB', NULL, NULL, 'e4d85aa7-5bc3-4e6f-b027-dc786f855a8b', 'c54500dd-f55d-4fcd-aa25-28570335499c', '2025-10-31 00:42:15.189', '2025-10-31 00:42:15.189');
INSERT INTO public.expenses VALUES ('c4fb3724-7b00-4728-87c3-3785616f4c55', 'EXP-GNG-1761871335191-6', 'c3f2e56e-3e75-4721-be53-de1e8ef799d8', 'fbe9eaad-4b23-4d80-a575-1972225bfc96', 460.00, '2025-09-20 00:42:15.191', 'Water bill payment', NULL, 'Municipal Water Supply', NULL, NULL, 'e4d85aa7-5bc3-4e6f-b027-dc786f855a8b', 'c54500dd-f55d-4fcd-aa25-28570335499c', '2025-10-31 00:42:15.192', '2025-10-31 00:42:15.192');
INSERT INTO public.expenses VALUES ('cb293eb6-aba1-402b-bfa3-b615775a43c2', 'EXP-GNG-1761871335194-7', 'c3f2e56e-3e75-4721-be53-de1e8ef799d8', 'fbe9eaad-4b23-4d80-a575-1972225bfc96', 770.00, '2025-10-27 00:42:15.194', 'Water bill payment', 'BILL-14821', 'Municipal Water Supply', NULL, NULL, 'e4d85aa7-5bc3-4e6f-b027-dc786f855a8b', 'c54500dd-f55d-4fcd-aa25-28570335499c', '2025-10-31 00:42:15.196', '2025-10-31 00:42:15.196');
INSERT INTO public.expenses VALUES ('bd0d481f-2eb0-4f6b-860e-c12cd114802f', 'EXP-GNG-1761871335198-8', 'c3f2e56e-3e75-4721-be53-de1e8ef799d8', 'fbe9eaad-4b23-4d80-a575-1972225bfc96', 800.00, '2025-10-07 00:42:15.198', 'Water bill payment', NULL, 'Municipal Water Supply', NULL, NULL, 'e4d85aa7-5bc3-4e6f-b027-dc786f855a8b', 'c54500dd-f55d-4fcd-aa25-28570335499c', '2025-10-31 00:42:15.2', '2025-10-31 00:42:15.2');
INSERT INTO public.expenses VALUES ('02e5b013-760f-428c-b04d-d598c558f8c3', 'EXP-GNG-1761871335201-9', 'c3f2e56e-3e75-4721-be53-de1e8ef799d8', '855c97f9-1921-4e89-abe0-8eeab83569a8', 908.00, '2025-10-13 00:42:15.201', 'Broadband internet charges', 'BILL-2081', 'Jio Fiber', NULL, NULL, 'e4d85aa7-5bc3-4e6f-b027-dc786f855a8b', 'c54500dd-f55d-4fcd-aa25-28570335499c', '2025-10-31 00:42:15.203', '2025-10-31 00:42:15.203');
INSERT INTO public.expenses VALUES ('72bec785-7e55-4c6c-b089-8a13d764c309', 'EXP-GNG-1761871335206-10', 'c3f2e56e-3e75-4721-be53-de1e8ef799d8', '855c97f9-1921-4e89-abe0-8eeab83569a8', 1125.00, '2025-10-25 00:42:15.205', 'Broadband internet charges', 'BILL-53441', 'BSNL', NULL, NULL, 'e4d85aa7-5bc3-4e6f-b027-dc786f855a8b', 'c54500dd-f55d-4fcd-aa25-28570335499c', '2025-10-31 00:42:15.207', '2025-10-31 00:42:15.207');
INSERT INTO public.expenses VALUES ('36595f3c-3cb3-487b-b2ae-10fc658bca62', 'EXP-GNG-1761871335209-11', 'c3f2e56e-3e75-4721-be53-de1e8ef799d8', '5fa9011e-1ebb-48cd-8707-df67883fffe1', 76416.00, '2025-09-11 00:42:15.209', 'Staff salary payment for the month', 'BILL-35230', NULL, NULL, NULL, 'e4d85aa7-5bc3-4e6f-b027-dc786f855a8b', 'c54500dd-f55d-4fcd-aa25-28570335499c', '2025-10-31 00:42:15.211', '2025-10-31 00:42:15.211');
INSERT INTO public.expenses VALUES ('65a101d3-f94e-44ef-8a08-51fba10e6a1e', 'EXP-GNG-1761871335212-12', 'c3f2e56e-3e75-4721-be53-de1e8ef799d8', '5fa9011e-1ebb-48cd-8707-df67883fffe1', 68923.00, '2025-10-25 00:42:15.212', 'Staff salary payment for the month', 'BILL-17833', NULL, NULL, NULL, 'e4d85aa7-5bc3-4e6f-b027-dc786f855a8b', 'c54500dd-f55d-4fcd-aa25-28570335499c', '2025-10-31 00:42:15.214', '2025-10-31 00:42:15.214');
INSERT INTO public.expenses VALUES ('a14f0a7f-a57f-4ffe-9da0-28482c070fc3', 'EXP-GNG-1761871335215-13', 'c3f2e56e-3e75-4721-be53-de1e8ef799d8', '5fa9011e-1ebb-48cd-8707-df67883fffe1', 43237.00, '2025-10-06 00:42:15.215', 'Staff salary payment for the month', NULL, NULL, NULL, NULL, 'e4d85aa7-5bc3-4e6f-b027-dc786f855a8b', 'c54500dd-f55d-4fcd-aa25-28570335499c', '2025-10-31 00:42:15.216', '2025-10-31 00:42:15.216');
INSERT INTO public.expenses VALUES ('09ae90c4-4b10-469b-a3c8-a313baa18501', 'EXP-GNG-1761871335217-14', 'c3f2e56e-3e75-4721-be53-de1e8ef799d8', '376d2698-91ce-43a8-ae09-3f83b600ca8c', 645.00, '2025-10-10 00:42:15.217', 'Files, folders and documentation materials', 'BILL-35344', 'Stationary Shop', NULL, NULL, 'e4d85aa7-5bc3-4e6f-b027-dc786f855a8b', 'c54500dd-f55d-4fcd-aa25-28570335499c', '2025-10-31 00:42:15.218', '2025-10-31 00:42:15.218');
INSERT INTO public.expenses VALUES ('5ff7642a-3654-4f61-88d0-3b603bd2e792', 'EXP-GNG-1761871335220-15', 'c3f2e56e-3e75-4721-be53-de1e8ef799d8', '376d2698-91ce-43a8-ae09-3f83b600ca8c', 782.00, '2025-09-19 00:42:15.22', 'Files, folders and documentation materials', 'BILL-29453', 'Stationary Shop', NULL, NULL, 'e4d85aa7-5bc3-4e6f-b027-dc786f855a8b', 'c54500dd-f55d-4fcd-aa25-28570335499c', '2025-10-31 00:42:15.223', '2025-10-31 00:42:15.223');
INSERT INTO public.expenses VALUES ('c49e8e32-4224-4684-9abe-c10988540c12', 'EXP-GNG-1761871335225-16', 'c3f2e56e-3e75-4721-be53-de1e8ef799d8', '572f7432-409e-44de-8508-2ff8af1f0be6', 4203.00, '2025-10-30 00:42:15.225', 'Shop maintenance and repairs', 'BILL-1936', 'Local Maintenance Services', NULL, NULL, 'e4d85aa7-5bc3-4e6f-b027-dc786f855a8b', 'c54500dd-f55d-4fcd-aa25-28570335499c', '2025-10-31 00:42:15.227', '2025-10-31 00:42:15.227');
INSERT INTO public.expenses VALUES ('8d21fd89-b416-4a42-9196-ed38f1bc7d37', 'EXP-GNG-1761871335228-17', 'c3f2e56e-3e75-4721-be53-de1e8ef799d8', '572f7432-409e-44de-8508-2ff8af1f0be6', 570.00, '2025-10-06 00:42:15.228', 'Plumbing repair work', NULL, 'Local Plumber', NULL, NULL, 'e4d85aa7-5bc3-4e6f-b027-dc786f855a8b', 'c54500dd-f55d-4fcd-aa25-28570335499c', '2025-10-31 00:42:15.23', '2025-10-31 00:42:15.23');
INSERT INTO public.expenses VALUES ('1ca55077-a921-4f15-976c-63ddc6fa71b8', 'EXP-GNG-1761871335231-18', 'c3f2e56e-3e75-4721-be53-de1e8ef799d8', '5880193a-3fa1-4206-acd7-447b5043b6b9', 446.00, '2025-10-08 00:42:15.231', 'Courier and shipping charges', 'BILL-46361', 'Blue Dart', NULL, NULL, 'e4d85aa7-5bc3-4e6f-b027-dc786f855a8b', 'c54500dd-f55d-4fcd-aa25-28570335499c', '2025-10-31 00:42:15.233', '2025-10-31 00:42:15.233');
INSERT INTO public.expenses VALUES ('e992d03f-5da6-47c0-978c-50d69995bedd', 'EXP-GNG-1761871335234-19', 'c3f2e56e-3e75-4721-be53-de1e8ef799d8', '5880193a-3fa1-4206-acd7-447b5043b6b9', 366.00, '2025-10-06 00:42:15.234', 'Courier and shipping charges', 'BILL-87435', 'India Post', NULL, NULL, 'e4d85aa7-5bc3-4e6f-b027-dc786f855a8b', 'c54500dd-f55d-4fcd-aa25-28570335499c', '2025-10-31 00:42:15.235', '2025-10-31 00:42:15.235');
INSERT INTO public.expenses VALUES ('238f55db-60ed-4c08-9298-957f87fd20ed', 'EXP-GNG-1761871335238-20', 'c3f2e56e-3e75-4721-be53-de1e8ef799d8', 'd167ba52-8789-4608-8864-0370fb32e9e3', 1207.00, '2025-10-21 00:42:15.238', 'Printing of flyers and banners', 'BILL-6023', 'Banner World', NULL, NULL, 'e4d85aa7-5bc3-4e6f-b027-dc786f855a8b', 'c54500dd-f55d-4fcd-aa25-28570335499c', '2025-10-31 00:42:15.24', '2025-10-31 00:42:15.24');
INSERT INTO public.expenses VALUES ('3af44bd4-c80b-47a5-80df-1fc5070ef6ff', 'EXP-GNG-1761871335242-21', 'c3f2e56e-3e75-4721-be53-de1e8ef799d8', 'd167ba52-8789-4608-8864-0370fb32e9e3', 1128.00, '2025-10-04 00:42:15.242', 'Printing of flyers and banners', 'BILL-72231', 'Digital Prints', NULL, NULL, 'e4d85aa7-5bc3-4e6f-b027-dc786f855a8b', 'c54500dd-f55d-4fcd-aa25-28570335499c', '2025-10-31 00:42:15.243', '2025-10-31 00:42:15.243');
INSERT INTO public.expenses VALUES ('1e272682-d0df-492d-9be9-e9207ad9b5d2', 'EXP-GNG-1761871335245-22', 'c3f2e56e-3e75-4721-be53-de1e8ef799d8', 'c6590bd6-f349-4cc1-b76c-57073b175295', 7460.00, '2025-09-05 00:42:15.245', 'Shop insurance premium', 'BILL-58355', 'ICICI Lombard', NULL, NULL, 'e4d85aa7-5bc3-4e6f-b027-dc786f855a8b', 'c54500dd-f55d-4fcd-aa25-28570335499c', '2025-10-31 00:42:15.246', '2025-10-31 00:42:15.246');
INSERT INTO public.expenses VALUES ('0eb52ec1-3815-4bcd-9493-1dd559a499b0', 'EXP-GNG-1761871335247-23', 'c3f2e56e-3e75-4721-be53-de1e8ef799d8', 'c6590bd6-f349-4cc1-b76c-57073b175295', 5962.00, '2025-10-27 00:42:15.247', 'Shop insurance premium', 'BILL-62548', 'ICICI Lombard', NULL, NULL, 'e4d85aa7-5bc3-4e6f-b027-dc786f855a8b', 'c54500dd-f55d-4fcd-aa25-28570335499c', '2025-10-31 00:42:15.248', '2025-10-31 00:42:15.248');
INSERT INTO public.expenses VALUES ('03c70761-d0cb-4072-8101-de0a8d97a5c1', 'EXP-GNG-1761871335249-24', 'c3f2e56e-3e75-4721-be53-de1e8ef799d8', '84a20644-c8d5-41e9-85b3-3eb45d9677f7', 3323.00, '2025-10-27 00:42:15.249', 'Accountant professional fees', NULL, 'CA Associates', NULL, NULL, 'e4d85aa7-5bc3-4e6f-b027-dc786f855a8b', 'c54500dd-f55d-4fcd-aa25-28570335499c', '2025-10-31 00:42:15.251', '2025-10-31 00:42:15.251');
INSERT INTO public.expenses VALUES ('31be2d90-3281-4204-8d25-c5b2ed74574a', 'EXP-GNG-1761871335252-25', 'c3f2e56e-3e75-4721-be53-de1e8ef799d8', '84a20644-c8d5-41e9-85b3-3eb45d9677f7', 3480.00, '2025-10-21 00:42:15.252', 'Accountant professional fees', 'BILL-79478', 'Tax Consultants', NULL, NULL, 'e4d85aa7-5bc3-4e6f-b027-dc786f855a8b', 'c54500dd-f55d-4fcd-aa25-28570335499c', '2025-10-31 00:42:15.253', '2025-10-31 00:42:15.253');
INSERT INTO public.expenses VALUES ('19bd3f6e-5207-4cea-b1d9-98f99077e34d', 'EXP-GNG-1761871335255-26', 'c3f2e56e-3e75-4721-be53-de1e8ef799d8', '84a20644-c8d5-41e9-85b3-3eb45d9677f7', 3854.00, '2025-10-01 00:42:15.255', 'Accountant professional fees', NULL, 'CA Associates', NULL, NULL, 'e4d85aa7-5bc3-4e6f-b027-dc786f855a8b', 'c54500dd-f55d-4fcd-aa25-28570335499c', '2025-10-31 00:42:15.256', '2025-10-31 00:42:15.256');
INSERT INTO public.expenses VALUES ('8e598ed3-6122-4da7-9ae4-8e48f2319d11', 'EXP-GNG-1761871335258-27', 'c3f2e56e-3e75-4721-be53-de1e8ef799d8', '40b38957-1a32-49f4-8610-6cc00cc6a2bf', 2187.00, '2025-09-09 00:42:15.258', 'Mobile opening tools kit', NULL, 'Repair Tools Supplier', NULL, NULL, 'e4d85aa7-5bc3-4e6f-b027-dc786f855a8b', 'c54500dd-f55d-4fcd-aa25-28570335499c', '2025-10-31 00:42:15.259', '2025-10-31 00:42:15.259');
INSERT INTO public.expenses VALUES ('be20a9b6-bd27-4655-b8a0-b256ba2d75b8', 'EXP-GNG-1761871335260-28', 'c3f2e56e-3e75-4721-be53-de1e8ef799d8', '40b38957-1a32-49f4-8610-6cc00cc6a2bf', 2081.00, '2025-10-24 00:42:15.26', 'Anti-static mat and equipment', 'BILL-99338', 'Safety Equipment Store', NULL, NULL, 'e4d85aa7-5bc3-4e6f-b027-dc786f855a8b', 'c54500dd-f55d-4fcd-aa25-28570335499c', '2025-10-31 00:42:15.261', '2025-10-31 00:42:15.261');
INSERT INTO public.expenses VALUES ('ced88679-b720-4744-8ab1-e4ea2dbc74ec', 'EXP-GNG-1761871335263-29', 'c3f2e56e-3e75-4721-be53-de1e8ef799d8', '40b38957-1a32-49f4-8610-6cc00cc6a2bf', 8605.00, '2025-10-11 00:42:15.263', 'Purchase of repair tools and equipment', 'BILL-92538', 'Tool Mart', NULL, NULL, 'e4d85aa7-5bc3-4e6f-b027-dc786f855a8b', 'c54500dd-f55d-4fcd-aa25-28570335499c', '2025-10-31 00:42:15.265', '2025-10-31 00:42:15.265');
INSERT INTO public.expenses VALUES ('359d6d41-e6cc-46a3-988c-73aee47385b8', 'EXP-GNG-1761871335266-30', 'c3f2e56e-3e75-4721-be53-de1e8ef799d8', '81742f97-d89d-4f6c-bfac-f95411a6d704', 793.00, '2025-10-02 00:42:15.266', 'Water bottles and refreshments', NULL, 'Local Store', NULL, NULL, 'e4d85aa7-5bc3-4e6f-b027-dc786f855a8b', 'c54500dd-f55d-4fcd-aa25-28570335499c', '2025-10-31 00:42:15.267', '2025-10-31 00:42:15.267');
INSERT INTO public.expenses VALUES ('71498b6b-6578-4f70-88cc-b15390e1551e', 'EXP-GNG-1761871335269-31', 'c3f2e56e-3e75-4721-be53-de1e8ef799d8', '81742f97-d89d-4f6c-bfac-f95411a6d704', 733.00, '2025-10-23 00:42:15.269', 'Water bottles and refreshments', 'BILL-19206', 'Bisleri Distributor', NULL, NULL, 'e4d85aa7-5bc3-4e6f-b027-dc786f855a8b', 'c54500dd-f55d-4fcd-aa25-28570335499c', '2025-10-31 00:42:15.271', '2025-10-31 00:42:15.271');
INSERT INTO public.expenses VALUES ('1d5324f5-dea8-42af-966c-19d65c809874', 'EXP-GNG-1761871335272-32', 'c3f2e56e-3e75-4721-be53-de1e8ef799d8', 'c5a5c325-0b1e-4a1b-828a-8cd419ef628f', 1360.00, '2025-09-06 00:42:15.272', 'Housekeeping service charges', 'BILL-34926', 'Cleaning Services', NULL, NULL, 'e4d85aa7-5bc3-4e6f-b027-dc786f855a8b', 'c54500dd-f55d-4fcd-aa25-28570335499c', '2025-10-31 00:42:15.274', '2025-10-31 00:42:15.274');
INSERT INTO public.expenses VALUES ('d0725ea8-f620-49a6-9b01-5d28993524df', 'EXP-GNG-1761871335275-33', 'c3f2e56e-3e75-4721-be53-de1e8ef799d8', 'c5a5c325-0b1e-4a1b-828a-8cd419ef628f', 2353.00, '2025-09-29 00:42:15.275', 'Housekeeping service charges', 'BILL-42784', 'Cleaning Services', NULL, NULL, 'e4d85aa7-5bc3-4e6f-b027-dc786f855a8b', 'c54500dd-f55d-4fcd-aa25-28570335499c', '2025-10-31 00:42:15.276', '2025-10-31 00:42:15.276');
INSERT INTO public.expenses VALUES ('ec2cff80-1ccc-4a26-bb46-1522ff25983d', 'EXP-GNG-1761871335277-34', 'c3f2e56e-3e75-4721-be53-de1e8ef799d8', '2549c089-011e-4f7d-b914-4d82b98e5291', 653.00, '2025-09-08 00:42:15.277', 'Bank charges and transaction fees', 'BILL-44591', NULL, NULL, NULL, 'e4d85aa7-5bc3-4e6f-b027-dc786f855a8b', 'c54500dd-f55d-4fcd-aa25-28570335499c', '2025-10-31 00:42:15.278', '2025-10-31 00:42:15.278');
INSERT INTO public.expenses VALUES ('c6a21de3-95a6-4d06-8cca-3c5ef0c23876', 'EXP-GNG-1761871335279-35', 'c3f2e56e-3e75-4721-be53-de1e8ef799d8', '2549c089-011e-4f7d-b914-4d82b98e5291', 349.00, '2025-10-09 00:42:15.279', 'Bank charges and transaction fees', 'BILL-6679', NULL, NULL, NULL, 'e4d85aa7-5bc3-4e6f-b027-dc786f855a8b', 'c54500dd-f55d-4fcd-aa25-28570335499c', '2025-10-31 00:42:15.281', '2025-10-31 00:42:15.281');
INSERT INTO public.expenses VALUES ('b2b7761e-ad9c-4419-a8a8-314b4aa1c25c', 'EXP-GNG-1761871335282-36', 'c3f2e56e-3e75-4721-be53-de1e8ef799d8', '2549c089-011e-4f7d-b914-4d82b98e5291', 205.00, '2025-09-11 00:42:15.282', 'Bank charges and transaction fees', 'BILL-6731', NULL, NULL, NULL, 'e4d85aa7-5bc3-4e6f-b027-dc786f855a8b', 'c54500dd-f55d-4fcd-aa25-28570335499c', '2025-10-31 00:42:15.283', '2025-10-31 00:42:15.283');
INSERT INTO public.expenses VALUES ('23d81512-a921-4d8f-8f13-eeab28f3a22b', 'EXP-TND-1761871335287-0', '291b0188-2f77-4b8c-8127-22de295e6290', '0baab919-f06f-4e3e-b211-604d18149b7b', 24314.00, '2025-09-13 00:42:15.287', 'Monthly shop rent payment', NULL, 'Tamil Nadu Real Estate', NULL, NULL, 'b188cab7-f1f1-4749-89f9-8edd08c0883c', 'c54500dd-f55d-4fcd-aa25-28570335499c', '2025-10-31 00:42:15.289', '2025-10-31 00:42:15.289');
INSERT INTO public.expenses VALUES ('717fa2c6-a8ec-4ee5-b839-8c939d918d8c', 'EXP-TND-1761871335291-1', '291b0188-2f77-4b8c-8127-22de295e6290', '0baab919-f06f-4e3e-b211-604d18149b7b', 20778.00, '2025-10-23 00:42:15.291', 'Monthly shop rent payment', 'BILL-66833', 'Sri Krishna Properties', NULL, NULL, 'b188cab7-f1f1-4749-89f9-8edd08c0883c', 'c54500dd-f55d-4fcd-aa25-28570335499c', '2025-10-31 00:42:15.293', '2025-10-31 00:42:15.293');
INSERT INTO public.expenses VALUES ('f2782231-42ca-4a19-b645-b638f71632b1', 'EXP-TND-1761871335295-2', '291b0188-2f77-4b8c-8127-22de295e6290', '0a2fbe97-eedb-4a4d-9a51-f4787caf3ff0', 2383.00, '2025-10-31 00:42:15.295', 'Electricity bill payment', 'BILL-95387', 'TNEB', NULL, NULL, 'b188cab7-f1f1-4749-89f9-8edd08c0883c', 'c54500dd-f55d-4fcd-aa25-28570335499c', '2025-10-31 00:42:15.296', '2025-10-31 00:42:15.296');
INSERT INTO public.expenses VALUES ('87b004b5-9419-43be-a537-0fe34940eb0a', 'EXP-TND-1761871335298-3', '291b0188-2f77-4b8c-8127-22de295e6290', '0a2fbe97-eedb-4a4d-9a51-f4787caf3ff0', 3999.00, '2025-09-29 00:42:15.298', 'Electricity bill payment', 'BILL-17606', 'TNEB', NULL, NULL, 'b188cab7-f1f1-4749-89f9-8edd08c0883c', 'c54500dd-f55d-4fcd-aa25-28570335499c', '2025-10-31 00:42:15.299', '2025-10-31 00:42:15.299');
INSERT INTO public.expenses VALUES ('d0b93289-d97a-4cc2-9ad7-a49f8eabcac0', 'EXP-TND-1761871335301-4', '291b0188-2f77-4b8c-8127-22de295e6290', '0a2fbe97-eedb-4a4d-9a51-f4787caf3ff0', 2862.00, '2025-10-07 00:42:15.301', 'Electricity bill payment', NULL, 'TNEB', NULL, NULL, 'b188cab7-f1f1-4749-89f9-8edd08c0883c', 'c54500dd-f55d-4fcd-aa25-28570335499c', '2025-10-31 00:42:15.302', '2025-10-31 00:42:15.302');
INSERT INTO public.expenses VALUES ('85ad6fa1-e3c6-4fe4-9afa-31bda8465c92', 'EXP-TND-1761871335304-5', '291b0188-2f77-4b8c-8127-22de295e6290', 'fbe9eaad-4b23-4d80-a575-1972225bfc96', 388.00, '2025-09-21 00:42:15.304', 'Water bill payment', 'BILL-17589', 'Municipal Water Supply', NULL, NULL, 'b188cab7-f1f1-4749-89f9-8edd08c0883c', 'c54500dd-f55d-4fcd-aa25-28570335499c', '2025-10-31 00:42:15.306', '2025-10-31 00:42:15.306');
INSERT INTO public.expenses VALUES ('fcab032f-d567-41e3-984d-9cd4c4ed606d', 'EXP-TND-1761871335308-6', '291b0188-2f77-4b8c-8127-22de295e6290', 'fbe9eaad-4b23-4d80-a575-1972225bfc96', 456.00, '2025-09-23 00:42:15.308', 'Water bill payment', 'BILL-56041', 'Municipal Water Supply', NULL, NULL, 'b188cab7-f1f1-4749-89f9-8edd08c0883c', 'c54500dd-f55d-4fcd-aa25-28570335499c', '2025-10-31 00:42:15.309', '2025-10-31 00:42:15.309');
INSERT INTO public.expenses VALUES ('57b8e65b-16c7-45af-92de-96a9ab700e8e', 'EXP-TND-1761871335312-7', '291b0188-2f77-4b8c-8127-22de295e6290', 'fbe9eaad-4b23-4d80-a575-1972225bfc96', 312.00, '2025-09-16 00:42:15.312', 'Water bill payment', NULL, 'Municipal Water Supply', NULL, NULL, 'b188cab7-f1f1-4749-89f9-8edd08c0883c', 'c54500dd-f55d-4fcd-aa25-28570335499c', '2025-10-31 00:42:15.313', '2025-10-31 00:42:15.313');
INSERT INTO public.expenses VALUES ('c06f72d4-904b-4ac2-a64a-71027f4f777a', 'EXP-TND-1761871335315-8', '291b0188-2f77-4b8c-8127-22de295e6290', '855c97f9-1921-4e89-abe0-8eeab83569a8', 1258.00, '2025-09-28 00:42:15.315', 'Broadband internet charges', 'BILL-37404', 'Airtel', NULL, NULL, 'b188cab7-f1f1-4749-89f9-8edd08c0883c', 'c54500dd-f55d-4fcd-aa25-28570335499c', '2025-10-31 00:42:15.317', '2025-10-31 00:42:15.317');
INSERT INTO public.expenses VALUES ('426b7f3f-c22c-4c09-9206-3e6edd00cf2d', 'EXP-TND-1761871335318-9', '291b0188-2f77-4b8c-8127-22de295e6290', '855c97f9-1921-4e89-abe0-8eeab83569a8', 1441.00, '2025-10-24 00:42:15.318', 'Broadband internet charges', 'BILL-12780', 'Jio Fiber', NULL, NULL, 'b188cab7-f1f1-4749-89f9-8edd08c0883c', 'c54500dd-f55d-4fcd-aa25-28570335499c', '2025-10-31 00:42:15.319', '2025-10-31 00:42:15.319');
INSERT INTO public.expenses VALUES ('1c382320-4c5e-45f0-9895-0e1f58f12b5d', 'EXP-TND-1761871335322-10', '291b0188-2f77-4b8c-8127-22de295e6290', '5fa9011e-1ebb-48cd-8707-df67883fffe1', 59104.00, '2025-10-15 00:42:15.322', 'Staff salary payment for the month', NULL, NULL, NULL, NULL, 'b188cab7-f1f1-4749-89f9-8edd08c0883c', 'c54500dd-f55d-4fcd-aa25-28570335499c', '2025-10-31 00:42:15.323', '2025-10-31 00:42:15.323');
INSERT INTO public.expenses VALUES ('719d9989-9904-452f-8908-5aea00f11620', 'EXP-TND-1761871335325-11', '291b0188-2f77-4b8c-8127-22de295e6290', '5fa9011e-1ebb-48cd-8707-df67883fffe1', 46963.00, '2025-10-05 00:42:15.325', 'Staff salary payment for the month', 'BILL-16868', NULL, NULL, NULL, 'b188cab7-f1f1-4749-89f9-8edd08c0883c', 'c54500dd-f55d-4fcd-aa25-28570335499c', '2025-10-31 00:42:15.327', '2025-10-31 00:42:15.327');
INSERT INTO public.expenses VALUES ('26dd77fe-0172-41fe-8edb-d9f50445ffb4', 'EXP-TND-1761871335329-12', '291b0188-2f77-4b8c-8127-22de295e6290', '5fa9011e-1ebb-48cd-8707-df67883fffe1', 76746.00, '2025-10-02 00:42:15.329', 'Staff salary payment for the month', NULL, NULL, NULL, NULL, 'b188cab7-f1f1-4749-89f9-8edd08c0883c', 'c54500dd-f55d-4fcd-aa25-28570335499c', '2025-10-31 00:42:15.33', '2025-10-31 00:42:15.33');
INSERT INTO public.expenses VALUES ('24bdaa11-e97e-458b-8103-35903771c659', 'EXP-TND-1761871335332-13', '291b0188-2f77-4b8c-8127-22de295e6290', '376d2698-91ce-43a8-ae09-3f83b600ca8c', 1833.00, '2025-09-11 00:42:15.332', 'Purchase of stationery and office supplies', 'BILL-23260', 'Local Stationers', NULL, NULL, 'b188cab7-f1f1-4749-89f9-8edd08c0883c', 'c54500dd-f55d-4fcd-aa25-28570335499c', '2025-10-31 00:42:15.333', '2025-10-31 00:42:15.333');
INSERT INTO public.expenses VALUES ('fa00f8f8-90de-4ed5-b360-f5e34ea417a3', 'EXP-TND-1761871335335-14', '291b0188-2f77-4b8c-8127-22de295e6290', '376d2698-91ce-43a8-ae09-3f83b600ca8c', 1497.00, '2025-09-22 00:42:15.335', 'Printer ink and paper purchase', 'BILL-59867', 'Office Supplies', NULL, NULL, 'b188cab7-f1f1-4749-89f9-8edd08c0883c', 'c54500dd-f55d-4fcd-aa25-28570335499c', '2025-10-31 00:42:15.337', '2025-10-31 00:42:15.337');
INSERT INTO public.expenses VALUES ('20059423-0a0e-46cf-9c8a-a5881295f3fb', 'EXP-TND-1761871335339-15', '291b0188-2f77-4b8c-8127-22de295e6290', '376d2698-91ce-43a8-ae09-3f83b600ca8c', 1373.00, '2025-09-09 00:42:15.339', 'Printer ink and paper purchase', NULL, 'HP Store', NULL, NULL, 'b188cab7-f1f1-4749-89f9-8edd08c0883c', 'c54500dd-f55d-4fcd-aa25-28570335499c', '2025-10-31 00:42:15.34', '2025-10-31 00:42:15.34');
INSERT INTO public.expenses VALUES ('7117a0ef-b0a4-47bf-b41f-5d481362feb8', 'EXP-TND-1761871335342-16', '291b0188-2f77-4b8c-8127-22de295e6290', '572f7432-409e-44de-8508-2ff8af1f0be6', 2646.00, '2025-09-03 00:42:15.341', 'AC servicing and maintenance', NULL, 'AC Care', NULL, NULL, 'b188cab7-f1f1-4749-89f9-8edd08c0883c', 'c54500dd-f55d-4fcd-aa25-28570335499c', '2025-10-31 00:42:15.343', '2025-10-31 00:42:15.343');
INSERT INTO public.expenses VALUES ('e40d1dd6-b60b-4575-b03f-f2f9fc913ee6', 'EXP-TND-1761871335345-17', '291b0188-2f77-4b8c-8127-22de295e6290', '572f7432-409e-44de-8508-2ff8af1f0be6', 2883.00, '2025-10-10 00:42:15.345', 'Shop maintenance and repairs', 'BILL-8699', 'Local Maintenance Services', NULL, NULL, 'b188cab7-f1f1-4749-89f9-8edd08c0883c', 'c54500dd-f55d-4fcd-aa25-28570335499c', '2025-10-31 00:42:15.346', '2025-10-31 00:42:15.346');
INSERT INTO public.expenses VALUES ('283e7135-7a8f-40dc-b112-bb1cc1e085d4', 'EXP-TND-1761871335348-18', '291b0188-2f77-4b8c-8127-22de295e6290', '572f7432-409e-44de-8508-2ff8af1f0be6', 1950.00, '2025-10-16 00:42:15.348', 'Plumbing repair work', NULL, 'Local Plumber', NULL, NULL, 'b188cab7-f1f1-4749-89f9-8edd08c0883c', 'c54500dd-f55d-4fcd-aa25-28570335499c', '2025-10-31 00:42:15.349', '2025-10-31 00:42:15.349');
INSERT INTO public.expenses VALUES ('b44d27d3-f488-481a-adde-51e981031f65', 'EXP-TND-1761871335351-19', '291b0188-2f77-4b8c-8127-22de295e6290', '5880193a-3fa1-4206-acd7-447b5043b6b9', 767.00, '2025-10-17 00:42:15.351', 'Courier and shipping charges', NULL, 'Blue Dart', NULL, NULL, 'b188cab7-f1f1-4749-89f9-8edd08c0883c', 'c54500dd-f55d-4fcd-aa25-28570335499c', '2025-10-31 00:42:15.352', '2025-10-31 00:42:15.352');
INSERT INTO public.expenses VALUES ('c07cfb82-615a-4301-bbeb-cbf76fee2ae5', 'EXP-TND-1761871335354-20', '291b0188-2f77-4b8c-8127-22de295e6290', 'd167ba52-8789-4608-8864-0370fb32e9e3', 4874.00, '2025-10-24 00:42:15.354', 'Social media advertising campaign', 'BILL-20072', 'Google Ads', NULL, NULL, 'b188cab7-f1f1-4749-89f9-8edd08c0883c', 'c54500dd-f55d-4fcd-aa25-28570335499c', '2025-10-31 00:42:15.357', '2025-10-31 00:42:15.357');
INSERT INTO public.expenses VALUES ('80abf674-5b1b-4bb9-927e-f50250d51eac', 'EXP-TND-1761871335358-21', '291b0188-2f77-4b8c-8127-22de295e6290', 'c6590bd6-f349-4cc1-b76c-57073b175295', 5861.00, '2025-10-25 00:42:15.358', 'Shop insurance premium', 'BILL-1817', 'Bajaj Allianz', NULL, NULL, 'b188cab7-f1f1-4749-89f9-8edd08c0883c', 'c54500dd-f55d-4fcd-aa25-28570335499c', '2025-10-31 00:42:15.359', '2025-10-31 00:42:15.359');
INSERT INTO public.expenses VALUES ('167bf814-e510-41d8-914c-4e7bccf05f6f', 'EXP-TND-1761871335360-22', '291b0188-2f77-4b8c-8127-22de295e6290', 'c6590bd6-f349-4cc1-b76c-57073b175295', 5946.00, '2025-09-22 00:42:15.36', 'Shop insurance premium', 'BILL-83581', 'HDFC ERGO', NULL, NULL, 'b188cab7-f1f1-4749-89f9-8edd08c0883c', 'c54500dd-f55d-4fcd-aa25-28570335499c', '2025-10-31 00:42:15.362', '2025-10-31 00:42:15.362');
INSERT INTO public.expenses VALUES ('63f0680b-7af5-4f17-a6d6-0ce79f59d391', 'EXP-TND-1761871335363-23', '291b0188-2f77-4b8c-8127-22de295e6290', 'c6590bd6-f349-4cc1-b76c-57073b175295', 6030.00, '2025-10-24 00:42:15.363', 'Shop insurance premium', 'BILL-2153', 'Bajaj Allianz', NULL, NULL, 'b188cab7-f1f1-4749-89f9-8edd08c0883c', 'c54500dd-f55d-4fcd-aa25-28570335499c', '2025-10-31 00:42:15.364', '2025-10-31 00:42:15.364');
INSERT INTO public.expenses VALUES ('d5c63436-7449-43d3-a809-e82577aff64a', 'EXP-TND-1761871335366-24', '291b0188-2f77-4b8c-8127-22de295e6290', '84a20644-c8d5-41e9-85b3-3eb45d9677f7', 2183.00, '2025-10-08 00:42:15.366', 'Legal consultation charges', 'BILL-57978', 'Legal Services', NULL, NULL, 'b188cab7-f1f1-4749-89f9-8edd08c0883c', 'c54500dd-f55d-4fcd-aa25-28570335499c', '2025-10-31 00:42:15.367', '2025-10-31 00:42:15.367');
INSERT INTO public.expenses VALUES ('dfaa0665-579e-44d6-a20b-58b059e24ba1', 'EXP-TND-1761871335369-25', '291b0188-2f77-4b8c-8127-22de295e6290', '40b38957-1a32-49f4-8610-6cc00cc6a2bf', 2762.00, '2025-10-31 00:42:15.369', 'Mobile opening tools kit', 'BILL-72016', 'Repair Tools Supplier', NULL, NULL, 'b188cab7-f1f1-4749-89f9-8edd08c0883c', 'c54500dd-f55d-4fcd-aa25-28570335499c', '2025-10-31 00:42:15.371', '2025-10-31 00:42:15.371');
INSERT INTO public.expenses VALUES ('1443ad25-d1ef-47ca-8e1e-7c08bf2d8b14', 'EXP-TND-1761871335375-26', '291b0188-2f77-4b8c-8127-22de295e6290', '40b38957-1a32-49f4-8610-6cc00cc6a2bf', 5085.00, '2025-10-19 00:42:15.375', 'Purchase of repair tools and equipment', NULL, 'Tool Mart', NULL, NULL, 'b188cab7-f1f1-4749-89f9-8edd08c0883c', 'c54500dd-f55d-4fcd-aa25-28570335499c', '2025-10-31 00:42:15.377', '2025-10-31 00:42:15.377');
INSERT INTO public.expenses VALUES ('1c1110b9-5e87-46c8-a79f-b7b4febd96d5', 'EXP-TND-1761871335379-27', '291b0188-2f77-4b8c-8127-22de295e6290', '81742f97-d89d-4f6c-bfac-f95411a6d704', 781.00, '2025-10-11 00:42:15.379', 'Water bottles and refreshments', 'BILL-45333', 'Bisleri Distributor', NULL, NULL, 'b188cab7-f1f1-4749-89f9-8edd08c0883c', 'c54500dd-f55d-4fcd-aa25-28570335499c', '2025-10-31 00:42:15.381', '2025-10-31 00:42:15.381');
INSERT INTO public.expenses VALUES ('a08a4adb-8829-4332-a8f1-74638568c568', 'EXP-TND-1761871335383-28', '291b0188-2f77-4b8c-8127-22de295e6290', '81742f97-d89d-4f6c-bfac-f95411a6d704', 906.00, '2025-09-13 00:42:15.383', 'Water bottles and refreshments', NULL, 'Local Store', NULL, NULL, 'b188cab7-f1f1-4749-89f9-8edd08c0883c', 'c54500dd-f55d-4fcd-aa25-28570335499c', '2025-10-31 00:42:15.384', '2025-10-31 00:42:15.384');
INSERT INTO public.expenses VALUES ('f2d409fa-2f40-4261-89df-d45750025eaa', 'EXP-TND-1761871335386-29', '291b0188-2f77-4b8c-8127-22de295e6290', 'c5a5c325-0b1e-4a1b-828a-8cd419ef628f', 1470.00, '2025-09-12 00:42:15.386', 'Housekeeping service charges', NULL, 'Cleaning Services', NULL, NULL, 'b188cab7-f1f1-4749-89f9-8edd08c0883c', 'c54500dd-f55d-4fcd-aa25-28570335499c', '2025-10-31 00:42:15.388', '2025-10-31 00:42:15.388');
INSERT INTO public.expenses VALUES ('ce5397ae-174c-4f8a-9e74-70b414ccb6a7', 'EXP-TND-1761871335391-30', '291b0188-2f77-4b8c-8127-22de295e6290', 'c5a5c325-0b1e-4a1b-828a-8cd419ef628f', 1897.00, '2025-10-11 00:42:15.391', 'Housekeeping service charges', 'BILL-22389', 'Cleaning Services', NULL, NULL, 'b188cab7-f1f1-4749-89f9-8edd08c0883c', 'c54500dd-f55d-4fcd-aa25-28570335499c', '2025-10-31 00:42:15.392', '2025-10-31 00:42:15.392');
INSERT INTO public.expenses VALUES ('3b476bc0-d05c-4f72-9f0d-0d3dd63eaabd', 'EXP-TND-1761871335394-31', '291b0188-2f77-4b8c-8127-22de295e6290', '2549c089-011e-4f7d-b914-4d82b98e5291', 395.00, '2025-09-30 00:42:15.394', 'Bank charges and transaction fees', 'BILL-86271', NULL, NULL, NULL, 'b188cab7-f1f1-4749-89f9-8edd08c0883c', 'c54500dd-f55d-4fcd-aa25-28570335499c', '2025-10-31 00:42:15.396', '2025-10-31 00:42:15.396');
INSERT INTO public.expenses VALUES ('23a1b69d-ceb6-4d52-922f-224b8567506f', 'EXP-TND-1761871335399-32', '291b0188-2f77-4b8c-8127-22de295e6290', '2549c089-011e-4f7d-b914-4d82b98e5291', 550.00, '2025-09-07 00:42:15.399', 'Parking and miscellaneous charges', 'BILL-46761', NULL, NULL, NULL, 'b188cab7-f1f1-4749-89f9-8edd08c0883c', 'c54500dd-f55d-4fcd-aa25-28570335499c', '2025-10-31 00:42:15.4', '2025-10-31 00:42:15.4');
INSERT INTO public.expenses VALUES ('2b7a68d1-6af3-4235-b3a6-9c71d13a483c', 'EXP-TND-1761871335403-33', '291b0188-2f77-4b8c-8127-22de295e6290', '2549c089-011e-4f7d-b914-4d82b98e5291', 546.00, '2025-10-17 00:42:15.403', 'Bank charges and transaction fees', 'BILL-70265', NULL, NULL, NULL, 'b188cab7-f1f1-4749-89f9-8edd08c0883c', 'c54500dd-f55d-4fcd-aa25-28570335499c', '2025-10-31 00:42:15.404', '2025-10-31 00:42:15.404');
INSERT INTO public.expenses VALUES ('af83f4ba-63e0-4e96-945f-b2e4016f6a39', 'EXP-2510-0166', 'c1a9dfc9-354a-4e71-bde1-5a1ade259bdd', '855c97f9-1921-4e89-abe0-8eeab83569a8', 1200.00, '2025-10-31 00:00:00', 'dasfdfadsfsadfsdaf saddfasd f', NULL, 'BSNL', NULL, NULL, '97f0d703-751c-4747-9a3b-b0d56c5b6825', 'c54500dd-f55d-4fcd-aa25-28570335499c', '2025-10-31 06:44:35.15', '2025-10-31 06:44:35.15');


--
-- Data for Name: inventories; Type: TABLE DATA; Schema: public; Owner: postgres
--

INSERT INTO public.inventories VALUES ('05091992-cf3e-4eda-9308-e8691ef7c328', 'BAT-IPH12-001', 'iPhone 12 Battery', 'Original battery for iPhone 12, 2815mAh capacity', 'iPhone 12', 'Apple', NULL, NULL, 'BATTERY', NULL, 'PIECE', NULL, 1200.00, 2000.00, '85076000', 'EIGHTEEN', NULL, 'CGST_SGST', 25.00, 10.00, 60.00, 15.00, 'babb7929-b663-461f-91c6-f286bbbf56df', NULL, NULL, NULL, true, 'fd9b3568-c312-41d1-b44e-e70437adc666', 'c54500dd-f55d-4fcd-aa25-28570335499c', '2025-10-31 00:06:39.203', '2025-10-31 00:06:39.203');
INSERT INTO public.inventories VALUES ('808c63d5-ee3f-408a-b1fb-0b1ed01ef86e', 'TOOL-SCREW-SET-001', 'Mobile Repair Screwdriver Set', 'Professional 25-piece precision screwdriver set', NULL, NULL, NULL, NULL, 'OTHER', NULL, 'SET', NULL, 250.00, 500.00, '82055100', 'TWELVE', NULL, 'CGST_SGST', 10.00, 3.00, 20.00, 5.00, 'e6d01518-1d8d-4a56-98af-2a5e38ae725d', NULL, NULL, NULL, true, 'fd9b3568-c312-41d1-b44e-e70437adc666', 'c54500dd-f55d-4fcd-aa25-28570335499c', '2025-10-31 00:06:39.204', '2025-10-31 00:06:39.204');
INSERT INTO public.inventories VALUES ('e46e6ab3-9e26-4d6f-9a1a-371e39e9996f', 'CBL-LIGHT-001', 'Lightning Cable 1M', 'MFi certified Lightning to USB cable, 1 meter', NULL, 'Apple', NULL, NULL, 'CABLE', NULL, 'PIECE', NULL, 150.00, 300.00, '85444290', 'EIGHTEEN', NULL, 'CGST_SGST', 75.00, 25.00, 120.00, 35.00, 'adfbb6b0-07de-4bb6-876c-d89c73f9642a', NULL, NULL, NULL, true, 'fd9b3568-c312-41d1-b44e-e70437adc666', 'c54500dd-f55d-4fcd-aa25-28570335499c', '2025-10-31 00:06:39.203', '2025-10-31 00:06:39.203');
INSERT INTO public.inventories VALUES ('b441ca87-53be-476f-b33a-74412b84f179', 'DSP-SAM-A52-001', 'Samsung Galaxy A52 Display', 'AMOLED display assembly for Samsung A52', 'Galaxy A52', 'Samsung', NULL, NULL, 'DISPLAY', NULL, 'PIECE', NULL, 3200.00, 4500.00, '85177000', 'EIGHTEEN', NULL, 'CGST_SGST', 8.00, 5.00, 30.00, 8.00, 'babb7929-b663-461f-91c6-f286bbbf56df', NULL, NULL, NULL, true, 'fd9b3568-c312-41d1-b44e-e70437adc666', 'c54500dd-f55d-4fcd-aa25-28570335499c', '2025-10-31 00:06:39.203', '2025-10-31 00:06:39.203');
INSERT INTO public.inventories VALUES ('ad12e780-e53d-47b7-8b24-f41600ddf1b0', 'DSP-IPH13-001', 'iPhone 13 Display Assembly', 'Original OLED display for iPhone 13 with touch digitizer', 'iPhone 13', 'Apple', NULL, NULL, 'DISPLAY', NULL, 'PIECE', NULL, 8500.00, 12000.00, '85177000', 'EIGHTEEN', NULL, 'CGST_SGST', 15.00, 5.00, 50.00, 10.00, 'babb7929-b663-461f-91c6-f286bbbf56df', NULL, NULL, NULL, true, 'fd9b3568-c312-41d1-b44e-e70437adc666', 'c54500dd-f55d-4fcd-aa25-28570335499c', '2025-10-31 00:06:39.203', '2025-10-31 00:06:39.203');
INSERT INTO public.inventories VALUES ('c2028e48-8a32-4482-b354-3114a01b503e', 'TOOL-OPEN-001', 'Mobile Opening Tool Kit', 'Plastic opening tools and spudgers kit', NULL, NULL, NULL, NULL, 'OTHER', NULL, 'SET', NULL, 80.00, 150.00, '82055900', 'TWELVE', NULL, 'CGST_SGST', 15.00, 5.00, 30.00, 8.00, 'e6d01518-1d8d-4a56-98af-2a5e38ae725d', NULL, NULL, NULL, true, 'fd9b3568-c312-41d1-b44e-e70437adc666', 'c54500dd-f55d-4fcd-aa25-28570335499c', '2025-10-31 00:06:39.205', '2025-10-31 00:06:39.205');
INSERT INTO public.inventories VALUES ('5cabfeea-769f-4cb9-ba52-73c077f055c7', 'SPRT-TEMP-001', 'Tempered Glass Screen Protector', 'Universal 9H tempered glass, fits multiple models', NULL, NULL, NULL, NULL, 'SCREEN_PROTECTOR', NULL, 'PIECE', NULL, 30.00, 100.00, '70071900', 'EIGHTEEN', NULL, 'CGST_SGST', 120.00, 40.00, 200.00, 60.00, 'adfbb6b0-07de-4bb6-876c-d89c73f9642a', NULL, NULL, NULL, true, 'fd9b3568-c312-41d1-b44e-e70437adc666', 'c54500dd-f55d-4fcd-aa25-28570335499c', '2025-10-31 00:06:39.205', '2025-10-31 00:06:39.205');
INSERT INTO public.inventories VALUES ('6e8eb628-d5fc-4274-8a5f-8448853bd93c', 'CASE-SIL-IPH13-001', 'iPhone 13 Silicone Case', 'Premium silicone case for iPhone 13 - Multiple colors', 'iPhone 13', 'Apple', NULL, NULL, 'CASE_COVER', NULL, 'PIECE', NULL, 120.00, 250.00, '39269099', 'EIGHTEEN', NULL, 'CGST_SGST', 45.00, 15.00, 80.00, 20.00, 'adfbb6b0-07de-4bb6-876c-d89c73f9642a', NULL, NULL, NULL, true, 'fd9b3568-c312-41d1-b44e-e70437adc666', 'c54500dd-f55d-4fcd-aa25-28570335499c', '2025-10-31 00:06:39.204', '2025-10-31 00:06:39.204');
INSERT INTO public.inventories VALUES ('12b57616-679d-466d-ac84-b05850858f1c', 'BAT-RDM-N10-001', 'Redmi Note 10 Battery', 'Compatible battery for Redmi Note 10, 5000mAh', 'Redmi Note 10', 'Xiaomi', NULL, NULL, 'BATTERY', NULL, 'PIECE', NULL, 450.00, 800.00, '85076000', 'EIGHTEEN', NULL, 'CGST_SGST', 30.00, 10.00, 70.00, 15.00, 'babb7929-b663-461f-91c6-f286bbbf56df', NULL, NULL, NULL, true, 'fd9b3568-c312-41d1-b44e-e70437adc666', 'c54500dd-f55d-4fcd-aa25-28570335499c', '2025-10-31 00:06:39.203', '2025-10-31 00:06:39.203');
INSERT INTO public.inventories VALUES ('f1580954-71aa-41f7-8507-63ae01de0d2e', 'CAM-SAM-REAR-001', 'Samsung Rear Camera Module', 'Rear camera module for Samsung A-series phones', NULL, 'Samsung', NULL, NULL, 'CAMERA', NULL, 'PIECE', NULL, 1500.00, 2500.00, '85258020', 'EIGHTEEN', NULL, 'CGST_SGST', 6.00, 3.00, 20.00, 5.00, 'babb7929-b663-461f-91c6-f286bbbf56df', NULL, NULL, NULL, true, 'fd9b3568-c312-41d1-b44e-e70437adc666', 'c54500dd-f55d-4fcd-aa25-28570335499c', '2025-10-31 00:06:39.205', '2025-10-31 00:06:39.205');
INSERT INTO public.inventories VALUES ('424da1c9-473a-4eb0-af88-43196f7ce6ed', 'AUD-IPH-SPEAK-001', 'iPhone Earpiece Speaker', 'Replacement earpiece speaker for iPhone models', NULL, 'Apple', NULL, NULL, 'AUDIO', NULL, 'PIECE', NULL, 200.00, 400.00, '85183000', 'EIGHTEEN', NULL, 'CGST_SGST', 20.00, 8.00, 40.00, 12.00, 'e6d01518-1d8d-4a56-98af-2a5e38ae725d', NULL, NULL, NULL, true, 'fd9b3568-c312-41d1-b44e-e70437adc666', 'c54500dd-f55d-4fcd-aa25-28570335499c', '2025-10-31 00:06:39.205', '2025-10-31 00:06:39.205');
INSERT INTO public.inventories VALUES ('9842042b-98a9-461b-ba55-e8e4be18b89b', 'CHG-USBC-20W-001', 'USB-C 20W Fast Charger', '20W USB-C fast charging adapter with cable', NULL, NULL, NULL, NULL, 'CHARGER', NULL, 'PIECE', NULL, 180.00, 350.00, '85044090', 'EIGHTEEN', NULL, 'CGST_SGST', 60.00, 20.00, 100.00, 30.00, 'adfbb6b0-07de-4bb6-876c-d89c73f9642a', NULL, NULL, NULL, true, 'fd9b3568-c312-41d1-b44e-e70437adc666', 'c54500dd-f55d-4fcd-aa25-28570335499c', '2025-10-31 00:06:39.206', '2025-10-31 00:06:39.206');
INSERT INTO public.inventories VALUES ('f2a94d27-e0d9-4dbf-acec-f9c4b8d7ee6a', 'ELEC-VIBR-001', 'Vibration Motor Universal', 'Universal vibration motor for smartphones', NULL, NULL, NULL, NULL, 'ELECTRICAL', NULL, 'PIECE', NULL, 50.00, 120.00, '85011010', 'EIGHTEEN', NULL, 'CGST_SGST', 35.00, 10.00, 60.00, 15.00, 'e6d01518-1d8d-4a56-98af-2a5e38ae725d', NULL, NULL, NULL, true, 'fd9b3568-c312-41d1-b44e-e70437adc666', 'c54500dd-f55d-4fcd-aa25-28570335499c', '2025-10-31 00:06:39.206', '2025-10-31 00:06:39.206');
INSERT INTO public.inventories VALUES ('d860a0b1-5788-40be-8e99-333caaabfdc6', 'MECH-POWER-BTN-001', 'Power Button Flex Cable', 'Universal power button flex cable assembly', NULL, NULL, NULL, NULL, 'MECHANICAL', NULL, 'PIECE', NULL, 80.00, 180.00, '85366990', 'EIGHTEEN', NULL, 'CGST_SGST', 25.00, 10.00, 50.00, 15.00, 'e6d01518-1d8d-4a56-98af-2a5e38ae725d', NULL, NULL, NULL, true, 'fd9b3568-c312-41d1-b44e-e70437adc666', 'c54500dd-f55d-4fcd-aa25-28570335499c', '2025-10-31 00:06:39.211', '2025-10-31 00:06:39.211');
INSERT INTO public.inventories VALUES ('b1fef8da-0b9e-4caa-804c-db39c8191001', 'ACC-EARPOD-001', 'Wired Earphones with Mic', '3.5mm jack wired earphones with mic - Low Stock Item', NULL, NULL, NULL, NULL, 'ACCESSORY', NULL, 'PIECE', NULL, 80.00, 150.00, '85183000', 'TWELVE', NULL, 'CGST_SGST', 4.00, 10.00, 50.00, 12.00, 'adfbb6b0-07de-4bb6-876c-d89c73f9642a', NULL, NULL, NULL, true, 'fd9b3568-c312-41d1-b44e-e70437adc666', 'c54500dd-f55d-4fcd-aa25-28570335499c', '2025-10-31 00:06:39.211', '2025-10-31 00:06:39.211');
INSERT INTO public.inventories VALUES ('51c9dfc7-3e99-490d-a883-b5b8fc39553b', 'DSP-S24U-001-MAIN-001', 'Samsung S24 Ultra AMOLED Display', 'Original AMOLED display for Galaxy S24 Ultra', 'Galaxy S24 Ultra', 'Samsung', '8d7b3766-a8ff-46fa-8fba-aac806db9e79', 'd88f0174-6cd9-46fe-83bb-fbc07c580d75', 'DISPLAY', NULL, 'PIECE', NULL, 12000.00, 17000.00, '85177000', 'EIGHTEEN', NULL, 'CGST_SGST', 4.00, 3.00, 15.00, 5.00, '99562c24-7cdd-42bf-b8fc-8c6cc5a488af', NULL, NULL, NULL, true, '96143ebf-24e9-43b6-900b-7cda5f9d0f64', 'c54500dd-f55d-4fcd-aa25-28570335499c', '2025-10-31 00:26:57.553', '2025-10-31 01:01:23.501');
INSERT INTO public.inventories VALUES ('430711b3-23b9-4772-b2a3-eebe4123fb18', 'DSP-RN13P-001-MAIN-001', 'Redmi Note 13 Pro Display', 'AMOLED display for Redmi Note 13 Pro', 'Redmi Note 13 Pro', 'Xiaomi', 'a204f7c8-8663-48bd-9bad-33f362ea22f7', '8f479ae7-d369-4c47-b619-f8677da94c51', 'DISPLAY', NULL, 'PIECE', NULL, 2500.00, 4000.00, '85177000', 'EIGHTEEN', NULL, 'CGST_SGST', 15.00, 5.00, 25.00, 8.00, 'e6617fef-58e2-4874-a68d-86c1f620dc97', NULL, NULL, NULL, true, '96143ebf-24e9-43b6-900b-7cda5f9d0f64', 'c54500dd-f55d-4fcd-aa25-28570335499c', '2025-10-31 00:26:57.56', '2025-10-31 01:01:23.521');
INSERT INTO public.inventories VALUES ('b05fe7a6-a563-4653-bb16-804b71505e33', 'CHG-USBC-20W-001-MAIN-001', 'USB-C 20W Fast Charger', '20W USB-C fast charging adapter', NULL, NULL, NULL, NULL, 'CHARGER', NULL, 'PIECE', NULL, 150.00, 350.00, '85044090', 'EIGHTEEN', NULL, 'CGST_SGST', 76.00, 20.00, 100.00, 30.00, 'f26455d0-690b-44a9-a08d-0e376f0395ac', NULL, NULL, NULL, true, '96143ebf-24e9-43b6-900b-7cda5f9d0f64', 'c54500dd-f55d-4fcd-aa25-28570335499c', '2025-10-31 00:26:57.606', '2025-10-31 00:26:57.606');
INSERT INTO public.inventories VALUES ('173c8ab2-a98f-431a-b3d0-1710edf8b37f', 'CBL-USBC-1M-001-MAIN-001', 'USB-C to USB-C Cable 1M', 'USB-C fast charging cable', NULL, NULL, NULL, NULL, 'CABLE', NULL, 'PIECE', NULL, 80.00, 250.00, '85444290', 'EIGHTEEN', NULL, 'CGST_SGST', 63.00, 40.00, 200.00, 60.00, 'e6617fef-58e2-4874-a68d-86c1f620dc97', NULL, NULL, NULL, true, '96143ebf-24e9-43b6-900b-7cda5f9d0f64', 'c54500dd-f55d-4fcd-aa25-28570335499c', '2025-10-31 00:26:57.627', '2025-10-31 00:26:57.627');
INSERT INTO public.inventories VALUES ('4de59451-a06a-4d1d-8810-ce45532cfcd9', 'SPRT-TEMP-UNIV-001-MAIN-001', 'Universal Tempered Glass', '9H tempered glass screen protector', NULL, NULL, NULL, NULL, 'SCREEN_PROTECTOR', NULL, 'PIECE', NULL, 30.00, 150.00, '70071900', 'EIGHTEEN', NULL, 'CGST_SGST', 87.00, 50.00, 250.00, 80.00, '300ba079-3fab-47b8-b66e-a2eeb9103a40', NULL, NULL, NULL, true, '96143ebf-24e9-43b6-900b-7cda5f9d0f64', 'c54500dd-f55d-4fcd-aa25-28570335499c', '2025-10-31 00:26:57.64', '2025-10-31 00:26:57.64');
INSERT INTO public.inventories VALUES ('943e847b-0ba0-4393-ac8f-003aeb62b841', 'CASE-UNIV-TPU-001-MAIN-001', 'Universal TPU Back Cover', 'Transparent TPU case - Universal fit', NULL, NULL, NULL, NULL, 'CASE_COVER', NULL, 'PIECE', NULL, 40.00, 150.00, '39269099', 'TWELVE', NULL, 'CGST_SGST', 118.00, 40.00, 200.00, 60.00, 'babb7929-b663-461f-91c6-f286bbbf56df', NULL, NULL, NULL, true, '96143ebf-24e9-43b6-900b-7cda5f9d0f64', 'c54500dd-f55d-4fcd-aa25-28570335499c', '2025-10-31 00:26:57.645', '2025-10-31 00:26:57.645');
INSERT INTO public.inventories VALUES ('876385fb-c391-482d-9f7c-3334926bd285', 'AUD-EARPOD-001-MAIN-001', 'Wired Earphones with Mic', '3.5mm jack wired earphones', NULL, NULL, NULL, NULL, 'ACCESSORY', NULL, 'PIECE', NULL, 80.00, 200.00, '85183000', 'TWELVE', NULL, 'CGST_SGST', 99.00, 30.00, 150.00, 50.00, 'adfbb6b0-07de-4bb6-876c-d89c73f9642a', NULL, NULL, NULL, true, '96143ebf-24e9-43b6-900b-7cda5f9d0f64', 'c54500dd-f55d-4fcd-aa25-28570335499c', '2025-10-31 00:26:57.66', '2025-10-31 00:26:57.66');
INSERT INTO public.inventories VALUES ('7c42dc54-7e3b-4c4c-8c5d-adc816c0b76f', 'ELEC-VIBR-UNIV-001-MAIN-001', 'Vibration Motor Universal', 'Universal vibration motor for smartphones', NULL, NULL, NULL, NULL, 'ELECTRICAL', NULL, 'PIECE', NULL, 50.00, 150.00, '85011010', 'EIGHTEEN', NULL, 'CGST_SGST', 45.00, 25.00, 100.00, 40.00, '0c692eca-3036-4bf6-98cf-278d2c8721cc', NULL, NULL, NULL, true, '96143ebf-24e9-43b6-900b-7cda5f9d0f64', 'c54500dd-f55d-4fcd-aa25-28570335499c', '2025-10-31 00:26:57.681', '2025-10-31 00:26:57.681');
INSERT INTO public.inventories VALUES ('fd6484e9-c8d6-4560-877a-37778fec8809', 'ELEC-FLEX-PWR-001-MAIN-001', 'Power Button Flex Cable', 'Universal power button flex cable', NULL, NULL, NULL, NULL, 'MECHANICAL', NULL, 'PIECE', NULL, 80.00, 250.00, '85366990', 'EIGHTEEN', NULL, 'CGST_SGST', 26.00, 20.00, 80.00, 30.00, 'e6d01518-1d8d-4a56-98af-2a5e38ae725d', NULL, NULL, NULL, true, '96143ebf-24e9-43b6-900b-7cda5f9d0f64', 'c54500dd-f55d-4fcd-aa25-28570335499c', '2025-10-31 00:26:57.688', '2025-10-31 00:26:57.688');
INSERT INTO public.inventories VALUES ('173661dd-1083-4e2e-a5c5-9bfe7c993fdc', 'TOOL-SCREWSET-001-MAIN-001', 'Mobile Repair Screwdriver Set', 'Professional 25-piece precision set', NULL, NULL, NULL, NULL, 'OTHER', NULL, 'SET', NULL, 250.00, 600.00, '82055100', 'TWELVE', NULL, 'CGST_SGST', 11.00, 5.00, 20.00, 8.00, 'e6617fef-58e2-4874-a68d-86c1f620dc97', NULL, NULL, NULL, true, '96143ebf-24e9-43b6-900b-7cda5f9d0f64', 'c54500dd-f55d-4fcd-aa25-28570335499c', '2025-10-31 00:26:57.695', '2025-10-31 00:26:57.695');
INSERT INTO public.inventories VALUES ('0bbd0173-8970-450c-a367-0ef580e66a7a', 'TOOL-OPEN-KIT-001-MAIN-001', 'Mobile Opening Tool Kit', 'Plastic opening tools and spudgers', NULL, NULL, NULL, NULL, 'OTHER', NULL, 'SET', NULL, 80.00, 200.00, '82055900', 'TWELVE', NULL, 'CGST_SGST', 30.00, 10.00, 40.00, 15.00, '300ba079-3fab-47b8-b66e-a2eeb9103a40', NULL, NULL, NULL, true, '96143ebf-24e9-43b6-900b-7cda5f9d0f64', 'c54500dd-f55d-4fcd-aa25-28570335499c', '2025-10-31 00:26:57.701', '2025-10-31 00:26:57.701');
INSERT INTO public.inventories VALUES ('11b82ab8-d2bd-48df-9c6e-a3576d012308', 'BAT-S24U-001-MAIN-001', 'Samsung S24 Ultra Battery', 'Original battery for Galaxy S24 Ultra, 5000mAh', 'Galaxy S24 Ultra', 'Samsung', '8d7b3766-a8ff-46fa-8fba-aac806db9e79', 'd88f0174-6cd9-46fe-83bb-fbc07c580d75', 'BATTERY', NULL, 'PIECE', NULL, 1800.00, 3200.00, '85076000', 'EIGHTEEN', NULL, 'CGST_SGST', 17.00, 8.00, 30.00, 12.00, 'e6617fef-58e2-4874-a68d-86c1f620dc97', NULL, NULL, NULL, true, '96143ebf-24e9-43b6-900b-7cda5f9d0f64', 'c54500dd-f55d-4fcd-aa25-28570335499c', '2025-10-31 00:26:57.583', '2025-10-31 01:01:23.501');
INSERT INTO public.inventories VALUES ('93da2c41-7c25-48c8-b775-efc6a1d21d0f', 'CAM-SAM-REAR-001-MAIN-001', 'Samsung Rear Camera Module', 'Rear camera for Samsung A-series', NULL, 'Samsung', '8d7b3766-a8ff-46fa-8fba-aac806db9e79', NULL, 'CAMERA', NULL, 'PIECE', NULL, 1500.00, 2800.00, '85258020', 'EIGHTEEN', NULL, 'CGST_SGST', 17.00, 5.00, 25.00, 10.00, '300ba079-3fab-47b8-b66e-a2eeb9103a40', NULL, NULL, NULL, true, '96143ebf-24e9-43b6-900b-7cda5f9d0f64', 'c54500dd-f55d-4fcd-aa25-28570335499c', '2025-10-31 00:26:57.673', '2025-10-31 01:01:23.501');
INSERT INTO public.inventories VALUES ('1138f2d6-68ac-452a-9e9a-6ebad721c4ef', 'BAT-RN13P-001-MAIN-001', 'Redmi Note 13 Pro Battery', 'Battery for Redmi Note 13 Pro, 5000mAh', 'Redmi Note 13 Pro', 'Xiaomi', 'a204f7c8-8663-48bd-9bad-33f362ea22f7', '8f479ae7-d369-4c47-b619-f8677da94c51', 'BATTERY', NULL, 'PIECE', NULL, 600.00, 1200.00, '85076000', 'EIGHTEEN', NULL, 'CGST_SGST', 33.00, 10.00, 40.00, 15.00, '99562c24-7cdd-42bf-b8fc-8c6cc5a488af', NULL, NULL, NULL, true, '96143ebf-24e9-43b6-900b-7cda5f9d0f64', 'c54500dd-f55d-4fcd-aa25-28570335499c', '2025-10-31 00:26:57.593', '2025-10-31 01:01:23.521');
INSERT INTO public.inventories VALUES ('104eda33-f861-4c80-ab34-5b9e770d4740', 'BAT-OP12-001-MAIN-001', 'OnePlus 12 Battery', 'Battery for OnePlus 12, 5400mAh', 'OnePlus 12', 'OnePlus', 'db3b37b4-7f1a-4d53-b038-1794e88fd9a7', 'e20fa9ab-df78-4ed8-91c5-b9caa47c68eb', 'BATTERY', NULL, 'PIECE', NULL, 1200.00, 2200.00, '85076000', 'EIGHTEEN', NULL, 'CGST_SGST', 16.00, 5.00, 25.00, 10.00, 'e6d01518-1d8d-4a56-98af-2a5e38ae725d', NULL, NULL, NULL, true, '96143ebf-24e9-43b6-900b-7cda5f9d0f64', 'c54500dd-f55d-4fcd-aa25-28570335499c', '2025-10-31 00:26:57.599', '2025-10-31 01:01:23.537');
INSERT INTO public.inventories VALUES ('27db8248-0e78-4f8f-beb6-e657f6e1a5b8', 'CHG-USBC-20W-001-DOWN-001', 'USB-C 20W Fast Charger', '20W USB-C fast charging adapter', NULL, NULL, NULL, NULL, 'CHARGER', NULL, 'PIECE', NULL, 150.00, 350.00, '85044090', 'EIGHTEEN', NULL, 'CGST_SGST', 52.00, 20.00, 100.00, 30.00, 'babb7929-b663-461f-91c6-f286bbbf56df', NULL, NULL, NULL, true, 'c5ea27d8-a13d-4c9a-81c1-7fcc2a953ae1', 'c54500dd-f55d-4fcd-aa25-28570335499c', '2025-10-31 00:26:57.77', '2025-10-31 00:26:57.77');
INSERT INTO public.inventories VALUES ('3801cf52-40ee-41a5-b6a7-4615a12eb1b7', 'CBL-USBC-1M-001-DOWN-001', 'USB-C to USB-C Cable 1M', 'USB-C fast charging cable', NULL, NULL, NULL, NULL, 'CABLE', NULL, 'PIECE', NULL, 80.00, 250.00, '85444290', 'EIGHTEEN', NULL, 'CGST_SGST', 115.00, 40.00, 200.00, 60.00, 'babb7929-b663-461f-91c6-f286bbbf56df', NULL, NULL, NULL, true, 'c5ea27d8-a13d-4c9a-81c1-7fcc2a953ae1', 'c54500dd-f55d-4fcd-aa25-28570335499c', '2025-10-31 00:26:57.793', '2025-10-31 00:26:57.793');
INSERT INTO public.inventories VALUES ('f8350ee5-b661-46a1-9362-1377134db606', 'SPRT-TEMP-UNIV-001-DOWN-001', 'Universal Tempered Glass', '9H tempered glass screen protector', NULL, NULL, NULL, NULL, 'SCREEN_PROTECTOR', NULL, 'PIECE', NULL, 30.00, 150.00, '70071900', 'EIGHTEEN', NULL, 'CGST_SGST', 182.00, 50.00, 250.00, 80.00, '99562c24-7cdd-42bf-b8fc-8c6cc5a488af', NULL, NULL, NULL, true, 'c5ea27d8-a13d-4c9a-81c1-7fcc2a953ae1', 'c54500dd-f55d-4fcd-aa25-28570335499c', '2025-10-31 00:26:57.804', '2025-10-31 00:26:57.804');
INSERT INTO public.inventories VALUES ('65afda86-672e-4063-9c65-8b0456bd0665', 'CASE-UNIV-TPU-001-DOWN-001', 'Universal TPU Back Cover', 'Transparent TPU case - Universal fit', NULL, NULL, NULL, NULL, 'CASE_COVER', NULL, 'PIECE', NULL, 40.00, 150.00, '39269099', 'TWELVE', NULL, 'CGST_SGST', 106.00, 40.00, 200.00, 60.00, 'e6d01518-1d8d-4a56-98af-2a5e38ae725d', NULL, NULL, NULL, true, 'c5ea27d8-a13d-4c9a-81c1-7fcc2a953ae1', 'c54500dd-f55d-4fcd-aa25-28570335499c', '2025-10-31 00:26:57.812', '2025-10-31 00:26:57.812');
INSERT INTO public.inventories VALUES ('c857a16a-f0a0-4798-8a29-807aa7f1a794', 'AUD-EARPOD-001-DOWN-001', 'Wired Earphones with Mic', '3.5mm jack wired earphones', NULL, NULL, NULL, NULL, 'ACCESSORY', NULL, 'PIECE', NULL, 80.00, 200.00, '85183000', 'TWELVE', NULL, 'CGST_SGST', 96.00, 30.00, 150.00, 50.00, 'e6617fef-58e2-4874-a68d-86c1f620dc97', NULL, NULL, NULL, true, 'c5ea27d8-a13d-4c9a-81c1-7fcc2a953ae1', 'c54500dd-f55d-4fcd-aa25-28570335499c', '2025-10-31 00:26:57.823', '2025-10-31 00:26:57.823');
INSERT INTO public.inventories VALUES ('7c45ed9d-57de-4f4b-8663-013879e702fc', 'ELEC-VIBR-UNIV-001-DOWN-001', 'Vibration Motor Universal', 'Universal vibration motor for smartphones', NULL, NULL, NULL, NULL, 'ELECTRICAL', NULL, 'PIECE', NULL, 50.00, 150.00, '85011010', 'EIGHTEEN', NULL, 'CGST_SGST', 43.00, 25.00, 100.00, 40.00, '0c692eca-3036-4bf6-98cf-278d2c8721cc', NULL, NULL, NULL, true, 'c5ea27d8-a13d-4c9a-81c1-7fcc2a953ae1', 'c54500dd-f55d-4fcd-aa25-28570335499c', '2025-10-31 00:26:57.845', '2025-10-31 00:26:57.845');
INSERT INTO public.inventories VALUES ('21b48b34-3bb0-47f3-93d6-6410634beb5e', 'ELEC-FLEX-PWR-001-DOWN-001', 'Power Button Flex Cable', 'Universal power button flex cable', NULL, NULL, NULL, NULL, 'MECHANICAL', NULL, 'PIECE', NULL, 80.00, 250.00, '85366990', 'EIGHTEEN', NULL, 'CGST_SGST', 51.00, 20.00, 80.00, 30.00, 'babb7929-b663-461f-91c6-f286bbbf56df', NULL, NULL, NULL, true, 'c5ea27d8-a13d-4c9a-81c1-7fcc2a953ae1', 'c54500dd-f55d-4fcd-aa25-28570335499c', '2025-10-31 00:26:57.85', '2025-10-31 00:26:57.85');
INSERT INTO public.inventories VALUES ('9d2dcd21-730a-4b68-be93-4e43600e35c2', 'DSP-S24U-001-DOWN-001', 'Samsung S24 Ultra AMOLED Display', 'Original AMOLED display for Galaxy S24 Ultra', 'Galaxy S24 Ultra', 'Samsung', '8d7b3766-a8ff-46fa-8fba-aac806db9e79', 'd88f0174-6cd9-46fe-83bb-fbc07c580d75', 'DISPLAY', NULL, 'PIECE', NULL, 12000.00, 17000.00, '85177000', 'EIGHTEEN', NULL, 'CGST_SGST', 9.00, 3.00, 15.00, 5.00, 'babb7929-b663-461f-91c6-f286bbbf56df', NULL, NULL, NULL, true, 'c5ea27d8-a13d-4c9a-81c1-7fcc2a953ae1', 'c54500dd-f55d-4fcd-aa25-28570335499c', '2025-10-31 00:26:57.719', '2025-10-31 01:01:23.501');
INSERT INTO public.inventories VALUES ('9984d368-5992-40b9-a35b-3dbfbf2b7387', 'BAT-S24U-001-DOWN-001', 'Samsung S24 Ultra Battery', 'Original battery for Galaxy S24 Ultra, 5000mAh', 'Galaxy S24 Ultra', 'Samsung', '8d7b3766-a8ff-46fa-8fba-aac806db9e79', 'd88f0174-6cd9-46fe-83bb-fbc07c580d75', 'BATTERY', NULL, 'PIECE', NULL, 1800.00, 3200.00, '85076000', 'EIGHTEEN', NULL, 'CGST_SGST', 15.00, 8.00, 30.00, 12.00, 'adfbb6b0-07de-4bb6-876c-d89c73f9642a', NULL, NULL, NULL, true, 'c5ea27d8-a13d-4c9a-81c1-7fcc2a953ae1', 'c54500dd-f55d-4fcd-aa25-28570335499c', '2025-10-31 00:26:57.749', '2025-10-31 01:01:23.501');
INSERT INTO public.inventories VALUES ('d9690834-57c8-4372-8de8-89b1a0eae562', 'CAM-SAM-REAR-001-DOWN-001', 'Samsung Rear Camera Module', 'Rear camera for Samsung A-series', NULL, 'Samsung', '8d7b3766-a8ff-46fa-8fba-aac806db9e79', NULL, 'CAMERA', NULL, 'PIECE', NULL, 1500.00, 2800.00, '85258020', 'EIGHTEEN', NULL, 'CGST_SGST', 10.00, 5.00, 25.00, 10.00, 'babb7929-b663-461f-91c6-f286bbbf56df', NULL, NULL, NULL, true, 'c5ea27d8-a13d-4c9a-81c1-7fcc2a953ae1', 'c54500dd-f55d-4fcd-aa25-28570335499c', '2025-10-31 00:26:57.839', '2025-10-31 01:01:23.501');
INSERT INTO public.inventories VALUES ('5299c707-316b-40db-b672-10002c92b8d8', 'DSP-RN13P-001-DOWN-001', 'Redmi Note 13 Pro Display', 'AMOLED display for Redmi Note 13 Pro', 'Redmi Note 13 Pro', 'Xiaomi', 'a204f7c8-8663-48bd-9bad-33f362ea22f7', '8f479ae7-d369-4c47-b619-f8677da94c51', 'DISPLAY', NULL, 'PIECE', NULL, 2500.00, 4000.00, '85177000', 'EIGHTEEN', NULL, 'CGST_SGST', 8.00, 5.00, 25.00, 8.00, '0c692eca-3036-4bf6-98cf-278d2c8721cc', NULL, NULL, NULL, true, 'c5ea27d8-a13d-4c9a-81c1-7fcc2a953ae1', 'c54500dd-f55d-4fcd-aa25-28570335499c', '2025-10-31 00:26:57.727', '2025-10-31 01:01:23.521');
INSERT INTO public.inventories VALUES ('089058f5-d32e-4a15-9345-ae89d3fe1494', 'BAT-RN13P-001-DOWN-001', 'Redmi Note 13 Pro Battery', 'Battery for Redmi Note 13 Pro, 5000mAh', 'Redmi Note 13 Pro', 'Xiaomi', 'a204f7c8-8663-48bd-9bad-33f362ea22f7', '8f479ae7-d369-4c47-b619-f8677da94c51', 'BATTERY', NULL, 'PIECE', NULL, 600.00, 1200.00, '85076000', 'EIGHTEEN', NULL, 'CGST_SGST', 28.00, 10.00, 40.00, 15.00, '300ba079-3fab-47b8-b66e-a2eeb9103a40', NULL, NULL, NULL, true, 'c5ea27d8-a13d-4c9a-81c1-7fcc2a953ae1', 'c54500dd-f55d-4fcd-aa25-28570335499c', '2025-10-31 00:26:57.755', '2025-10-31 01:01:23.521');
INSERT INTO public.inventories VALUES ('b9fae01e-147f-4967-b2f8-4cba77438528', 'BAT-OP12-001-DOWN-001', 'OnePlus 12 Battery', 'Battery for OnePlus 12, 5400mAh', 'OnePlus 12', 'OnePlus', 'db3b37b4-7f1a-4d53-b038-1794e88fd9a7', 'e20fa9ab-df78-4ed8-91c5-b9caa47c68eb', 'BATTERY', NULL, 'PIECE', NULL, 1200.00, 2200.00, '85076000', 'EIGHTEEN', NULL, 'CGST_SGST', 19.00, 5.00, 25.00, 10.00, 'adfbb6b0-07de-4bb6-876c-d89c73f9642a', NULL, NULL, NULL, true, 'c5ea27d8-a13d-4c9a-81c1-7fcc2a953ae1', 'c54500dd-f55d-4fcd-aa25-28570335499c', '2025-10-31 00:26:57.764', '2025-10-31 01:01:23.537');
INSERT INTO public.inventories VALUES ('18b2f498-cbcc-49ee-889b-8d2cb016c0fc', 'TOOL-SCREWSET-001-DOWN-001', 'Mobile Repair Screwdriver Set', 'Professional 25-piece precision set', NULL, NULL, NULL, NULL, 'OTHER', NULL, 'SET', NULL, 250.00, 600.00, '82055100', 'TWELVE', NULL, 'CGST_SGST', 7.00, 5.00, 20.00, 8.00, '0c692eca-3036-4bf6-98cf-278d2c8721cc', NULL, NULL, NULL, true, 'c5ea27d8-a13d-4c9a-81c1-7fcc2a953ae1', 'c54500dd-f55d-4fcd-aa25-28570335499c', '2025-10-31 00:26:57.857', '2025-10-31 00:26:57.857');
INSERT INTO public.inventories VALUES ('eb081dca-7ff6-48ab-9326-e56b2811bfe1', 'TOOL-OPEN-KIT-001-DOWN-001', 'Mobile Opening Tool Kit', 'Plastic opening tools and spudgers', NULL, NULL, NULL, NULL, 'OTHER', NULL, 'SET', NULL, 80.00, 200.00, '82055900', 'TWELVE', NULL, 'CGST_SGST', 34.00, 10.00, 40.00, 15.00, 'e6d01518-1d8d-4a56-98af-2a5e38ae725d', NULL, NULL, NULL, true, 'c5ea27d8-a13d-4c9a-81c1-7fcc2a953ae1', 'c54500dd-f55d-4fcd-aa25-28570335499c', '2025-10-31 00:26:57.866', '2025-10-31 00:26:57.866');
INSERT INTO public.inventories VALUES ('334a9b09-6c07-4376-aa80-c7e9b084bb93', 'CHG-USBC-20W-001-TPT', 'USB-C 20W Fast Charger', '20W USB-C fast charging adapter', NULL, NULL, NULL, NULL, 'CHARGER', NULL, 'PIECE', NULL, 150.00, 350.00, '85044090', 'EIGHTEEN', NULL, 'CGST_SGST', 71.00, 20.00, 100.00, 30.00, 'e6d01518-1d8d-4a56-98af-2a5e38ae725d', NULL, NULL, NULL, true, 'fd9b3568-c312-41d1-b44e-e70437adc666', 'c54500dd-f55d-4fcd-aa25-28570335499c', '2025-10-31 00:26:57.939', '2025-10-31 00:26:57.939');
INSERT INTO public.inventories VALUES ('19d70b69-a84d-4b53-a1bb-2a2e93ee6e23', 'CBL-USBC-1M-001-TPT', 'USB-C to USB-C Cable 1M', 'USB-C fast charging cable', NULL, NULL, NULL, NULL, 'CABLE', NULL, 'PIECE', NULL, 80.00, 250.00, '85444290', 'EIGHTEEN', NULL, 'CGST_SGST', 143.00, 40.00, 200.00, 60.00, '99562c24-7cdd-42bf-b8fc-8c6cc5a488af', NULL, NULL, NULL, true, 'fd9b3568-c312-41d1-b44e-e70437adc666', 'c54500dd-f55d-4fcd-aa25-28570335499c', '2025-10-31 00:26:57.96', '2025-10-31 00:26:57.96');
INSERT INTO public.inventories VALUES ('fbb0cd6d-82e0-42f7-b8c2-0c1d111cc95d', 'SPRT-TEMP-UNIV-001-TPT', 'Universal Tempered Glass', '9H tempered glass screen protector', NULL, NULL, NULL, NULL, 'SCREEN_PROTECTOR', NULL, 'PIECE', NULL, 30.00, 150.00, '70071900', 'EIGHTEEN', NULL, 'CGST_SGST', 182.00, 50.00, 250.00, 80.00, '99562c24-7cdd-42bf-b8fc-8c6cc5a488af', NULL, NULL, NULL, true, 'fd9b3568-c312-41d1-b44e-e70437adc666', 'c54500dd-f55d-4fcd-aa25-28570335499c', '2025-10-31 00:26:57.972', '2025-10-31 00:26:57.972');
INSERT INTO public.inventories VALUES ('db74cbed-1d94-45bc-b13d-f34500a6336c', 'CASE-UNIV-TPU-001-TPT', 'Universal TPU Back Cover', 'Transparent TPU case - Universal fit', NULL, NULL, NULL, NULL, 'CASE_COVER', NULL, 'PIECE', NULL, 40.00, 150.00, '39269099', 'TWELVE', NULL, 'CGST_SGST', 148.00, 40.00, 200.00, 60.00, 'e6d01518-1d8d-4a56-98af-2a5e38ae725d', NULL, NULL, NULL, true, 'fd9b3568-c312-41d1-b44e-e70437adc666', 'c54500dd-f55d-4fcd-aa25-28570335499c', '2025-10-31 00:26:57.981', '2025-10-31 00:26:57.981');
INSERT INTO public.inventories VALUES ('52afcf64-a8b4-4bf9-9ee4-9d194ee833a3', 'AUD-EARPOD-001-TPT', 'Wired Earphones with Mic', '3.5mm jack wired earphones', NULL, NULL, NULL, NULL, 'ACCESSORY', NULL, 'PIECE', NULL, 80.00, 200.00, '85183000', 'TWELVE', NULL, 'CGST_SGST', 90.00, 30.00, 150.00, 50.00, '300ba079-3fab-47b8-b66e-a2eeb9103a40', NULL, NULL, NULL, true, 'fd9b3568-c312-41d1-b44e-e70437adc666', 'c54500dd-f55d-4fcd-aa25-28570335499c', '2025-10-31 00:26:57.997', '2025-10-31 00:26:57.997');
INSERT INTO public.inventories VALUES ('02360b10-f5b8-43ee-a8b6-6f13b2bf4caa', 'DSP-S24U-001-TPT', 'Samsung S24 Ultra AMOLED Display', 'Original AMOLED display for Galaxy S24 Ultra', 'Galaxy S24 Ultra', 'Samsung', '8d7b3766-a8ff-46fa-8fba-aac806db9e79', 'd88f0174-6cd9-46fe-83bb-fbc07c580d75', 'DISPLAY', NULL, 'PIECE', NULL, 12000.00, 17000.00, '85177000', 'EIGHTEEN', NULL, 'CGST_SGST', 6.00, 3.00, 15.00, 5.00, '0c692eca-3036-4bf6-98cf-278d2c8721cc', NULL, NULL, NULL, true, 'fd9b3568-c312-41d1-b44e-e70437adc666', 'c54500dd-f55d-4fcd-aa25-28570335499c', '2025-10-31 00:26:57.889', '2025-10-31 01:01:23.501');
INSERT INTO public.inventories VALUES ('87e66009-00d3-4245-9e79-74f014ca282a', 'BAT-S24U-001-TPT', 'Samsung S24 Ultra Battery', 'Original battery for Galaxy S24 Ultra, 5000mAh', 'Galaxy S24 Ultra', 'Samsung', '8d7b3766-a8ff-46fa-8fba-aac806db9e79', 'd88f0174-6cd9-46fe-83bb-fbc07c580d75', 'BATTERY', NULL, 'PIECE', NULL, 1800.00, 3200.00, '85076000', 'EIGHTEEN', NULL, 'CGST_SGST', 15.00, 8.00, 30.00, 12.00, 'e6617fef-58e2-4874-a68d-86c1f620dc97', NULL, NULL, NULL, true, 'fd9b3568-c312-41d1-b44e-e70437adc666', 'c54500dd-f55d-4fcd-aa25-28570335499c', '2025-10-31 00:26:57.918', '2025-10-31 01:01:23.501');
INSERT INTO public.inventories VALUES ('abed74a9-16f8-48a6-93f7-e944eee47e75', 'DSP-RN13P-001-TPT', 'Redmi Note 13 Pro Display', 'AMOLED display for Redmi Note 13 Pro', 'Redmi Note 13 Pro', 'Xiaomi', 'a204f7c8-8663-48bd-9bad-33f362ea22f7', '8f479ae7-d369-4c47-b619-f8677da94c51', 'DISPLAY', NULL, 'PIECE', NULL, 2500.00, 4000.00, '85177000', 'EIGHTEEN', NULL, 'CGST_SGST', 11.00, 5.00, 25.00, 8.00, 'e6617fef-58e2-4874-a68d-86c1f620dc97', NULL, NULL, NULL, true, 'fd9b3568-c312-41d1-b44e-e70437adc666', 'c54500dd-f55d-4fcd-aa25-28570335499c', '2025-10-31 00:26:57.895', '2025-10-31 01:01:23.521');
INSERT INTO public.inventories VALUES ('4bca36fa-7291-4d83-b9c4-8d40b9637d0f', 'BAT-RN13P-001-TPT', 'Redmi Note 13 Pro Battery', 'Battery for Redmi Note 13 Pro, 5000mAh', 'Redmi Note 13 Pro', 'Xiaomi', 'a204f7c8-8663-48bd-9bad-33f362ea22f7', '8f479ae7-d369-4c47-b619-f8677da94c51', 'BATTERY', NULL, 'PIECE', NULL, 600.00, 1200.00, '85076000', 'EIGHTEEN', NULL, 'CGST_SGST', 19.00, 10.00, 40.00, 15.00, 'adfbb6b0-07de-4bb6-876c-d89c73f9642a', NULL, NULL, NULL, true, 'fd9b3568-c312-41d1-b44e-e70437adc666', 'c54500dd-f55d-4fcd-aa25-28570335499c', '2025-10-31 00:26:57.925', '2025-10-31 01:01:23.521');
INSERT INTO public.inventories VALUES ('ad8200ac-f1dc-4a60-91fb-c512fb5a65b8', 'BAT-OP12-001-TPT', 'OnePlus 12 Battery', 'Battery for OnePlus 12, 5400mAh', 'OnePlus 12', 'OnePlus', 'db3b37b4-7f1a-4d53-b038-1794e88fd9a7', 'e20fa9ab-df78-4ed8-91c5-b9caa47c68eb', 'BATTERY', NULL, 'PIECE', NULL, 1200.00, 2200.00, '85076000', 'EIGHTEEN', NULL, 'CGST_SGST', 16.00, 5.00, 25.00, 10.00, 'f26455d0-690b-44a9-a08d-0e376f0395ac', NULL, NULL, NULL, true, 'fd9b3568-c312-41d1-b44e-e70437adc666', 'c54500dd-f55d-4fcd-aa25-28570335499c', '2025-10-31 00:26:57.932', '2025-10-31 01:01:23.537');
INSERT INTO public.inventories VALUES ('7f85af40-064a-4a94-b670-89b2c9ed113a', 'ELEC-VIBR-UNIV-001-TPT', 'Vibration Motor Universal', 'Universal vibration motor for smartphones', NULL, NULL, NULL, NULL, 'ELECTRICAL', NULL, 'PIECE', NULL, 50.00, 150.00, '85011010', 'EIGHTEEN', NULL, 'CGST_SGST', 65.00, 25.00, 100.00, 40.00, 'f26455d0-690b-44a9-a08d-0e376f0395ac', NULL, NULL, NULL, true, 'fd9b3568-c312-41d1-b44e-e70437adc666', 'c54500dd-f55d-4fcd-aa25-28570335499c', '2025-10-31 00:26:58.03', '2025-10-31 00:26:58.03');
INSERT INTO public.inventories VALUES ('e3386341-1430-474b-9b59-7151aff57eca', 'ELEC-FLEX-PWR-001-TPT', 'Power Button Flex Cable', 'Universal power button flex cable', NULL, NULL, NULL, NULL, 'MECHANICAL', NULL, 'PIECE', NULL, 80.00, 250.00, '85366990', 'EIGHTEEN', NULL, 'CGST_SGST', 28.00, 20.00, 80.00, 30.00, 'adfbb6b0-07de-4bb6-876c-d89c73f9642a', NULL, NULL, NULL, true, 'fd9b3568-c312-41d1-b44e-e70437adc666', 'c54500dd-f55d-4fcd-aa25-28570335499c', '2025-10-31 00:26:58.038', '2025-10-31 00:26:58.038');
INSERT INTO public.inventories VALUES ('8af61df7-99d3-417d-ac3e-d500fddcb36f', 'TOOL-SCREWSET-001-TPT', 'Mobile Repair Screwdriver Set', 'Professional 25-piece precision set', NULL, NULL, NULL, NULL, 'OTHER', NULL, 'SET', NULL, 250.00, 600.00, '82055100', 'TWELVE', NULL, 'CGST_SGST', 11.00, 5.00, 20.00, 8.00, 'f26455d0-690b-44a9-a08d-0e376f0395ac', NULL, NULL, NULL, true, 'fd9b3568-c312-41d1-b44e-e70437adc666', 'c54500dd-f55d-4fcd-aa25-28570335499c', '2025-10-31 00:26:58.048', '2025-10-31 00:26:58.048');
INSERT INTO public.inventories VALUES ('da686749-5b4d-4dcc-9a51-3a1bbb5a5d50', 'TOOL-OPEN-KIT-001-TPT', 'Mobile Opening Tool Kit', 'Plastic opening tools and spudgers', NULL, NULL, NULL, NULL, 'OTHER', NULL, 'SET', NULL, 80.00, 200.00, '82055900', 'TWELVE', NULL, 'CGST_SGST', 31.00, 10.00, 40.00, 15.00, '300ba079-3fab-47b8-b66e-a2eeb9103a40', NULL, NULL, NULL, true, 'fd9b3568-c312-41d1-b44e-e70437adc666', 'c54500dd-f55d-4fcd-aa25-28570335499c', '2025-10-31 00:26:58.058', '2025-10-31 00:26:58.058');
INSERT INTO public.inventories VALUES ('93423e59-dbde-4000-a4e0-637f3653b9c4', 'CHG-USBC-20W-001-VPM', 'USB-C 20W Fast Charger', '20W USB-C fast charging adapter', NULL, NULL, NULL, NULL, 'CHARGER', NULL, 'PIECE', NULL, 150.00, 350.00, '85044090', 'EIGHTEEN', NULL, 'CGST_SGST', 75.00, 20.00, 100.00, 30.00, 'babb7929-b663-461f-91c6-f286bbbf56df', NULL, NULL, NULL, true, 'c1a9dfc9-354a-4e71-bde1-5a1ade259bdd', 'c54500dd-f55d-4fcd-aa25-28570335499c', '2025-10-31 00:26:58.135', '2025-10-31 00:26:58.135');
INSERT INTO public.inventories VALUES ('875bfa09-2b0d-429a-a45c-baef39a142ec', 'CBL-USBC-1M-001-VPM', 'USB-C to USB-C Cable 1M', 'USB-C fast charging cable', NULL, NULL, NULL, NULL, 'CABLE', NULL, 'PIECE', NULL, 80.00, 250.00, '85444290', 'EIGHTEEN', NULL, 'CGST_SGST', 70.00, 40.00, 200.00, 60.00, '99562c24-7cdd-42bf-b8fc-8c6cc5a488af', NULL, NULL, NULL, true, 'c1a9dfc9-354a-4e71-bde1-5a1ade259bdd', 'c54500dd-f55d-4fcd-aa25-28570335499c', '2025-10-31 00:26:58.154', '2025-10-31 00:26:58.154');
INSERT INTO public.inventories VALUES ('429bcc0e-e53d-4c42-839f-9ae611e045cd', 'CAM-SAM-REAR-001-TPT', 'Samsung Rear Camera Module', 'Rear camera for Samsung A-series', NULL, 'Samsung', '8d7b3766-a8ff-46fa-8fba-aac806db9e79', NULL, 'CAMERA', NULL, 'PIECE', NULL, 1500.00, 2800.00, '85258020', 'EIGHTEEN', NULL, 'CGST_SGST', 20.00, 5.00, 25.00, 10.00, 'babb7929-b663-461f-91c6-f286bbbf56df', NULL, NULL, NULL, true, 'fd9b3568-c312-41d1-b44e-e70437adc666', 'c54500dd-f55d-4fcd-aa25-28570335499c', '2025-10-31 00:26:58.019', '2025-10-31 01:01:23.501');
INSERT INTO public.inventories VALUES ('8371fe9a-8ab1-4bae-af8f-fc81aa61b329', 'DSP-S24U-001-VPM', 'Samsung S24 Ultra AMOLED Display', 'Original AMOLED display for Galaxy S24 Ultra', 'Galaxy S24 Ultra', 'Samsung', '8d7b3766-a8ff-46fa-8fba-aac806db9e79', 'd88f0174-6cd9-46fe-83bb-fbc07c580d75', 'DISPLAY', NULL, 'PIECE', NULL, 12000.00, 17000.00, '85177000', 'EIGHTEEN', NULL, 'CGST_SGST', 5.00, 3.00, 15.00, 5.00, 'f26455d0-690b-44a9-a08d-0e376f0395ac', NULL, NULL, NULL, true, 'c1a9dfc9-354a-4e71-bde1-5a1ade259bdd', 'c54500dd-f55d-4fcd-aa25-28570335499c', '2025-10-31 00:26:58.083', '2025-10-31 01:01:23.501');
INSERT INTO public.inventories VALUES ('1c73b9a6-1f63-407f-8c63-5a9d212e88b2', 'BAT-S24U-001-VPM', 'Samsung S24 Ultra Battery', 'Original battery for Galaxy S24 Ultra, 5000mAh', 'Galaxy S24 Ultra', 'Samsung', '8d7b3766-a8ff-46fa-8fba-aac806db9e79', 'd88f0174-6cd9-46fe-83bb-fbc07c580d75', 'BATTERY', NULL, 'PIECE', NULL, 1800.00, 3200.00, '85076000', 'EIGHTEEN', NULL, 'CGST_SGST', 19.00, 8.00, 30.00, 12.00, 'adfbb6b0-07de-4bb6-876c-d89c73f9642a', NULL, NULL, NULL, true, 'c1a9dfc9-354a-4e71-bde1-5a1ade259bdd', 'c54500dd-f55d-4fcd-aa25-28570335499c', '2025-10-31 00:26:58.114', '2025-10-31 01:01:23.501');
INSERT INTO public.inventories VALUES ('55d46754-6d62-4a0e-a0c2-24cc74ef0000', 'DSP-RN13P-001-VPM', 'Redmi Note 13 Pro Display', 'AMOLED display for Redmi Note 13 Pro', 'Redmi Note 13 Pro', 'Xiaomi', 'a204f7c8-8663-48bd-9bad-33f362ea22f7', '8f479ae7-d369-4c47-b619-f8677da94c51', 'DISPLAY', NULL, 'PIECE', NULL, 2500.00, 4000.00, '85177000', 'EIGHTEEN', NULL, 'CGST_SGST', 17.00, 5.00, 25.00, 8.00, 'f26455d0-690b-44a9-a08d-0e376f0395ac', NULL, NULL, NULL, true, 'c1a9dfc9-354a-4e71-bde1-5a1ade259bdd', 'c54500dd-f55d-4fcd-aa25-28570335499c', '2025-10-31 00:26:58.09', '2025-10-31 01:01:23.521');
INSERT INTO public.inventories VALUES ('f7fcbeeb-bdeb-434c-954b-1fa7999cbc46', 'BAT-RN13P-001-VPM', 'Redmi Note 13 Pro Battery', 'Battery for Redmi Note 13 Pro, 5000mAh', 'Redmi Note 13 Pro', 'Xiaomi', 'a204f7c8-8663-48bd-9bad-33f362ea22f7', '8f479ae7-d369-4c47-b619-f8677da94c51', 'BATTERY', NULL, 'PIECE', NULL, 600.00, 1200.00, '85076000', 'EIGHTEEN', NULL, 'CGST_SGST', 20.00, 10.00, 40.00, 15.00, '99562c24-7cdd-42bf-b8fc-8c6cc5a488af', NULL, NULL, NULL, true, 'c1a9dfc9-354a-4e71-bde1-5a1ade259bdd', 'c54500dd-f55d-4fcd-aa25-28570335499c', '2025-10-31 00:26:58.121', '2025-10-31 01:01:23.521');
INSERT INTO public.inventories VALUES ('8ae3fba7-4e23-4024-b2f7-7b6c07a63f8d', 'BAT-OP12-001-VPM', 'OnePlus 12 Battery', 'Battery for OnePlus 12, 5400mAh', 'OnePlus 12', 'OnePlus', 'db3b37b4-7f1a-4d53-b038-1794e88fd9a7', 'e20fa9ab-df78-4ed8-91c5-b9caa47c68eb', 'BATTERY', NULL, 'PIECE', NULL, 1200.00, 2200.00, '85076000', 'EIGHTEEN', NULL, 'CGST_SGST', 16.00, 5.00, 25.00, 10.00, '300ba079-3fab-47b8-b66e-a2eeb9103a40', NULL, NULL, NULL, true, 'c1a9dfc9-354a-4e71-bde1-5a1ade259bdd', 'c54500dd-f55d-4fcd-aa25-28570335499c', '2025-10-31 00:26:58.129', '2025-10-31 01:01:23.537');
INSERT INTO public.inventories VALUES ('c162c077-c08e-4109-95bf-af97e43da4dc', 'SPRT-TEMP-UNIV-001-VPM', 'Universal Tempered Glass', '9H tempered glass screen protector', NULL, NULL, NULL, NULL, 'SCREEN_PROTECTOR', NULL, 'PIECE', NULL, 30.00, 150.00, '70071900', 'EIGHTEEN', NULL, 'CGST_SGST', 188.00, 50.00, 250.00, 80.00, 'adfbb6b0-07de-4bb6-876c-d89c73f9642a', NULL, NULL, NULL, true, 'c1a9dfc9-354a-4e71-bde1-5a1ade259bdd', 'c54500dd-f55d-4fcd-aa25-28570335499c', '2025-10-31 00:26:58.166', '2025-10-31 00:26:58.166');
INSERT INTO public.inventories VALUES ('fd3dce8c-ee51-4220-a3a5-8518f54892d0', 'CASE-UNIV-TPU-001-VPM', 'Universal TPU Back Cover', 'Transparent TPU case - Universal fit', NULL, NULL, NULL, NULL, 'CASE_COVER', NULL, 'PIECE', NULL, 40.00, 150.00, '39269099', 'TWELVE', NULL, 'CGST_SGST', 139.00, 40.00, 200.00, 60.00, 'e6617fef-58e2-4874-a68d-86c1f620dc97', NULL, NULL, NULL, true, 'c1a9dfc9-354a-4e71-bde1-5a1ade259bdd', 'c54500dd-f55d-4fcd-aa25-28570335499c', '2025-10-31 00:26:58.175', '2025-10-31 00:26:58.175');
INSERT INTO public.inventories VALUES ('1073a317-2e30-4903-a5e3-afefaabc4688', 'AUD-EARPOD-001-VPM', 'Wired Earphones with Mic', '3.5mm jack wired earphones', NULL, NULL, NULL, NULL, 'ACCESSORY', NULL, 'PIECE', NULL, 80.00, 200.00, '85183000', 'TWELVE', NULL, 'CGST_SGST', 107.00, 30.00, 150.00, 50.00, '99562c24-7cdd-42bf-b8fc-8c6cc5a488af', NULL, NULL, NULL, true, 'c1a9dfc9-354a-4e71-bde1-5a1ade259bdd', 'c54500dd-f55d-4fcd-aa25-28570335499c', '2025-10-31 00:26:58.192', '2025-10-31 00:26:58.192');
INSERT INTO public.inventories VALUES ('2f4ae5b9-0fcf-49b6-b774-ba4178c79319', 'ELEC-VIBR-UNIV-001-VPM', 'Vibration Motor Universal', 'Universal vibration motor for smartphones', NULL, NULL, NULL, NULL, 'ELECTRICAL', NULL, 'PIECE', NULL, 50.00, 150.00, '85011010', 'EIGHTEEN', NULL, 'CGST_SGST', 52.00, 25.00, 100.00, 40.00, 'f26455d0-690b-44a9-a08d-0e376f0395ac', NULL, NULL, NULL, true, 'c1a9dfc9-354a-4e71-bde1-5a1ade259bdd', 'c54500dd-f55d-4fcd-aa25-28570335499c', '2025-10-31 00:26:58.21', '2025-10-31 00:26:58.21');
INSERT INTO public.inventories VALUES ('4f4ca5c3-dc0e-4893-98a3-dc9cb1c37995', 'ELEC-FLEX-PWR-001-VPM', 'Power Button Flex Cable', 'Universal power button flex cable', NULL, NULL, NULL, NULL, 'MECHANICAL', NULL, 'PIECE', NULL, 80.00, 250.00, '85366990', 'EIGHTEEN', NULL, 'CGST_SGST', 37.00, 20.00, 80.00, 30.00, 'e6617fef-58e2-4874-a68d-86c1f620dc97', NULL, NULL, NULL, true, 'c1a9dfc9-354a-4e71-bde1-5a1ade259bdd', 'c54500dd-f55d-4fcd-aa25-28570335499c', '2025-10-31 00:26:58.217', '2025-10-31 00:26:58.217');
INSERT INTO public.inventories VALUES ('100502d7-ef0e-43c7-b701-c7cfd5ec0386', 'TOOL-SCREWSET-001-VPM', 'Mobile Repair Screwdriver Set', 'Professional 25-piece precision set', NULL, NULL, NULL, NULL, 'OTHER', NULL, 'SET', NULL, 250.00, 600.00, '82055100', 'TWELVE', NULL, 'CGST_SGST', 7.00, 5.00, 20.00, 8.00, 'adfbb6b0-07de-4bb6-876c-d89c73f9642a', NULL, NULL, NULL, true, 'c1a9dfc9-354a-4e71-bde1-5a1ade259bdd', 'c54500dd-f55d-4fcd-aa25-28570335499c', '2025-10-31 00:26:58.224', '2025-10-31 00:26:58.224');
INSERT INTO public.inventories VALUES ('c503b634-73ef-4f0a-83f9-607959541eb2', 'TOOL-OPEN-KIT-001-VPM', 'Mobile Opening Tool Kit', 'Plastic opening tools and spudgers', NULL, NULL, NULL, NULL, 'OTHER', NULL, 'SET', NULL, 80.00, 200.00, '82055900', 'TWELVE', NULL, 'CGST_SGST', 35.00, 10.00, 40.00, 15.00, 'e6d01518-1d8d-4a56-98af-2a5e38ae725d', NULL, NULL, NULL, true, 'c1a9dfc9-354a-4e71-bde1-5a1ade259bdd', 'c54500dd-f55d-4fcd-aa25-28570335499c', '2025-10-31 00:26:58.23', '2025-10-31 00:26:58.23');
INSERT INTO public.inventories VALUES ('340b50ac-fdc3-4552-9324-0fec3aea046d', 'CHG-USBC-20W-001-TKV', 'USB-C 20W Fast Charger', '20W USB-C fast charging adapter', NULL, NULL, NULL, NULL, 'CHARGER', NULL, 'PIECE', NULL, 150.00, 350.00, '85044090', 'EIGHTEEN', NULL, 'CGST_SGST', 37.00, 20.00, 100.00, 30.00, 'e6d01518-1d8d-4a56-98af-2a5e38ae725d', NULL, NULL, NULL, true, '85b64dfa-0872-4942-83c3-489358ba6264', 'c54500dd-f55d-4fcd-aa25-28570335499c', '2025-10-31 00:26:58.293', '2025-10-31 00:26:58.293');
INSERT INTO public.inventories VALUES ('bbaf327d-c1e5-4288-abeb-7d23a796b1af', 'CAM-SAM-REAR-001-VPM', 'Samsung Rear Camera Module', 'Rear camera for Samsung A-series', NULL, 'Samsung', '8d7b3766-a8ff-46fa-8fba-aac806db9e79', NULL, 'CAMERA', NULL, 'PIECE', NULL, 1500.00, 2800.00, '85258020', 'EIGHTEEN', NULL, 'CGST_SGST', 14.00, 5.00, 25.00, 10.00, 'f26455d0-690b-44a9-a08d-0e376f0395ac', NULL, NULL, NULL, true, 'c1a9dfc9-354a-4e71-bde1-5a1ade259bdd', 'c54500dd-f55d-4fcd-aa25-28570335499c', '2025-10-31 00:26:58.203', '2025-10-31 01:01:23.501');
INSERT INTO public.inventories VALUES ('53d4b94d-1377-4216-86c8-fdebda68b445', 'DSP-S24U-001-TKV', 'Samsung S24 Ultra AMOLED Display', 'Original AMOLED display for Galaxy S24 Ultra', 'Galaxy S24 Ultra', 'Samsung', '8d7b3766-a8ff-46fa-8fba-aac806db9e79', 'd88f0174-6cd9-46fe-83bb-fbc07c580d75', 'DISPLAY', NULL, 'PIECE', NULL, 12000.00, 17000.00, '85177000', 'EIGHTEEN', NULL, 'CGST_SGST', 6.00, 3.00, 15.00, 5.00, '300ba079-3fab-47b8-b66e-a2eeb9103a40', NULL, NULL, NULL, true, '85b64dfa-0872-4942-83c3-489358ba6264', 'c54500dd-f55d-4fcd-aa25-28570335499c', '2025-10-31 00:26:58.25', '2025-10-31 01:01:23.501');
INSERT INTO public.inventories VALUES ('07ec69ba-69f3-4412-8c9c-d917e7d3b869', 'BAT-S24U-001-TKV', 'Samsung S24 Ultra Battery', 'Original battery for Galaxy S24 Ultra, 5000mAh', 'Galaxy S24 Ultra', 'Samsung', '8d7b3766-a8ff-46fa-8fba-aac806db9e79', 'd88f0174-6cd9-46fe-83bb-fbc07c580d75', 'BATTERY', NULL, 'PIECE', NULL, 1800.00, 3200.00, '85076000', 'EIGHTEEN', NULL, 'CGST_SGST', 23.00, 8.00, 30.00, 12.00, 'adfbb6b0-07de-4bb6-876c-d89c73f9642a', NULL, NULL, NULL, true, '85b64dfa-0872-4942-83c3-489358ba6264', 'c54500dd-f55d-4fcd-aa25-28570335499c', '2025-10-31 00:26:58.273', '2025-10-31 01:01:23.501');
INSERT INTO public.inventories VALUES ('017015ec-7d51-4854-a030-b0e0cd8c0eb6', 'DSP-RN13P-001-TKV', 'Redmi Note 13 Pro Display', 'AMOLED display for Redmi Note 13 Pro', 'Redmi Note 13 Pro', 'Xiaomi', 'a204f7c8-8663-48bd-9bad-33f362ea22f7', '8f479ae7-d369-4c47-b619-f8677da94c51', 'DISPLAY', NULL, 'PIECE', NULL, 2500.00, 4000.00, '85177000', 'EIGHTEEN', NULL, 'CGST_SGST', 15.00, 5.00, 25.00, 8.00, '99562c24-7cdd-42bf-b8fc-8c6cc5a488af', NULL, NULL, NULL, true, '85b64dfa-0872-4942-83c3-489358ba6264', 'c54500dd-f55d-4fcd-aa25-28570335499c', '2025-10-31 00:26:58.255', '2025-10-31 01:01:23.521');
INSERT INTO public.inventories VALUES ('40e4e6c7-4b2e-4dab-9e0f-1d524defa591', 'BAT-RN13P-001-TKV', 'Redmi Note 13 Pro Battery', 'Battery for Redmi Note 13 Pro, 5000mAh', 'Redmi Note 13 Pro', 'Xiaomi', 'a204f7c8-8663-48bd-9bad-33f362ea22f7', '8f479ae7-d369-4c47-b619-f8677da94c51', 'BATTERY', NULL, 'PIECE', NULL, 600.00, 1200.00, '85076000', 'EIGHTEEN', NULL, 'CGST_SGST', 29.00, 10.00, 40.00, 15.00, '300ba079-3fab-47b8-b66e-a2eeb9103a40', NULL, NULL, NULL, true, '85b64dfa-0872-4942-83c3-489358ba6264', 'c54500dd-f55d-4fcd-aa25-28570335499c', '2025-10-31 00:26:58.28', '2025-10-31 01:01:23.521');
INSERT INTO public.inventories VALUES ('99d5a0ec-d504-4107-a87f-0978e6ddacb3', 'BAT-OP12-001-TKV', 'OnePlus 12 Battery', 'Battery for OnePlus 12, 5400mAh', 'OnePlus 12', 'OnePlus', 'db3b37b4-7f1a-4d53-b038-1794e88fd9a7', 'e20fa9ab-df78-4ed8-91c5-b9caa47c68eb', 'BATTERY', NULL, 'PIECE', NULL, 1200.00, 2200.00, '85076000', 'EIGHTEEN', NULL, 'CGST_SGST', 12.00, 5.00, 25.00, 10.00, 'babb7929-b663-461f-91c6-f286bbbf56df', NULL, NULL, NULL, true, '85b64dfa-0872-4942-83c3-489358ba6264', 'c54500dd-f55d-4fcd-aa25-28570335499c', '2025-10-31 00:26:58.286', '2025-10-31 01:01:23.537');
INSERT INTO public.inventories VALUES ('2c4c3bf7-708d-478e-aa57-275e5198e6eb', 'CBL-USBC-1M-001-TKV', 'USB-C to USB-C Cable 1M', 'USB-C fast charging cable', NULL, NULL, NULL, NULL, 'CABLE', NULL, 'PIECE', NULL, 80.00, 250.00, '85444290', 'EIGHTEEN', NULL, 'CGST_SGST', 77.00, 40.00, 200.00, 60.00, '300ba079-3fab-47b8-b66e-a2eeb9103a40', NULL, NULL, NULL, true, '85b64dfa-0872-4942-83c3-489358ba6264', 'c54500dd-f55d-4fcd-aa25-28570335499c', '2025-10-31 00:26:58.314', '2025-10-31 00:26:58.314');
INSERT INTO public.inventories VALUES ('96106b58-42c4-40ec-b50d-6145256d1218', 'SPRT-TEMP-UNIV-001-TKV', 'Universal Tempered Glass', '9H tempered glass screen protector', NULL, NULL, NULL, NULL, 'SCREEN_PROTECTOR', NULL, 'PIECE', NULL, 30.00, 150.00, '70071900', 'EIGHTEEN', NULL, 'CGST_SGST', 169.00, 50.00, 250.00, 80.00, 'adfbb6b0-07de-4bb6-876c-d89c73f9642a', NULL, NULL, NULL, true, '85b64dfa-0872-4942-83c3-489358ba6264', 'c54500dd-f55d-4fcd-aa25-28570335499c', '2025-10-31 00:26:58.326', '2025-10-31 00:26:58.326');
INSERT INTO public.inventories VALUES ('c22c2974-2454-4bfe-b0a3-6252ef39e83f', 'CASE-UNIV-TPU-001-TKV', 'Universal TPU Back Cover', 'Transparent TPU case - Universal fit', NULL, NULL, NULL, NULL, 'CASE_COVER', NULL, 'PIECE', NULL, 40.00, 150.00, '39269099', 'TWELVE', NULL, 'CGST_SGST', 96.00, 40.00, 200.00, 60.00, 'e6d01518-1d8d-4a56-98af-2a5e38ae725d', NULL, NULL, NULL, true, '85b64dfa-0872-4942-83c3-489358ba6264', 'c54500dd-f55d-4fcd-aa25-28570335499c', '2025-10-31 00:26:58.331', '2025-10-31 00:26:58.331');
INSERT INTO public.inventories VALUES ('c6f14238-c54d-4001-829d-b65f647864c1', 'AUD-EARPOD-001-TKV', 'Wired Earphones with Mic', '3.5mm jack wired earphones', NULL, NULL, NULL, NULL, 'ACCESSORY', NULL, 'PIECE', NULL, 80.00, 200.00, '85183000', 'TWELVE', NULL, 'CGST_SGST', 83.00, 30.00, 150.00, 50.00, '99562c24-7cdd-42bf-b8fc-8c6cc5a488af', NULL, NULL, NULL, true, '85b64dfa-0872-4942-83c3-489358ba6264', 'c54500dd-f55d-4fcd-aa25-28570335499c', '2025-10-31 00:26:58.344', '2025-10-31 00:26:58.344');
INSERT INTO public.inventories VALUES ('e3e7a13a-a3cb-4d98-984e-5f6ade38ea58', 'ELEC-VIBR-UNIV-001-TKV', 'Vibration Motor Universal', 'Universal vibration motor for smartphones', NULL, NULL, NULL, NULL, 'ELECTRICAL', NULL, 'PIECE', NULL, 50.00, 150.00, '85011010', 'EIGHTEEN', NULL, 'CGST_SGST', 69.00, 25.00, 100.00, 40.00, 'e6d01518-1d8d-4a56-98af-2a5e38ae725d', NULL, NULL, NULL, true, '85b64dfa-0872-4942-83c3-489358ba6264', 'c54500dd-f55d-4fcd-aa25-28570335499c', '2025-10-31 00:26:58.365', '2025-10-31 00:26:58.365');
INSERT INTO public.inventories VALUES ('27c5d51d-bab6-4848-8e8c-901861eff5b8', 'ELEC-FLEX-PWR-001-TKV', 'Power Button Flex Cable', 'Universal power button flex cable', NULL, NULL, NULL, NULL, 'MECHANICAL', NULL, 'PIECE', NULL, 80.00, 250.00, '85366990', 'EIGHTEEN', NULL, 'CGST_SGST', 57.00, 20.00, 80.00, 30.00, '99562c24-7cdd-42bf-b8fc-8c6cc5a488af', NULL, NULL, NULL, true, '85b64dfa-0872-4942-83c3-489358ba6264', 'c54500dd-f55d-4fcd-aa25-28570335499c', '2025-10-31 00:26:58.37', '2025-10-31 00:26:58.37');
INSERT INTO public.inventories VALUES ('0e4b6001-0aeb-4cea-9814-bb80d9595f3e', 'TOOL-SCREWSET-001-TKV', 'Mobile Repair Screwdriver Set', 'Professional 25-piece precision set', NULL, NULL, NULL, NULL, 'OTHER', NULL, 'SET', NULL, 250.00, 600.00, '82055100', 'TWELVE', NULL, 'CGST_SGST', 7.00, 5.00, 20.00, 8.00, '300ba079-3fab-47b8-b66e-a2eeb9103a40', NULL, NULL, NULL, true, '85b64dfa-0872-4942-83c3-489358ba6264', 'c54500dd-f55d-4fcd-aa25-28570335499c', '2025-10-31 00:26:58.376', '2025-10-31 00:26:58.376');
INSERT INTO public.inventories VALUES ('3e76338c-4cab-4a00-9d9e-4f900290ebbc', 'TOOL-OPEN-KIT-001-TKV', 'Mobile Opening Tool Kit', 'Plastic opening tools and spudgers', NULL, NULL, NULL, NULL, 'OTHER', NULL, 'SET', NULL, 80.00, 200.00, '82055900', 'TWELVE', NULL, 'CGST_SGST', 18.00, 10.00, 40.00, 15.00, '99562c24-7cdd-42bf-b8fc-8c6cc5a488af', NULL, NULL, NULL, true, '85b64dfa-0872-4942-83c3-489358ba6264', 'c54500dd-f55d-4fcd-aa25-28570335499c', '2025-10-31 00:26:58.382', '2025-10-31 00:26:58.382');
INSERT INTO public.inventories VALUES ('1253ccbd-f983-4985-9c24-f1bb24684bde', 'CAM-SAM-REAR-001-TKV', 'Samsung Rear Camera Module', 'Rear camera for Samsung A-series', NULL, 'Samsung', '8d7b3766-a8ff-46fa-8fba-aac806db9e79', NULL, 'CAMERA', NULL, 'PIECE', NULL, 1500.00, 2800.00, '85258020', 'EIGHTEEN', NULL, 'CGST_SGST', 9.00, 5.00, 25.00, 10.00, 'f26455d0-690b-44a9-a08d-0e376f0395ac', NULL, NULL, NULL, true, '85b64dfa-0872-4942-83c3-489358ba6264', 'c54500dd-f55d-4fcd-aa25-28570335499c', '2025-10-31 00:26:58.358', '2025-10-31 01:01:23.501');
INSERT INTO public.inventories VALUES ('964adbb9-fdba-403d-9a07-b9e4bc7220f9', 'DSP-S24U-001-GNG', 'Samsung S24 Ultra AMOLED Display', 'Original AMOLED display for Galaxy S24 Ultra', 'Galaxy S24 Ultra', 'Samsung', '8d7b3766-a8ff-46fa-8fba-aac806db9e79', 'd88f0174-6cd9-46fe-83bb-fbc07c580d75', 'DISPLAY', NULL, 'PIECE', NULL, 12000.00, 17000.00, '85177000', 'EIGHTEEN', NULL, 'CGST_SGST', 8.00, 3.00, 15.00, 5.00, 'babb7929-b663-461f-91c6-f286bbbf56df', NULL, NULL, NULL, true, 'c3f2e56e-3e75-4721-be53-de1e8ef799d8', 'c54500dd-f55d-4fcd-aa25-28570335499c', '2025-10-31 00:26:58.402', '2025-10-31 01:01:23.501');
INSERT INTO public.inventories VALUES ('890cbbc8-49db-48ee-8c08-a886c8539d50', 'DSP-RN13P-001-GNG', 'Redmi Note 13 Pro Display', 'AMOLED display for Redmi Note 13 Pro', 'Redmi Note 13 Pro', 'Xiaomi', 'a204f7c8-8663-48bd-9bad-33f362ea22f7', '8f479ae7-d369-4c47-b619-f8677da94c51', 'DISPLAY', NULL, 'PIECE', NULL, 2500.00, 4000.00, '85177000', 'EIGHTEEN', NULL, 'CGST_SGST', 12.00, 5.00, 25.00, 8.00, 'babb7929-b663-461f-91c6-f286bbbf56df', NULL, NULL, NULL, true, 'c3f2e56e-3e75-4721-be53-de1e8ef799d8', 'c54500dd-f55d-4fcd-aa25-28570335499c', '2025-10-31 00:26:58.408', '2025-10-31 01:01:23.521');
INSERT INTO public.inventories VALUES ('50d03985-325b-4185-93c5-2c09a40d077a', 'CHG-USBC-20W-001-GNG', 'USB-C 20W Fast Charger', '20W USB-C fast charging adapter', NULL, NULL, NULL, NULL, 'CHARGER', NULL, 'PIECE', NULL, 150.00, 350.00, '85044090', 'EIGHTEEN', NULL, 'CGST_SGST', 66.00, 20.00, 100.00, 30.00, '0c692eca-3036-4bf6-98cf-278d2c8721cc', NULL, NULL, NULL, true, 'c3f2e56e-3e75-4721-be53-de1e8ef799d8', 'c54500dd-f55d-4fcd-aa25-28570335499c', '2025-10-31 00:26:58.446', '2025-10-31 00:26:58.446');
INSERT INTO public.inventories VALUES ('2929b033-a7a6-439e-9de1-810f42f192f5', 'CBL-USBC-1M-001-GNG', 'USB-C to USB-C Cable 1M', 'USB-C fast charging cable', NULL, NULL, NULL, NULL, 'CABLE', NULL, 'PIECE', NULL, 80.00, 250.00, '85444290', 'EIGHTEEN', NULL, 'CGST_SGST', 130.00, 40.00, 200.00, 60.00, 'f26455d0-690b-44a9-a08d-0e376f0395ac', NULL, NULL, NULL, true, 'c3f2e56e-3e75-4721-be53-de1e8ef799d8', 'c54500dd-f55d-4fcd-aa25-28570335499c', '2025-10-31 00:26:58.465', '2025-10-31 00:26:58.465');
INSERT INTO public.inventories VALUES ('5f59a8cd-d7c8-4930-b387-c749f32eeae7', 'SPRT-TEMP-UNIV-001-GNG', 'Universal Tempered Glass', '9H tempered glass screen protector', NULL, NULL, NULL, NULL, 'SCREEN_PROTECTOR', NULL, 'PIECE', NULL, 30.00, 150.00, '70071900', 'EIGHTEEN', NULL, 'CGST_SGST', 193.00, 50.00, 250.00, 80.00, 'e6617fef-58e2-4874-a68d-86c1f620dc97', NULL, NULL, NULL, true, 'c3f2e56e-3e75-4721-be53-de1e8ef799d8', 'c54500dd-f55d-4fcd-aa25-28570335499c', '2025-10-31 00:26:58.476', '2025-10-31 00:26:58.476');
INSERT INTO public.inventories VALUES ('05edb08c-1dda-42d4-8aea-6d5cb441c0b8', 'CASE-UNIV-TPU-001-GNG', 'Universal TPU Back Cover', 'Transparent TPU case - Universal fit', NULL, NULL, NULL, NULL, 'CASE_COVER', NULL, 'PIECE', NULL, 40.00, 150.00, '39269099', 'TWELVE', NULL, 'CGST_SGST', 139.00, 40.00, 200.00, 60.00, '0c692eca-3036-4bf6-98cf-278d2c8721cc', NULL, NULL, NULL, true, 'c3f2e56e-3e75-4721-be53-de1e8ef799d8', 'c54500dd-f55d-4fcd-aa25-28570335499c', '2025-10-31 00:26:58.481', '2025-10-31 00:26:58.481');
INSERT INTO public.inventories VALUES ('304ad2fe-ee2b-4035-920d-5ac4ba7b2f15', 'AUD-EARPOD-001-GNG', 'Wired Earphones with Mic', '3.5mm jack wired earphones', NULL, NULL, NULL, NULL, 'ACCESSORY', NULL, 'PIECE', NULL, 80.00, 200.00, '85183000', 'TWELVE', NULL, 'CGST_SGST', 103.00, 30.00, 150.00, 50.00, '300ba079-3fab-47b8-b66e-a2eeb9103a40', NULL, NULL, NULL, true, 'c3f2e56e-3e75-4721-be53-de1e8ef799d8', 'c54500dd-f55d-4fcd-aa25-28570335499c', '2025-10-31 00:26:58.496', '2025-10-31 00:26:58.496');
INSERT INTO public.inventories VALUES ('a0ef283a-faa3-4f01-89f2-3cf17c94a837', 'ELEC-VIBR-UNIV-001-GNG', 'Vibration Motor Universal', 'Universal vibration motor for smartphones', NULL, NULL, NULL, NULL, 'ELECTRICAL', NULL, 'PIECE', NULL, 50.00, 150.00, '85011010', 'EIGHTEEN', NULL, 'CGST_SGST', 38.00, 25.00, 100.00, 40.00, '300ba079-3fab-47b8-b66e-a2eeb9103a40', NULL, NULL, NULL, true, 'c3f2e56e-3e75-4721-be53-de1e8ef799d8', 'c54500dd-f55d-4fcd-aa25-28570335499c', '2025-10-31 00:26:58.515', '2025-10-31 00:26:58.515');
INSERT INTO public.inventories VALUES ('ad2e4dbd-3cbe-4237-876d-83ad2a065d59', 'ELEC-FLEX-PWR-001-GNG', 'Power Button Flex Cable', 'Universal power button flex cable', NULL, NULL, NULL, NULL, 'MECHANICAL', NULL, 'PIECE', NULL, 80.00, 250.00, '85366990', 'EIGHTEEN', NULL, 'CGST_SGST', 55.00, 20.00, 80.00, 30.00, 'adfbb6b0-07de-4bb6-876c-d89c73f9642a', NULL, NULL, NULL, true, 'c3f2e56e-3e75-4721-be53-de1e8ef799d8', 'c54500dd-f55d-4fcd-aa25-28570335499c', '2025-10-31 00:26:58.521', '2025-10-31 00:26:58.521');
INSERT INTO public.inventories VALUES ('947b462d-d477-4448-bf29-c3939d43e565', 'TOOL-SCREWSET-001-GNG', 'Mobile Repair Screwdriver Set', 'Professional 25-piece precision set', NULL, NULL, NULL, NULL, 'OTHER', NULL, 'SET', NULL, 250.00, 600.00, '82055100', 'TWELVE', NULL, 'CGST_SGST', 11.00, 5.00, 20.00, 8.00, 'e6617fef-58e2-4874-a68d-86c1f620dc97', NULL, NULL, NULL, true, 'c3f2e56e-3e75-4721-be53-de1e8ef799d8', 'c54500dd-f55d-4fcd-aa25-28570335499c', '2025-10-31 00:26:58.528', '2025-10-31 00:26:58.528');
INSERT INTO public.inventories VALUES ('67b3e8a6-3060-4244-b687-8bdb0c0b9d2c', 'TOOL-OPEN-KIT-001-GNG', 'Mobile Opening Tool Kit', 'Plastic opening tools and spudgers', NULL, NULL, NULL, NULL, 'OTHER', NULL, 'SET', NULL, 80.00, 200.00, '82055900', 'TWELVE', NULL, 'CGST_SGST', 33.00, 10.00, 40.00, 15.00, 'adfbb6b0-07de-4bb6-876c-d89c73f9642a', NULL, NULL, NULL, true, 'c3f2e56e-3e75-4721-be53-de1e8ef799d8', 'c54500dd-f55d-4fcd-aa25-28570335499c', '2025-10-31 00:26:58.533', '2025-10-31 00:26:58.533');
INSERT INTO public.inventories VALUES ('b0b5c9af-cdd8-49ee-afb5-2eb86d146819', 'TOOL-SCREWSET-001-TND', 'Mobile Repair Screwdriver Set', 'Professional 25-piece precision set', NULL, NULL, NULL, NULL, 'OTHER', NULL, 'SET', NULL, 250.00, 600.00, '82055100', 'TWELVE', NULL, 'CGST_SGST', 10.00, 5.00, 20.00, 8.00, 'f26455d0-690b-44a9-a08d-0e376f0395ac', NULL, NULL, NULL, true, '291b0188-2f77-4b8c-8127-22de295e6290', 'c54500dd-f55d-4fcd-aa25-28570335499c', '2025-10-31 00:26:58.692', '2025-10-31 00:26:58.692');
INSERT INTO public.inventories VALUES ('10f12a12-bd7d-451a-9db9-6bbfb124a0a0', 'BAT-S24U-001-GNG', 'Samsung S24 Ultra Battery', 'Original battery for Galaxy S24 Ultra, 5000mAh', 'Galaxy S24 Ultra', 'Samsung', '8d7b3766-a8ff-46fa-8fba-aac806db9e79', 'd88f0174-6cd9-46fe-83bb-fbc07c580d75', 'BATTERY', NULL, 'PIECE', NULL, 1800.00, 3200.00, '85076000', 'EIGHTEEN', NULL, 'CGST_SGST', 15.00, 8.00, 30.00, 12.00, '0c692eca-3036-4bf6-98cf-278d2c8721cc', NULL, NULL, NULL, true, 'c3f2e56e-3e75-4721-be53-de1e8ef799d8', 'c54500dd-f55d-4fcd-aa25-28570335499c', '2025-10-31 00:26:58.427', '2025-10-31 01:01:23.501');
INSERT INTO public.inventories VALUES ('37517a1f-ad83-4336-b9ec-0876857e2bf3', 'CAM-SAM-REAR-001-GNG', 'Samsung Rear Camera Module', 'Rear camera for Samsung A-series', NULL, 'Samsung', '8d7b3766-a8ff-46fa-8fba-aac806db9e79', NULL, 'CAMERA', NULL, 'PIECE', NULL, 1500.00, 2800.00, '85258020', 'EIGHTEEN', NULL, 'CGST_SGST', 20.00, 5.00, 25.00, 10.00, 'e6617fef-58e2-4874-a68d-86c1f620dc97', NULL, NULL, NULL, true, 'c3f2e56e-3e75-4721-be53-de1e8ef799d8', 'c54500dd-f55d-4fcd-aa25-28570335499c', '2025-10-31 00:26:58.509', '2025-10-31 01:01:23.501');
INSERT INTO public.inventories VALUES ('5998f1bf-1d9d-465d-bd94-64e7b855b0d7', 'BAT-RN13P-001-GNG', 'Redmi Note 13 Pro Battery', 'Battery for Redmi Note 13 Pro, 5000mAh', 'Redmi Note 13 Pro', 'Xiaomi', 'a204f7c8-8663-48bd-9bad-33f362ea22f7', '8f479ae7-d369-4c47-b619-f8677da94c51', 'BATTERY', NULL, 'PIECE', NULL, 600.00, 1200.00, '85076000', 'EIGHTEEN', NULL, 'CGST_SGST', 31.00, 10.00, 40.00, 15.00, 'babb7929-b663-461f-91c6-f286bbbf56df', NULL, NULL, NULL, true, 'c3f2e56e-3e75-4721-be53-de1e8ef799d8', 'c54500dd-f55d-4fcd-aa25-28570335499c', '2025-10-31 00:26:58.433', '2025-10-31 01:01:23.521');
INSERT INTO public.inventories VALUES ('ad698d35-9617-4b5a-b09c-00cffc60ebac', 'BAT-OP12-001-GNG', 'OnePlus 12 Battery', 'Battery for OnePlus 12, 5400mAh', 'OnePlus 12', 'OnePlus', 'db3b37b4-7f1a-4d53-b038-1794e88fd9a7', 'e20fa9ab-df78-4ed8-91c5-b9caa47c68eb', 'BATTERY', NULL, 'PIECE', NULL, 1200.00, 2200.00, '85076000', 'EIGHTEEN', NULL, 'CGST_SGST', 8.00, 5.00, 25.00, 10.00, 'f26455d0-690b-44a9-a08d-0e376f0395ac', NULL, NULL, NULL, true, 'c3f2e56e-3e75-4721-be53-de1e8ef799d8', 'c54500dd-f55d-4fcd-aa25-28570335499c', '2025-10-31 00:26:58.44', '2025-10-31 01:01:23.537');
INSERT INTO public.inventories VALUES ('b0be6c25-a42b-4f41-852e-7a629d5af6fe', 'CHG-USBC-20W-001-TND', 'USB-C 20W Fast Charger', '20W USB-C fast charging adapter', NULL, NULL, NULL, NULL, 'CHARGER', NULL, 'PIECE', NULL, 150.00, 350.00, '85044090', 'EIGHTEEN', NULL, 'CGST_SGST', 47.00, 20.00, 100.00, 30.00, '99562c24-7cdd-42bf-b8fc-8c6cc5a488af', NULL, NULL, NULL, true, '291b0188-2f77-4b8c-8127-22de295e6290', 'c54500dd-f55d-4fcd-aa25-28570335499c', '2025-10-31 00:26:58.602', '2025-10-31 00:26:58.602');
INSERT INTO public.inventories VALUES ('8b1965dd-2ebc-4ced-b09b-d601cf907c15', 'CBL-USBC-1M-001-TND', 'USB-C to USB-C Cable 1M', 'USB-C fast charging cable', NULL, NULL, NULL, NULL, 'CABLE', NULL, 'PIECE', NULL, 80.00, 250.00, '85444290', 'EIGHTEEN', NULL, 'CGST_SGST', 128.00, 40.00, 200.00, 60.00, '0c692eca-3036-4bf6-98cf-278d2c8721cc', NULL, NULL, NULL, true, '291b0188-2f77-4b8c-8127-22de295e6290', 'c54500dd-f55d-4fcd-aa25-28570335499c', '2025-10-31 00:26:58.626', '2025-10-31 00:26:58.626');
INSERT INTO public.inventories VALUES ('7305ce20-157d-4648-97de-c72f6e79e934', 'SPRT-TEMP-UNIV-001-TND', 'Universal Tempered Glass', '9H tempered glass screen protector', NULL, NULL, NULL, NULL, 'SCREEN_PROTECTOR', NULL, 'PIECE', NULL, 30.00, 150.00, '70071900', 'EIGHTEEN', NULL, 'CGST_SGST', 164.00, 50.00, 250.00, 80.00, 'e6617fef-58e2-4874-a68d-86c1f620dc97', NULL, NULL, NULL, true, '291b0188-2f77-4b8c-8127-22de295e6290', 'c54500dd-f55d-4fcd-aa25-28570335499c', '2025-10-31 00:26:58.639', '2025-10-31 00:26:58.639');
INSERT INTO public.inventories VALUES ('28632f4f-dcff-41fc-a558-8fa858bfcce1', 'CASE-UNIV-TPU-001-TND', 'Universal TPU Back Cover', 'Transparent TPU case - Universal fit', NULL, NULL, NULL, NULL, 'CASE_COVER', NULL, 'PIECE', NULL, 40.00, 150.00, '39269099', 'TWELVE', NULL, 'CGST_SGST', 100.00, 40.00, 200.00, 60.00, 'adfbb6b0-07de-4bb6-876c-d89c73f9642a', NULL, NULL, NULL, true, '291b0188-2f77-4b8c-8127-22de295e6290', 'c54500dd-f55d-4fcd-aa25-28570335499c', '2025-10-31 00:26:58.647', '2025-10-31 00:26:58.647');
INSERT INTO public.inventories VALUES ('0adce310-186d-441b-98ce-a582b351de50', 'AUD-EARPOD-001-TND', 'Wired Earphones with Mic', '3.5mm jack wired earphones', NULL, NULL, NULL, NULL, 'ACCESSORY', NULL, 'PIECE', NULL, 80.00, 200.00, '85183000', 'TWELVE', NULL, 'CGST_SGST', 60.00, 30.00, 150.00, 50.00, '300ba079-3fab-47b8-b66e-a2eeb9103a40', NULL, NULL, NULL, true, '291b0188-2f77-4b8c-8127-22de295e6290', 'c54500dd-f55d-4fcd-aa25-28570335499c', '2025-10-31 00:26:58.66', '2025-10-31 00:26:58.66');
INSERT INTO public.inventories VALUES ('9716800e-1a0d-47b4-bb51-9a5a899fdfce', 'ELEC-VIBR-UNIV-001-TND', 'Vibration Motor Universal', 'Universal vibration motor for smartphones', NULL, NULL, NULL, NULL, 'ELECTRICAL', NULL, 'PIECE', NULL, 50.00, 150.00, '85011010', 'EIGHTEEN', NULL, 'CGST_SGST', 39.00, 25.00, 100.00, 40.00, 'e6617fef-58e2-4874-a68d-86c1f620dc97', NULL, NULL, NULL, true, '291b0188-2f77-4b8c-8127-22de295e6290', 'c54500dd-f55d-4fcd-aa25-28570335499c', '2025-10-31 00:26:58.681', '2025-10-31 00:26:58.681');
INSERT INTO public.inventories VALUES ('655c3788-737f-41c7-bc4a-bb566ca421a3', 'ELEC-FLEX-PWR-001-TND', 'Power Button Flex Cable', 'Universal power button flex cable', NULL, NULL, NULL, NULL, 'MECHANICAL', NULL, 'PIECE', NULL, 80.00, 250.00, '85366990', 'EIGHTEEN', NULL, 'CGST_SGST', 26.00, 20.00, 80.00, 30.00, 'babb7929-b663-461f-91c6-f286bbbf56df', NULL, NULL, NULL, true, '291b0188-2f77-4b8c-8127-22de295e6290', 'c54500dd-f55d-4fcd-aa25-28570335499c', '2025-10-31 00:26:58.686', '2025-10-31 00:26:58.686');
INSERT INTO public.inventories VALUES ('451423c0-7707-4b1f-b1ee-7300d67e6ebd', 'DSP-S24U-001-TND', 'Samsung S24 Ultra AMOLED Display', 'Original AMOLED display for Galaxy S24 Ultra', 'Galaxy S24 Ultra', 'Samsung', '8d7b3766-a8ff-46fa-8fba-aac806db9e79', 'd88f0174-6cd9-46fe-83bb-fbc07c580d75', 'DISPLAY', NULL, 'PIECE', NULL, 12000.00, 17000.00, '85177000', 'EIGHTEEN', NULL, 'CGST_SGST', 4.00, 3.00, 15.00, 5.00, '99562c24-7cdd-42bf-b8fc-8c6cc5a488af', NULL, NULL, NULL, true, '291b0188-2f77-4b8c-8127-22de295e6290', 'c54500dd-f55d-4fcd-aa25-28570335499c', '2025-10-31 00:26:58.553', '2025-10-31 01:01:23.501');
INSERT INTO public.inventories VALUES ('f5cf9bc3-b3cf-451f-8c94-4528563e33a5', 'BAT-S24U-001-TND', 'Samsung S24 Ultra Battery', 'Original battery for Galaxy S24 Ultra, 5000mAh', 'Galaxy S24 Ultra', 'Samsung', '8d7b3766-a8ff-46fa-8fba-aac806db9e79', 'd88f0174-6cd9-46fe-83bb-fbc07c580d75', 'BATTERY', NULL, 'PIECE', NULL, 1800.00, 3200.00, '85076000', 'EIGHTEEN', NULL, 'CGST_SGST', 25.00, 8.00, 30.00, 12.00, 'adfbb6b0-07de-4bb6-876c-d89c73f9642a', NULL, NULL, NULL, true, '291b0188-2f77-4b8c-8127-22de295e6290', 'c54500dd-f55d-4fcd-aa25-28570335499c', '2025-10-31 00:26:58.58', '2025-10-31 01:01:23.501');
INSERT INTO public.inventories VALUES ('91bdcd44-4449-455f-ba33-8a327bfc3ec0', 'CAM-SAM-REAR-001-TND', 'Samsung Rear Camera Module', 'Rear camera for Samsung A-series', NULL, 'Samsung', '8d7b3766-a8ff-46fa-8fba-aac806db9e79', NULL, 'CAMERA', NULL, 'PIECE', NULL, 1500.00, 2800.00, '85258020', 'EIGHTEEN', NULL, 'CGST_SGST', 11.00, 5.00, 25.00, 10.00, 'adfbb6b0-07de-4bb6-876c-d89c73f9642a', NULL, NULL, NULL, true, '291b0188-2f77-4b8c-8127-22de295e6290', 'c54500dd-f55d-4fcd-aa25-28570335499c', '2025-10-31 00:26:58.673', '2025-10-31 01:01:23.501');
INSERT INTO public.inventories VALUES ('c846a745-0009-4ce6-8f74-161bff814999', 'DSP-RN13P-001-TND', 'Redmi Note 13 Pro Display', 'AMOLED display for Redmi Note 13 Pro', 'Redmi Note 13 Pro', 'Xiaomi', 'a204f7c8-8663-48bd-9bad-33f362ea22f7', '8f479ae7-d369-4c47-b619-f8677da94c51', 'DISPLAY', NULL, 'PIECE', NULL, 2500.00, 4000.00, '85177000', 'EIGHTEEN', NULL, 'CGST_SGST', 16.00, 5.00, 25.00, 8.00, 'babb7929-b663-461f-91c6-f286bbbf56df', NULL, NULL, NULL, true, '291b0188-2f77-4b8c-8127-22de295e6290', 'c54500dd-f55d-4fcd-aa25-28570335499c', '2025-10-31 00:26:58.56', '2025-10-31 01:01:23.521');
INSERT INTO public.inventories VALUES ('08b08b16-5ac2-4f78-ada1-371b14c67ccb', 'BAT-RN13P-001-TND', 'Redmi Note 13 Pro Battery', 'Battery for Redmi Note 13 Pro, 5000mAh', 'Redmi Note 13 Pro', 'Xiaomi', 'a204f7c8-8663-48bd-9bad-33f362ea22f7', '8f479ae7-d369-4c47-b619-f8677da94c51', 'BATTERY', NULL, 'PIECE', NULL, 600.00, 1200.00, '85076000', 'EIGHTEEN', NULL, 'CGST_SGST', 33.00, 10.00, 40.00, 15.00, 'e6d01518-1d8d-4a56-98af-2a5e38ae725d', NULL, NULL, NULL, true, '291b0188-2f77-4b8c-8127-22de295e6290', 'c54500dd-f55d-4fcd-aa25-28570335499c', '2025-10-31 00:26:58.587', '2025-10-31 01:01:23.521');
INSERT INTO public.inventories VALUES ('135662ef-3513-47f0-a50b-00d4c18510d0', 'BAT-OP12-001-TND', 'OnePlus 12 Battery', 'Battery for OnePlus 12, 5400mAh', 'OnePlus 12', 'OnePlus', 'db3b37b4-7f1a-4d53-b038-1794e88fd9a7', 'e20fa9ab-df78-4ed8-91c5-b9caa47c68eb', 'BATTERY', NULL, 'PIECE', NULL, 1200.00, 2200.00, '85076000', 'EIGHTEEN', NULL, 'CGST_SGST', 13.00, 5.00, 25.00, 10.00, 'babb7929-b663-461f-91c6-f286bbbf56df', NULL, NULL, NULL, true, '291b0188-2f77-4b8c-8127-22de295e6290', 'c54500dd-f55d-4fcd-aa25-28570335499c', '2025-10-31 00:26:58.595', '2025-10-31 01:01:23.537');
INSERT INTO public.inventories VALUES ('1eac7dbc-00f1-4b54-80cd-1519a2a242ad', 'TOOL-OPEN-KIT-001-TND', 'Mobile Opening Tool Kit', 'Plastic opening tools and spudgers', NULL, NULL, NULL, NULL, 'OTHER', NULL, 'SET', NULL, 80.00, 200.00, '82055900', 'TWELVE', NULL, 'CGST_SGST', 22.00, 10.00, 40.00, 15.00, '300ba079-3fab-47b8-b66e-a2eeb9103a40', NULL, NULL, NULL, true, '291b0188-2f77-4b8c-8127-22de295e6290', 'c54500dd-f55d-4fcd-aa25-28570335499c', '2025-10-31 00:26:58.697', '2025-10-31 00:26:58.697');
INSERT INTO public.inventories VALUES ('e21ec53b-bd83-4639-8912-4b70e36fcd1a', 'DSP-IP15PM-001-MAIN-001', 'iPhone 15 Pro Max Display OLED', 'Original OLED display for iPhone 15 Pro Max', 'iPhone 15 Pro Max', 'Apple', '6675891f-3be8-4747-aa47-682208f02ed5', '8c9eb9d3-f1c0-4450-9081-4c958c25bcf7', 'DISPLAY', NULL, 'PIECE', NULL, 18000.00, 25000.00, '85177000', 'EIGHTEEN', NULL, 'CGST_SGST', 8.00, 2.00, 10.00, 3.00, 'adfbb6b0-07de-4bb6-876c-d89c73f9642a', NULL, NULL, NULL, true, '96143ebf-24e9-43b6-900b-7cda5f9d0f64', 'c54500dd-f55d-4fcd-aa25-28570335499c', '2025-10-31 00:26:57.533', '2025-10-31 01:01:23.465');
INSERT INTO public.inventories VALUES ('8e010e85-df35-47bc-b083-6d72da5acfe3', 'DSP-IP14P-001-MAIN-001', 'iPhone 14 Pro Display OLED', 'Original OLED display for iPhone 14 Pro', 'iPhone 14 Pro', 'Apple', '6675891f-3be8-4747-aa47-682208f02ed5', '409c99a9-5447-44a2-bd77-c308d99f58cd', 'DISPLAY', NULL, 'PIECE', NULL, 15000.00, 21000.00, '85177000', 'EIGHTEEN', NULL, 'CGST_SGST', 6.00, 3.00, 15.00, 5.00, 'e6617fef-58e2-4874-a68d-86c1f620dc97', NULL, NULL, NULL, true, '96143ebf-24e9-43b6-900b-7cda5f9d0f64', 'c54500dd-f55d-4fcd-aa25-28570335499c', '2025-10-31 00:26:57.545', '2025-10-31 01:01:23.465');
INSERT INTO public.inventories VALUES ('236b30eb-7734-4d8c-99ed-9ff31bdf3a4f', 'BAT-IP15PM-001-MAIN-001', 'iPhone 15 Pro Max Battery', 'Original battery for iPhone 15 Pro Max, 4422mAh', 'iPhone 15 Pro Max', 'Apple', '6675891f-3be8-4747-aa47-682208f02ed5', '8c9eb9d3-f1c0-4450-9081-4c958c25bcf7', 'BATTERY', NULL, 'PIECE', NULL, 3500.00, 5500.00, '85076000', 'EIGHTEEN', NULL, 'CGST_SGST', 10.00, 5.00, 20.00, 8.00, 'babb7929-b663-461f-91c6-f286bbbf56df', NULL, NULL, NULL, true, '96143ebf-24e9-43b6-900b-7cda5f9d0f64', 'c54500dd-f55d-4fcd-aa25-28570335499c', '2025-10-31 00:26:57.568', '2025-10-31 01:01:23.465');
INSERT INTO public.inventories VALUES ('b3525b44-9dbd-4326-9edc-d5886a244311', 'BAT-IP13-001-MAIN-001', 'iPhone 13 Battery', 'Original battery for iPhone 13, 3227mAh', 'iPhone 13', 'Apple', '6675891f-3be8-4747-aa47-682208f02ed5', '6174b6be-33cf-41f6-b070-befbf0b49efc', 'BATTERY', NULL, 'PIECE', NULL, 2000.00, 3500.00, '85076000', 'EIGHTEEN', NULL, 'CGST_SGST', 12.00, 8.00, 30.00, 12.00, '0c692eca-3036-4bf6-98cf-278d2c8721cc', NULL, NULL, NULL, true, '96143ebf-24e9-43b6-900b-7cda5f9d0f64', 'c54500dd-f55d-4fcd-aa25-28570335499c', '2025-10-31 00:26:57.576', '2025-10-31 01:01:23.465');
INSERT INTO public.inventories VALUES ('24dd9e6d-c865-4a88-9d7e-0ccc39f3be14', 'CHG-LIGHT-5W-001-MAIN-001', 'Apple Lightning 5W Charger', 'Original Apple 5W USB power adapter', NULL, 'Apple', '6675891f-3be8-4747-aa47-682208f02ed5', NULL, 'CHARGER', NULL, 'PIECE', NULL, 250.00, 500.00, '85044090', 'EIGHTEEN', NULL, 'CGST_SGST', 49.00, 15.00, 60.00, 25.00, 'e6d01518-1d8d-4a56-98af-2a5e38ae725d', NULL, NULL, NULL, true, '96143ebf-24e9-43b6-900b-7cda5f9d0f64', 'c54500dd-f55d-4fcd-aa25-28570335499c', '2025-10-31 00:26:57.613', '2025-10-31 01:01:23.465');
INSERT INTO public.inventories VALUES ('cd95c0f8-c17e-41a8-aed1-e3531145e9ed', 'CBL-LIGHT-1M-001-MAIN-001', 'Lightning to USB Cable 1M', 'MFi certified Lightning cable', NULL, 'Apple', '6675891f-3be8-4747-aa47-682208f02ed5', NULL, 'CABLE', NULL, 'PIECE', NULL, 120.00, 300.00, '85444290', 'EIGHTEEN', NULL, 'CGST_SGST', 76.00, 30.00, 150.00, 50.00, '0c692eca-3036-4bf6-98cf-278d2c8721cc', NULL, NULL, NULL, true, '96143ebf-24e9-43b6-900b-7cda5f9d0f64', 'c54500dd-f55d-4fcd-aa25-28570335499c', '2025-10-31 00:26:57.622', '2025-10-31 01:01:23.465');
INSERT INTO public.inventories VALUES ('645b7ca3-e532-4549-ba26-445690364354', 'CASE-IP15PM-SIL-001-MAIN-001', 'iPhone 15 Pro Max Silicone Case', 'Premium silicone case - Multiple colors', 'iPhone 15 Pro Max', 'Apple', '6675891f-3be8-4747-aa47-682208f02ed5', '8c9eb9d3-f1c0-4450-9081-4c958c25bcf7', 'CASE_COVER', NULL, 'PIECE', NULL, 150.00, 400.00, '39269099', 'EIGHTEEN', NULL, 'CGST_SGST', 50.00, 20.00, 100.00, 30.00, '0c692eca-3036-4bf6-98cf-278d2c8721cc', NULL, NULL, NULL, true, '96143ebf-24e9-43b6-900b-7cda5f9d0f64', 'c54500dd-f55d-4fcd-aa25-28570335499c', '2025-10-31 00:26:57.634', '2025-10-31 01:01:23.465');
INSERT INTO public.inventories VALUES ('cfdf35b7-fd59-428e-9da5-ca62a0040999', 'AUD-IP-SPEAK-001-MAIN-001', 'iPhone Earpiece Speaker', 'Replacement earpiece speaker for iPhone', NULL, 'Apple', '6675891f-3be8-4747-aa47-682208f02ed5', NULL, 'AUDIO', NULL, 'PIECE', NULL, 200.00, 500.00, '85183000', 'EIGHTEEN', NULL, 'CGST_SGST', 34.00, 15.00, 60.00, 25.00, '99562c24-7cdd-42bf-b8fc-8c6cc5a488af', NULL, NULL, NULL, true, '96143ebf-24e9-43b6-900b-7cda5f9d0f64', 'c54500dd-f55d-4fcd-aa25-28570335499c', '2025-10-31 00:26:57.652', '2025-10-31 01:01:23.465');
INSERT INTO public.inventories VALUES ('3fa77896-2870-4141-8f1f-5d03dbfea77f', 'CAM-IP15P-REAR-001-MAIN-001', 'iPhone 15 Pro Rear Camera Module', 'Triple camera module for iPhone 15 Pro', 'iPhone 15 Pro', 'Apple', '6675891f-3be8-4747-aa47-682208f02ed5', '47d71685-1aa2-40bd-9343-07fec7514a9f', 'CAMERA', NULL, 'PIECE', NULL, 8000.00, 12000.00, '85258020', 'EIGHTEEN', NULL, 'CGST_SGST', 8.00, 2.00, 10.00, 4.00, 'e6617fef-58e2-4874-a68d-86c1f620dc97', NULL, NULL, NULL, true, '96143ebf-24e9-43b6-900b-7cda5f9d0f64', 'c54500dd-f55d-4fcd-aa25-28570335499c', '2025-10-31 00:26:57.667', '2025-10-31 01:01:23.465');
INSERT INTO public.inventories VALUES ('20640c05-509b-4cf6-92df-4ab6c893972d', 'DSP-IP15PM-001-DOWN-001', 'iPhone 15 Pro Max Display OLED', 'Original OLED display for iPhone 15 Pro Max', 'iPhone 15 Pro Max', 'Apple', '6675891f-3be8-4747-aa47-682208f02ed5', '8c9eb9d3-f1c0-4450-9081-4c958c25bcf7', 'DISPLAY', NULL, 'PIECE', NULL, 18000.00, 25000.00, '85177000', 'EIGHTEEN', NULL, 'CGST_SGST', 7.00, 2.00, 10.00, 3.00, '300ba079-3fab-47b8-b66e-a2eeb9103a40', NULL, NULL, NULL, true, 'c5ea27d8-a13d-4c9a-81c1-7fcc2a953ae1', 'c54500dd-f55d-4fcd-aa25-28570335499c', '2025-10-31 00:26:57.707', '2025-10-31 01:01:23.465');
INSERT INTO public.inventories VALUES ('71b8cdc5-b18d-46d1-88ec-c0d3c4d8cd77', 'DSP-IP14P-001-DOWN-001', 'iPhone 14 Pro Display OLED', 'Original OLED display for iPhone 14 Pro', 'iPhone 14 Pro', 'Apple', '6675891f-3be8-4747-aa47-682208f02ed5', '409c99a9-5447-44a2-bd77-c308d99f58cd', 'DISPLAY', NULL, 'PIECE', NULL, 15000.00, 21000.00, '85177000', 'EIGHTEEN', NULL, 'CGST_SGST', 12.00, 3.00, 15.00, 5.00, '300ba079-3fab-47b8-b66e-a2eeb9103a40', NULL, NULL, NULL, true, 'c5ea27d8-a13d-4c9a-81c1-7fcc2a953ae1', 'c54500dd-f55d-4fcd-aa25-28570335499c', '2025-10-31 00:26:57.714', '2025-10-31 01:01:23.465');
INSERT INTO public.inventories VALUES ('3a77cd70-5297-400b-8a2d-6d20b3bcd0c3', 'BAT-IP15PM-001-DOWN-001', 'iPhone 15 Pro Max Battery', 'Original battery for iPhone 15 Pro Max, 4422mAh', 'iPhone 15 Pro Max', 'Apple', '6675891f-3be8-4747-aa47-682208f02ed5', '8c9eb9d3-f1c0-4450-9081-4c958c25bcf7', 'BATTERY', NULL, 'PIECE', NULL, 3500.00, 5500.00, '85076000', 'EIGHTEEN', NULL, 'CGST_SGST', 10.00, 5.00, 20.00, 8.00, 'e6617fef-58e2-4874-a68d-86c1f620dc97', NULL, NULL, NULL, true, 'c5ea27d8-a13d-4c9a-81c1-7fcc2a953ae1', 'c54500dd-f55d-4fcd-aa25-28570335499c', '2025-10-31 00:26:57.734', '2025-10-31 01:01:23.465');
INSERT INTO public.inventories VALUES ('43ca583e-8dd5-4265-94ae-1a6e9d98e63a', 'BAT-IP13-001-DOWN-001', 'iPhone 13 Battery', 'Original battery for iPhone 13, 3227mAh', 'iPhone 13', 'Apple', '6675891f-3be8-4747-aa47-682208f02ed5', '6174b6be-33cf-41f6-b070-befbf0b49efc', 'BATTERY', NULL, 'PIECE', NULL, 2000.00, 3500.00, '85076000', 'EIGHTEEN', NULL, 'CGST_SGST', 13.00, 8.00, 30.00, 12.00, 'e6d01518-1d8d-4a56-98af-2a5e38ae725d', NULL, NULL, NULL, true, 'c5ea27d8-a13d-4c9a-81c1-7fcc2a953ae1', 'c54500dd-f55d-4fcd-aa25-28570335499c', '2025-10-31 00:26:57.741', '2025-10-31 01:01:23.465');
INSERT INTO public.inventories VALUES ('685a9e96-3167-4cc6-8c2c-5b2015f187fc', 'CHG-LIGHT-5W-001-DOWN-001', 'Apple Lightning 5W Charger', 'Original Apple 5W USB power adapter', NULL, 'Apple', '6675891f-3be8-4747-aa47-682208f02ed5', NULL, 'CHARGER', NULL, 'PIECE', NULL, 250.00, 500.00, '85044090', 'EIGHTEEN', NULL, 'CGST_SGST', 30.00, 15.00, 60.00, 25.00, 'adfbb6b0-07de-4bb6-876c-d89c73f9642a', NULL, NULL, NULL, true, 'c5ea27d8-a13d-4c9a-81c1-7fcc2a953ae1', 'c54500dd-f55d-4fcd-aa25-28570335499c', '2025-10-31 00:26:57.779', '2025-10-31 01:01:23.465');
INSERT INTO public.inventories VALUES ('bb5ecddd-fae4-4fd8-861a-6452c9067842', 'CBL-LIGHT-1M-001-DOWN-001', 'Lightning to USB Cable 1M', 'MFi certified Lightning cable', NULL, 'Apple', '6675891f-3be8-4747-aa47-682208f02ed5', NULL, 'CABLE', NULL, 'PIECE', NULL, 120.00, 300.00, '85444290', 'EIGHTEEN', NULL, 'CGST_SGST', 93.00, 30.00, 150.00, 50.00, 'adfbb6b0-07de-4bb6-876c-d89c73f9642a', NULL, NULL, NULL, true, 'c5ea27d8-a13d-4c9a-81c1-7fcc2a953ae1', 'c54500dd-f55d-4fcd-aa25-28570335499c', '2025-10-31 00:26:57.785', '2025-10-31 01:01:23.465');
INSERT INTO public.inventories VALUES ('cdd3cfa7-4d7f-46e8-bc22-5680ce7c2151', 'CASE-IP15PM-SIL-001-DOWN-001', 'iPhone 15 Pro Max Silicone Case', 'Premium silicone case - Multiple colors', 'iPhone 15 Pro Max', 'Apple', '6675891f-3be8-4747-aa47-682208f02ed5', '8c9eb9d3-f1c0-4450-9081-4c958c25bcf7', 'CASE_COVER', NULL, 'PIECE', NULL, 150.00, 400.00, '39269099', 'EIGHTEEN', NULL, 'CGST_SGST', 41.00, 20.00, 100.00, 30.00, 'e6617fef-58e2-4874-a68d-86c1f620dc97', NULL, NULL, NULL, true, 'c5ea27d8-a13d-4c9a-81c1-7fcc2a953ae1', 'c54500dd-f55d-4fcd-aa25-28570335499c', '2025-10-31 00:26:57.798', '2025-10-31 01:01:23.465');
INSERT INTO public.inventories VALUES ('5cba28ab-62d2-4ee0-9dec-c188c92d1c36', 'AUD-IP-SPEAK-001-DOWN-001', 'iPhone Earpiece Speaker', 'Replacement earpiece speaker for iPhone', NULL, 'Apple', '6675891f-3be8-4747-aa47-682208f02ed5', NULL, 'AUDIO', NULL, 'PIECE', NULL, 200.00, 500.00, '85183000', 'EIGHTEEN', NULL, 'CGST_SGST', 26.00, 15.00, 60.00, 25.00, '300ba079-3fab-47b8-b66e-a2eeb9103a40', NULL, NULL, NULL, true, 'c5ea27d8-a13d-4c9a-81c1-7fcc2a953ae1', 'c54500dd-f55d-4fcd-aa25-28570335499c', '2025-10-31 00:26:57.817', '2025-10-31 01:01:23.465');
INSERT INTO public.inventories VALUES ('824f9e52-d349-4c66-9976-918666268e21', 'CAM-IP15P-REAR-001-DOWN-001', 'iPhone 15 Pro Rear Camera Module', 'Triple camera module for iPhone 15 Pro', 'iPhone 15 Pro', 'Apple', '6675891f-3be8-4747-aa47-682208f02ed5', '47d71685-1aa2-40bd-9343-07fec7514a9f', 'CAMERA', NULL, 'PIECE', NULL, 8000.00, 12000.00, '85258020', 'EIGHTEEN', NULL, 'CGST_SGST', 8.00, 2.00, 10.00, 4.00, 'adfbb6b0-07de-4bb6-876c-d89c73f9642a', NULL, NULL, NULL, true, 'c5ea27d8-a13d-4c9a-81c1-7fcc2a953ae1', 'c54500dd-f55d-4fcd-aa25-28570335499c', '2025-10-31 00:26:57.831', '2025-10-31 01:01:23.465');
INSERT INTO public.inventories VALUES ('a97ad029-cd16-4676-91ab-7c9bf8130572', 'DSP-IP15PM-001-TPT', 'iPhone 15 Pro Max Display OLED', 'Original OLED display for iPhone 15 Pro Max', 'iPhone 15 Pro Max', 'Apple', '6675891f-3be8-4747-aa47-682208f02ed5', '8c9eb9d3-f1c0-4450-9081-4c958c25bcf7', 'DISPLAY', NULL, 'PIECE', NULL, 18000.00, 25000.00, '85177000', 'EIGHTEEN', NULL, 'CGST_SGST', 4.00, 2.00, 10.00, 3.00, 'f26455d0-690b-44a9-a08d-0e376f0395ac', NULL, NULL, NULL, true, 'fd9b3568-c312-41d1-b44e-e70437adc666', 'c54500dd-f55d-4fcd-aa25-28570335499c', '2025-10-31 00:26:57.873', '2025-10-31 01:01:23.465');
INSERT INTO public.inventories VALUES ('4a5ad105-8a9e-45d4-977e-ca036a8e7c5a', 'DSP-IP14P-001-TPT', 'iPhone 14 Pro Display OLED', 'Original OLED display for iPhone 14 Pro', 'iPhone 14 Pro', 'Apple', '6675891f-3be8-4747-aa47-682208f02ed5', '409c99a9-5447-44a2-bd77-c308d99f58cd', 'DISPLAY', NULL, 'PIECE', NULL, 15000.00, 21000.00, '85177000', 'EIGHTEEN', NULL, 'CGST_SGST', 6.00, 3.00, 15.00, 5.00, '0c692eca-3036-4bf6-98cf-278d2c8721cc', NULL, NULL, NULL, true, 'fd9b3568-c312-41d1-b44e-e70437adc666', 'c54500dd-f55d-4fcd-aa25-28570335499c', '2025-10-31 00:26:57.88', '2025-10-31 01:01:23.465');
INSERT INTO public.inventories VALUES ('320024a2-0f5b-4d91-a7b1-40f83771b6c0', 'BAT-IP15PM-001-TPT', 'iPhone 15 Pro Max Battery', 'Original battery for iPhone 15 Pro Max, 4422mAh', 'iPhone 15 Pro Max', 'Apple', '6675891f-3be8-4747-aa47-682208f02ed5', '8c9eb9d3-f1c0-4450-9081-4c958c25bcf7', 'BATTERY', NULL, 'PIECE', NULL, 3500.00, 5500.00, '85076000', 'EIGHTEEN', NULL, 'CGST_SGST', 9.00, 5.00, 20.00, 8.00, 'e6d01518-1d8d-4a56-98af-2a5e38ae725d', NULL, NULL, NULL, true, 'fd9b3568-c312-41d1-b44e-e70437adc666', 'c54500dd-f55d-4fcd-aa25-28570335499c', '2025-10-31 00:26:57.902', '2025-10-31 01:01:23.465');
INSERT INTO public.inventories VALUES ('948e68bf-7994-4f29-8e04-e5196c457b9c', 'BAT-IP13-001-TPT', 'iPhone 13 Battery', 'Original battery for iPhone 13, 3227mAh', 'iPhone 13', 'Apple', '6675891f-3be8-4747-aa47-682208f02ed5', '6174b6be-33cf-41f6-b070-befbf0b49efc', 'BATTERY', NULL, 'PIECE', NULL, 2000.00, 3500.00, '85076000', 'EIGHTEEN', NULL, 'CGST_SGST', 12.00, 8.00, 30.00, 12.00, 'e6617fef-58e2-4874-a68d-86c1f620dc97', NULL, NULL, NULL, true, 'fd9b3568-c312-41d1-b44e-e70437adc666', 'c54500dd-f55d-4fcd-aa25-28570335499c', '2025-10-31 00:26:57.911', '2025-10-31 01:01:23.465');
INSERT INTO public.inventories VALUES ('0f3dd38f-249f-40ab-940f-9847191484f4', 'CHG-LIGHT-5W-001-TPT', 'Apple Lightning 5W Charger', 'Original Apple 5W USB power adapter', NULL, 'Apple', '6675891f-3be8-4747-aa47-682208f02ed5', NULL, 'CHARGER', NULL, 'PIECE', NULL, 250.00, 500.00, '85044090', 'EIGHTEEN', NULL, 'CGST_SGST', 50.00, 15.00, 60.00, 25.00, '99562c24-7cdd-42bf-b8fc-8c6cc5a488af', NULL, NULL, NULL, true, 'fd9b3568-c312-41d1-b44e-e70437adc666', 'c54500dd-f55d-4fcd-aa25-28570335499c', '2025-10-31 00:26:57.945', '2025-10-31 01:01:23.465');
INSERT INTO public.inventories VALUES ('c2a1dd52-bd08-44ad-805b-09c2ede5366c', 'CBL-LIGHT-1M-001-TPT', 'Lightning to USB Cable 1M', 'MFi certified Lightning cable', NULL, 'Apple', '6675891f-3be8-4747-aa47-682208f02ed5', NULL, 'CABLE', NULL, 'PIECE', NULL, 120.00, 300.00, '85444290', 'EIGHTEEN', NULL, 'CGST_SGST', 66.00, 30.00, 150.00, 50.00, 'e6617fef-58e2-4874-a68d-86c1f620dc97', NULL, NULL, NULL, true, 'fd9b3568-c312-41d1-b44e-e70437adc666', 'c54500dd-f55d-4fcd-aa25-28570335499c', '2025-10-31 00:26:57.952', '2025-10-31 01:01:23.465');
INSERT INTO public.inventories VALUES ('db5ba855-ddb7-438d-9d0a-50a93f546b36', 'CASE-IP15PM-SIL-001-TPT', 'iPhone 15 Pro Max Silicone Case', 'Premium silicone case - Multiple colors', 'iPhone 15 Pro Max', 'Apple', '6675891f-3be8-4747-aa47-682208f02ed5', '8c9eb9d3-f1c0-4450-9081-4c958c25bcf7', 'CASE_COVER', NULL, 'PIECE', NULL, 150.00, 400.00, '39269099', 'EIGHTEEN', NULL, 'CGST_SGST', 32.00, 20.00, 100.00, 30.00, 'e6d01518-1d8d-4a56-98af-2a5e38ae725d', NULL, NULL, NULL, true, 'fd9b3568-c312-41d1-b44e-e70437adc666', 'c54500dd-f55d-4fcd-aa25-28570335499c', '2025-10-31 00:26:57.967', '2025-10-31 01:01:23.465');
INSERT INTO public.inventories VALUES ('8ea41f02-36df-4812-8e16-43fc46e5b010', 'AUD-IP-SPEAK-001-TPT', 'iPhone Earpiece Speaker', 'Replacement earpiece speaker for iPhone', NULL, 'Apple', '6675891f-3be8-4747-aa47-682208f02ed5', NULL, 'AUDIO', NULL, 'PIECE', NULL, 200.00, 500.00, '85183000', 'EIGHTEEN', NULL, 'CGST_SGST', 25.00, 15.00, 60.00, 25.00, '99562c24-7cdd-42bf-b8fc-8c6cc5a488af', NULL, NULL, NULL, true, 'fd9b3568-c312-41d1-b44e-e70437adc666', 'c54500dd-f55d-4fcd-aa25-28570335499c', '2025-10-31 00:26:57.989', '2025-10-31 01:01:23.465');
INSERT INTO public.inventories VALUES ('b49ed437-5baa-4e7d-9c71-9c83f4f625db', 'CAM-IP15P-REAR-001-TPT', 'iPhone 15 Pro Rear Camera Module', 'Triple camera module for iPhone 15 Pro', 'iPhone 15 Pro', 'Apple', '6675891f-3be8-4747-aa47-682208f02ed5', '47d71685-1aa2-40bd-9343-07fec7514a9f', 'CAMERA', NULL, 'PIECE', NULL, 8000.00, 12000.00, '85258020', 'EIGHTEEN', NULL, 'CGST_SGST', 3.00, 2.00, 10.00, 4.00, '99562c24-7cdd-42bf-b8fc-8c6cc5a488af', NULL, NULL, NULL, true, 'fd9b3568-c312-41d1-b44e-e70437adc666', 'c54500dd-f55d-4fcd-aa25-28570335499c', '2025-10-31 00:26:58.006', '2025-10-31 01:01:23.465');
INSERT INTO public.inventories VALUES ('7158f154-1125-46de-97d3-0637bbc86c3a', 'DSP-IP15PM-001-VPM', 'iPhone 15 Pro Max Display OLED', 'Original OLED display for iPhone 15 Pro Max', 'iPhone 15 Pro Max', 'Apple', '6675891f-3be8-4747-aa47-682208f02ed5', '8c9eb9d3-f1c0-4450-9081-4c958c25bcf7', 'DISPLAY', NULL, 'PIECE', NULL, 18000.00, 25000.00, '85177000', 'EIGHTEEN', NULL, 'CGST_SGST', 8.00, 2.00, 10.00, 3.00, '99562c24-7cdd-42bf-b8fc-8c6cc5a488af', NULL, NULL, NULL, true, 'c1a9dfc9-354a-4e71-bde1-5a1ade259bdd', 'c54500dd-f55d-4fcd-aa25-28570335499c', '2025-10-31 00:26:58.069', '2025-10-31 01:01:23.465');
INSERT INTO public.inventories VALUES ('7215a434-bcb6-42e3-9be6-296866fa4239', 'DSP-IP14P-001-VPM', 'iPhone 14 Pro Display OLED', 'Original OLED display for iPhone 14 Pro', 'iPhone 14 Pro', 'Apple', '6675891f-3be8-4747-aa47-682208f02ed5', '409c99a9-5447-44a2-bd77-c308d99f58cd', 'DISPLAY', NULL, 'PIECE', NULL, 15000.00, 21000.00, '85177000', 'EIGHTEEN', NULL, 'CGST_SGST', 7.00, 3.00, 15.00, 5.00, '99562c24-7cdd-42bf-b8fc-8c6cc5a488af', NULL, NULL, NULL, true, 'c1a9dfc9-354a-4e71-bde1-5a1ade259bdd', 'c54500dd-f55d-4fcd-aa25-28570335499c', '2025-10-31 00:26:58.077', '2025-10-31 01:01:23.465');
INSERT INTO public.inventories VALUES ('d75972be-8f25-4751-bddc-dc937c20b071', 'BAT-IP15PM-001-VPM', 'iPhone 15 Pro Max Battery', 'Original battery for iPhone 15 Pro Max, 4422mAh', 'iPhone 15 Pro Max', 'Apple', '6675891f-3be8-4747-aa47-682208f02ed5', '8c9eb9d3-f1c0-4450-9081-4c958c25bcf7', 'BATTERY', NULL, 'PIECE', NULL, 3500.00, 5500.00, '85076000', 'EIGHTEEN', NULL, 'CGST_SGST', 8.00, 5.00, 20.00, 8.00, 'babb7929-b663-461f-91c6-f286bbbf56df', NULL, NULL, NULL, true, 'c1a9dfc9-354a-4e71-bde1-5a1ade259bdd', 'c54500dd-f55d-4fcd-aa25-28570335499c', '2025-10-31 00:26:58.099', '2025-10-31 01:01:23.465');
INSERT INTO public.inventories VALUES ('5995de7a-9e4e-4060-b67c-83f5bcab02c2', 'BAT-IP13-001-VPM', 'iPhone 13 Battery', 'Original battery for iPhone 13, 3227mAh', 'iPhone 13', 'Apple', '6675891f-3be8-4747-aa47-682208f02ed5', '6174b6be-33cf-41f6-b070-befbf0b49efc', 'BATTERY', NULL, 'PIECE', NULL, 2000.00, 3500.00, '85076000', 'EIGHTEEN', NULL, 'CGST_SGST', 15.00, 8.00, 30.00, 12.00, '99562c24-7cdd-42bf-b8fc-8c6cc5a488af', NULL, NULL, NULL, true, 'c1a9dfc9-354a-4e71-bde1-5a1ade259bdd', 'c54500dd-f55d-4fcd-aa25-28570335499c', '2025-10-31 00:26:58.105', '2025-10-31 01:01:23.465');
INSERT INTO public.inventories VALUES ('3227c999-2767-4bb9-8134-edb303996276', 'CHG-LIGHT-5W-001-VPM', 'Apple Lightning 5W Charger', 'Original Apple 5W USB power adapter', NULL, 'Apple', '6675891f-3be8-4747-aa47-682208f02ed5', NULL, 'CHARGER', NULL, 'PIECE', NULL, 250.00, 500.00, '85044090', 'EIGHTEEN', NULL, 'CGST_SGST', 44.00, 15.00, 60.00, 25.00, 'f26455d0-690b-44a9-a08d-0e376f0395ac', NULL, NULL, NULL, true, 'c1a9dfc9-354a-4e71-bde1-5a1ade259bdd', 'c54500dd-f55d-4fcd-aa25-28570335499c', '2025-10-31 00:26:58.142', '2025-10-31 01:01:23.465');
INSERT INTO public.inventories VALUES ('3aed161b-5b69-48a8-9af0-7facf9167a24', 'CBL-LIGHT-1M-001-VPM', 'Lightning to USB Cable 1M', 'MFi certified Lightning cable', NULL, 'Apple', '6675891f-3be8-4747-aa47-682208f02ed5', NULL, 'CABLE', NULL, 'PIECE', NULL, 120.00, 300.00, '85444290', 'EIGHTEEN', NULL, 'CGST_SGST', 59.00, 30.00, 150.00, 50.00, '99562c24-7cdd-42bf-b8fc-8c6cc5a488af', NULL, NULL, NULL, true, 'c1a9dfc9-354a-4e71-bde1-5a1ade259bdd', 'c54500dd-f55d-4fcd-aa25-28570335499c', '2025-10-31 00:26:58.148', '2025-10-31 01:01:23.465');
INSERT INTO public.inventories VALUES ('fbf35fd2-24fe-4084-bfc2-3f91e53f567e', 'CASE-IP15PM-SIL-001-VPM', 'iPhone 15 Pro Max Silicone Case', 'Premium silicone case - Multiple colors', 'iPhone 15 Pro Max', 'Apple', '6675891f-3be8-4747-aa47-682208f02ed5', '8c9eb9d3-f1c0-4450-9081-4c958c25bcf7', 'CASE_COVER', NULL, 'PIECE', NULL, 150.00, 400.00, '39269099', 'EIGHTEEN', NULL, 'CGST_SGST', 64.00, 20.00, 100.00, 30.00, '300ba079-3fab-47b8-b66e-a2eeb9103a40', NULL, NULL, NULL, true, 'c1a9dfc9-354a-4e71-bde1-5a1ade259bdd', 'c54500dd-f55d-4fcd-aa25-28570335499c', '2025-10-31 00:26:58.16', '2025-10-31 01:01:23.465');
INSERT INTO public.inventories VALUES ('8ee053fa-2f40-4a69-ae15-4107a55401f7', 'AUD-IP-SPEAK-001-VPM', 'iPhone Earpiece Speaker', 'Replacement earpiece speaker for iPhone', NULL, 'Apple', '6675891f-3be8-4747-aa47-682208f02ed5', NULL, 'AUDIO', NULL, 'PIECE', NULL, 200.00, 500.00, '85183000', 'EIGHTEEN', NULL, 'CGST_SGST', 42.00, 15.00, 60.00, 25.00, '99562c24-7cdd-42bf-b8fc-8c6cc5a488af', NULL, NULL, NULL, true, 'c1a9dfc9-354a-4e71-bde1-5a1ade259bdd', 'c54500dd-f55d-4fcd-aa25-28570335499c', '2025-10-31 00:26:58.183', '2025-10-31 01:01:23.465');
INSERT INTO public.inventories VALUES ('726582fd-f588-483e-8244-7fc31e2cbf19', 'CAM-IP15P-REAR-001-VPM', 'iPhone 15 Pro Rear Camera Module', 'Triple camera module for iPhone 15 Pro', 'iPhone 15 Pro', 'Apple', '6675891f-3be8-4747-aa47-682208f02ed5', '47d71685-1aa2-40bd-9343-07fec7514a9f', 'CAMERA', NULL, 'PIECE', NULL, 8000.00, 12000.00, '85258020', 'EIGHTEEN', NULL, 'CGST_SGST', 8.00, 2.00, 10.00, 4.00, 'f26455d0-690b-44a9-a08d-0e376f0395ac', NULL, NULL, NULL, true, 'c1a9dfc9-354a-4e71-bde1-5a1ade259bdd', 'c54500dd-f55d-4fcd-aa25-28570335499c', '2025-10-31 00:26:58.198', '2025-10-31 01:01:23.465');
INSERT INTO public.inventories VALUES ('006b4389-90be-4306-8d02-a544a8968b24', 'DSP-IP15PM-001-TKV', 'iPhone 15 Pro Max Display OLED', 'Original OLED display for iPhone 15 Pro Max', 'iPhone 15 Pro Max', 'Apple', '6675891f-3be8-4747-aa47-682208f02ed5', '8c9eb9d3-f1c0-4450-9081-4c958c25bcf7', 'DISPLAY', NULL, 'PIECE', NULL, 18000.00, 25000.00, '85177000', 'EIGHTEEN', NULL, 'CGST_SGST', 7.00, 2.00, 10.00, 3.00, 'adfbb6b0-07de-4bb6-876c-d89c73f9642a', NULL, NULL, NULL, true, '85b64dfa-0872-4942-83c3-489358ba6264', 'c54500dd-f55d-4fcd-aa25-28570335499c', '2025-10-31 00:26:58.237', '2025-10-31 01:01:23.465');
INSERT INTO public.inventories VALUES ('9a475034-f3e0-41e2-b9ab-8dfbf0479fb3', 'DSP-IP14P-001-TKV', 'iPhone 14 Pro Display OLED', 'Original OLED display for iPhone 14 Pro', 'iPhone 14 Pro', 'Apple', '6675891f-3be8-4747-aa47-682208f02ed5', '409c99a9-5447-44a2-bd77-c308d99f58cd', 'DISPLAY', NULL, 'PIECE', NULL, 15000.00, 21000.00, '85177000', 'EIGHTEEN', NULL, 'CGST_SGST', 10.00, 3.00, 15.00, 5.00, 'e6617fef-58e2-4874-a68d-86c1f620dc97', NULL, NULL, NULL, true, '85b64dfa-0872-4942-83c3-489358ba6264', 'c54500dd-f55d-4fcd-aa25-28570335499c', '2025-10-31 00:26:58.244', '2025-10-31 01:01:23.465');
INSERT INTO public.inventories VALUES ('a4fcc6b1-8491-40ea-bd55-d4acf2c6bd1f', 'BAT-IP15PM-001-TKV', 'iPhone 15 Pro Max Battery', 'Original battery for iPhone 15 Pro Max, 4422mAh', 'iPhone 15 Pro Max', 'Apple', '6675891f-3be8-4747-aa47-682208f02ed5', '8c9eb9d3-f1c0-4450-9081-4c958c25bcf7', 'BATTERY', NULL, 'PIECE', NULL, 3500.00, 5500.00, '85076000', 'EIGHTEEN', NULL, 'CGST_SGST', 10.00, 5.00, 20.00, 8.00, '99562c24-7cdd-42bf-b8fc-8c6cc5a488af', NULL, NULL, NULL, true, '85b64dfa-0872-4942-83c3-489358ba6264', 'c54500dd-f55d-4fcd-aa25-28570335499c', '2025-10-31 00:26:58.262', '2025-10-31 01:01:23.465');
INSERT INTO public.inventories VALUES ('587e3805-2006-48f7-a8e6-4cf7f51ce1d1', 'BAT-IP13-001-TKV', 'iPhone 13 Battery', 'Original battery for iPhone 13, 3227mAh', 'iPhone 13', 'Apple', '6675891f-3be8-4747-aa47-682208f02ed5', '6174b6be-33cf-41f6-b070-befbf0b49efc', 'BATTERY', NULL, 'PIECE', NULL, 2000.00, 3500.00, '85076000', 'EIGHTEEN', NULL, 'CGST_SGST', 19.00, 8.00, 30.00, 12.00, 'babb7929-b663-461f-91c6-f286bbbf56df', NULL, NULL, NULL, true, '85b64dfa-0872-4942-83c3-489358ba6264', 'c54500dd-f55d-4fcd-aa25-28570335499c', '2025-10-31 00:26:58.267', '2025-10-31 01:01:23.465');
INSERT INTO public.inventories VALUES ('74be1438-45a5-4fad-ae6e-030205d1b942', 'CHG-LIGHT-5W-001-TKV', 'Apple Lightning 5W Charger', 'Original Apple 5W USB power adapter', NULL, 'Apple', '6675891f-3be8-4747-aa47-682208f02ed5', NULL, 'CHARGER', NULL, 'PIECE', NULL, 250.00, 500.00, '85044090', 'EIGHTEEN', NULL, 'CGST_SGST', 29.00, 15.00, 60.00, 25.00, 'f26455d0-690b-44a9-a08d-0e376f0395ac', NULL, NULL, NULL, true, '85b64dfa-0872-4942-83c3-489358ba6264', 'c54500dd-f55d-4fcd-aa25-28570335499c', '2025-10-31 00:26:58.3', '2025-10-31 01:01:23.465');
INSERT INTO public.inventories VALUES ('03b1befa-45e8-47c6-ae07-48597965fd86', 'CBL-LIGHT-1M-001-TKV', 'Lightning to USB Cable 1M', 'MFi certified Lightning cable', NULL, 'Apple', '6675891f-3be8-4747-aa47-682208f02ed5', NULL, 'CABLE', NULL, 'PIECE', NULL, 120.00, 300.00, '85444290', 'EIGHTEEN', NULL, 'CGST_SGST', 103.00, 30.00, 150.00, 50.00, '99562c24-7cdd-42bf-b8fc-8c6cc5a488af', NULL, NULL, NULL, true, '85b64dfa-0872-4942-83c3-489358ba6264', 'c54500dd-f55d-4fcd-aa25-28570335499c', '2025-10-31 00:26:58.307', '2025-10-31 01:01:23.465');
INSERT INTO public.inventories VALUES ('19cad12f-5cba-492d-8253-8789270c8c9c', 'CASE-IP15PM-SIL-001-TKV', 'iPhone 15 Pro Max Silicone Case', 'Premium silicone case - Multiple colors', 'iPhone 15 Pro Max', 'Apple', '6675891f-3be8-4747-aa47-682208f02ed5', '8c9eb9d3-f1c0-4450-9081-4c958c25bcf7', 'CASE_COVER', NULL, 'PIECE', NULL, 150.00, 400.00, '39269099', 'EIGHTEEN', NULL, 'CGST_SGST', 65.00, 20.00, 100.00, 30.00, '300ba079-3fab-47b8-b66e-a2eeb9103a40', NULL, NULL, NULL, true, '85b64dfa-0872-4942-83c3-489358ba6264', 'c54500dd-f55d-4fcd-aa25-28570335499c', '2025-10-31 00:26:58.32', '2025-10-31 01:01:23.465');
INSERT INTO public.inventories VALUES ('bd04bf3c-0edf-433b-95e0-0d359d53d61f', 'AUD-IP-SPEAK-001-TKV', 'iPhone Earpiece Speaker', 'Replacement earpiece speaker for iPhone', NULL, 'Apple', '6675891f-3be8-4747-aa47-682208f02ed5', NULL, 'AUDIO', NULL, 'PIECE', NULL, 200.00, 500.00, '85183000', 'EIGHTEEN', NULL, 'CGST_SGST', 24.00, 15.00, 60.00, 25.00, 'e6d01518-1d8d-4a56-98af-2a5e38ae725d', NULL, NULL, NULL, true, '85b64dfa-0872-4942-83c3-489358ba6264', 'c54500dd-f55d-4fcd-aa25-28570335499c', '2025-10-31 00:26:58.337', '2025-10-31 01:01:23.465');
INSERT INTO public.inventories VALUES ('9dc1675e-40f9-414d-9e51-d3208f97042e', 'CAM-IP15P-REAR-001-TKV', 'iPhone 15 Pro Rear Camera Module', 'Triple camera module for iPhone 15 Pro', 'iPhone 15 Pro', 'Apple', '6675891f-3be8-4747-aa47-682208f02ed5', '47d71685-1aa2-40bd-9343-07fec7514a9f', 'CAMERA', NULL, 'PIECE', NULL, 8000.00, 12000.00, '85258020', 'EIGHTEEN', NULL, 'CGST_SGST', 7.00, 2.00, 10.00, 4.00, 'babb7929-b663-461f-91c6-f286bbbf56df', NULL, NULL, NULL, true, '85b64dfa-0872-4942-83c3-489358ba6264', 'c54500dd-f55d-4fcd-aa25-28570335499c', '2025-10-31 00:26:58.351', '2025-10-31 01:01:23.465');
INSERT INTO public.inventories VALUES ('859beb16-a919-436c-a67d-d92881d64883', 'DSP-IP15PM-001-GNG', 'iPhone 15 Pro Max Display OLED', 'Original OLED display for iPhone 15 Pro Max', 'iPhone 15 Pro Max', 'Apple', '6675891f-3be8-4747-aa47-682208f02ed5', '8c9eb9d3-f1c0-4450-9081-4c958c25bcf7', 'DISPLAY', NULL, 'PIECE', NULL, 18000.00, 25000.00, '85177000', 'EIGHTEEN', NULL, 'CGST_SGST', 6.00, 2.00, 10.00, 3.00, '0c692eca-3036-4bf6-98cf-278d2c8721cc', NULL, NULL, NULL, true, 'c3f2e56e-3e75-4721-be53-de1e8ef799d8', 'c54500dd-f55d-4fcd-aa25-28570335499c', '2025-10-31 00:26:58.388', '2025-10-31 01:01:23.465');
INSERT INTO public.inventories VALUES ('40a1a26f-425d-4bf3-afe9-639813bf28f7', 'DSP-IP14P-001-GNG', 'iPhone 14 Pro Display OLED', 'Original OLED display for iPhone 14 Pro', 'iPhone 14 Pro', 'Apple', '6675891f-3be8-4747-aa47-682208f02ed5', '409c99a9-5447-44a2-bd77-c308d99f58cd', 'DISPLAY', NULL, 'PIECE', NULL, 15000.00, 21000.00, '85177000', 'EIGHTEEN', NULL, 'CGST_SGST', 5.00, 3.00, 15.00, 5.00, 'e6617fef-58e2-4874-a68d-86c1f620dc97', NULL, NULL, NULL, true, 'c3f2e56e-3e75-4721-be53-de1e8ef799d8', 'c54500dd-f55d-4fcd-aa25-28570335499c', '2025-10-31 00:26:58.397', '2025-10-31 01:01:23.465');
INSERT INTO public.inventories VALUES ('f4752c8e-a06a-48a6-ac39-47ac26343f21', 'BAT-IP15PM-001-GNG', 'iPhone 15 Pro Max Battery', 'Original battery for iPhone 15 Pro Max, 4422mAh', 'iPhone 15 Pro Max', 'Apple', '6675891f-3be8-4747-aa47-682208f02ed5', '8c9eb9d3-f1c0-4450-9081-4c958c25bcf7', 'BATTERY', NULL, 'PIECE', NULL, 3500.00, 5500.00, '85076000', 'EIGHTEEN', NULL, 'CGST_SGST', 9.00, 5.00, 20.00, 8.00, 'babb7929-b663-461f-91c6-f286bbbf56df', NULL, NULL, NULL, true, 'c3f2e56e-3e75-4721-be53-de1e8ef799d8', 'c54500dd-f55d-4fcd-aa25-28570335499c', '2025-10-31 00:26:58.414', '2025-10-31 01:01:23.465');
INSERT INTO public.inventories VALUES ('38117487-b6e8-44da-a12f-302f9c0d2577', 'BAT-IP13-001-GNG', 'iPhone 13 Battery', 'Original battery for iPhone 13, 3227mAh', 'iPhone 13', 'Apple', '6675891f-3be8-4747-aa47-682208f02ed5', '6174b6be-33cf-41f6-b070-befbf0b49efc', 'BATTERY', NULL, 'PIECE', NULL, 2000.00, 3500.00, '85076000', 'EIGHTEEN', NULL, 'CGST_SGST', 15.00, 8.00, 30.00, 12.00, '0c692eca-3036-4bf6-98cf-278d2c8721cc', NULL, NULL, NULL, true, 'c3f2e56e-3e75-4721-be53-de1e8ef799d8', 'c54500dd-f55d-4fcd-aa25-28570335499c', '2025-10-31 00:26:58.421', '2025-10-31 01:01:23.465');
INSERT INTO public.inventories VALUES ('4a0ce766-a6fa-40c9-b043-ac8d6752824b', 'CHG-LIGHT-5W-001-GNG', 'Apple Lightning 5W Charger', 'Original Apple 5W USB power adapter', NULL, 'Apple', '6675891f-3be8-4747-aa47-682208f02ed5', NULL, 'CHARGER', NULL, 'PIECE', NULL, 250.00, 500.00, '85044090', 'EIGHTEEN', NULL, 'CGST_SGST', 46.00, 15.00, 60.00, 25.00, 'e6617fef-58e2-4874-a68d-86c1f620dc97', NULL, NULL, NULL, true, 'c3f2e56e-3e75-4721-be53-de1e8ef799d8', 'c54500dd-f55d-4fcd-aa25-28570335499c', '2025-10-31 00:26:58.452', '2025-10-31 01:01:23.465');
INSERT INTO public.inventories VALUES ('55d66043-75a1-4752-9cb6-b48a8a06af9a', 'CBL-LIGHT-1M-001-GNG', 'Lightning to USB Cable 1M', 'MFi certified Lightning cable', NULL, 'Apple', '6675891f-3be8-4747-aa47-682208f02ed5', NULL, 'CABLE', NULL, 'PIECE', NULL, 120.00, 300.00, '85444290', 'EIGHTEEN', NULL, 'CGST_SGST', 111.00, 30.00, 150.00, 50.00, 'e6d01518-1d8d-4a56-98af-2a5e38ae725d', NULL, NULL, NULL, true, 'c3f2e56e-3e75-4721-be53-de1e8ef799d8', 'c54500dd-f55d-4fcd-aa25-28570335499c', '2025-10-31 00:26:58.459', '2025-10-31 01:01:23.465');
INSERT INTO public.inventories VALUES ('36779ff1-1212-45e0-9b17-e585410fddaa', 'CASE-IP15PM-SIL-001-GNG', 'iPhone 15 Pro Max Silicone Case', 'Premium silicone case - Multiple colors', 'iPhone 15 Pro Max', 'Apple', '6675891f-3be8-4747-aa47-682208f02ed5', '8c9eb9d3-f1c0-4450-9081-4c958c25bcf7', 'CASE_COVER', NULL, 'PIECE', NULL, 150.00, 400.00, '39269099', 'EIGHTEEN', NULL, 'CGST_SGST', 44.00, 20.00, 100.00, 30.00, 'f26455d0-690b-44a9-a08d-0e376f0395ac', NULL, NULL, NULL, true, 'c3f2e56e-3e75-4721-be53-de1e8ef799d8', 'c54500dd-f55d-4fcd-aa25-28570335499c', '2025-10-31 00:26:58.471', '2025-10-31 01:01:23.465');
INSERT INTO public.inventories VALUES ('198ae971-4990-437d-a897-e41cc9ae5ddc', 'AUD-IP-SPEAK-001-GNG', 'iPhone Earpiece Speaker', 'Replacement earpiece speaker for iPhone', NULL, 'Apple', '6675891f-3be8-4747-aa47-682208f02ed5', NULL, 'AUDIO', NULL, 'PIECE', NULL, 200.00, 500.00, '85183000', 'EIGHTEEN', NULL, 'CGST_SGST', 23.00, 15.00, 60.00, 25.00, 'f26455d0-690b-44a9-a08d-0e376f0395ac', NULL, NULL, NULL, true, 'c3f2e56e-3e75-4721-be53-de1e8ef799d8', 'c54500dd-f55d-4fcd-aa25-28570335499c', '2025-10-31 00:26:58.488', '2025-10-31 01:01:23.465');
INSERT INTO public.inventories VALUES ('b86a0bc2-924e-4d88-9721-cd3b011d3496', 'CAM-IP15P-REAR-001-GNG', 'iPhone 15 Pro Rear Camera Module', 'Triple camera module for iPhone 15 Pro', 'iPhone 15 Pro', 'Apple', '6675891f-3be8-4747-aa47-682208f02ed5', '47d71685-1aa2-40bd-9343-07fec7514a9f', 'CAMERA', NULL, 'PIECE', NULL, 8000.00, 12000.00, '85258020', 'EIGHTEEN', NULL, 'CGST_SGST', 5.00, 2.00, 10.00, 4.00, 'f26455d0-690b-44a9-a08d-0e376f0395ac', NULL, NULL, NULL, true, 'c3f2e56e-3e75-4721-be53-de1e8ef799d8', 'c54500dd-f55d-4fcd-aa25-28570335499c', '2025-10-31 00:26:58.502', '2025-10-31 01:01:23.465');
INSERT INTO public.inventories VALUES ('33f56c7c-1bd6-494a-a339-81d7aa7356d4', 'DSP-IP15PM-001-TND', 'iPhone 15 Pro Max Display OLED', 'Original OLED display for iPhone 15 Pro Max', 'iPhone 15 Pro Max', 'Apple', '6675891f-3be8-4747-aa47-682208f02ed5', '8c9eb9d3-f1c0-4450-9081-4c958c25bcf7', 'DISPLAY', NULL, 'PIECE', NULL, 18000.00, 25000.00, '85177000', 'EIGHTEEN', NULL, 'CGST_SGST', 5.00, 2.00, 10.00, 3.00, '99562c24-7cdd-42bf-b8fc-8c6cc5a488af', NULL, NULL, NULL, true, '291b0188-2f77-4b8c-8127-22de295e6290', 'c54500dd-f55d-4fcd-aa25-28570335499c', '2025-10-31 00:26:58.539', '2025-10-31 01:01:23.465');
INSERT INTO public.inventories VALUES ('cec2aa43-5292-4bd1-a71e-9f0569834b38', 'DSP-IP14P-001-TND', 'iPhone 14 Pro Display OLED', 'Original OLED display for iPhone 14 Pro', 'iPhone 14 Pro', 'Apple', '6675891f-3be8-4747-aa47-682208f02ed5', '409c99a9-5447-44a2-bd77-c308d99f58cd', 'DISPLAY', NULL, 'PIECE', NULL, 15000.00, 21000.00, '85177000', 'EIGHTEEN', NULL, 'CGST_SGST', 11.00, 3.00, 15.00, 5.00, '300ba079-3fab-47b8-b66e-a2eeb9103a40', NULL, NULL, NULL, true, '291b0188-2f77-4b8c-8127-22de295e6290', 'c54500dd-f55d-4fcd-aa25-28570335499c', '2025-10-31 00:26:58.547', '2025-10-31 01:01:23.465');
INSERT INTO public.inventories VALUES ('c577f994-e300-4776-985e-9a741a6f361f', 'BAT-IP15PM-001-TND', 'iPhone 15 Pro Max Battery', 'Original battery for iPhone 15 Pro Max, 4422mAh', 'iPhone 15 Pro Max', 'Apple', '6675891f-3be8-4747-aa47-682208f02ed5', '8c9eb9d3-f1c0-4450-9081-4c958c25bcf7', 'BATTERY', NULL, 'PIECE', NULL, 3500.00, 5500.00, '85076000', 'EIGHTEEN', NULL, 'CGST_SGST', 14.00, 5.00, 20.00, 8.00, 'e6d01518-1d8d-4a56-98af-2a5e38ae725d', NULL, NULL, NULL, true, '291b0188-2f77-4b8c-8127-22de295e6290', 'c54500dd-f55d-4fcd-aa25-28570335499c', '2025-10-31 00:26:58.566', '2025-10-31 01:01:23.465');
INSERT INTO public.inventories VALUES ('04ac8c97-cc7f-42e5-8c48-e39639d4f0b1', 'BAT-IP13-001-TND', 'iPhone 13 Battery', 'Original battery for iPhone 13, 3227mAh', 'iPhone 13', 'Apple', '6675891f-3be8-4747-aa47-682208f02ed5', '6174b6be-33cf-41f6-b070-befbf0b49efc', 'BATTERY', NULL, 'PIECE', NULL, 2000.00, 3500.00, '85076000', 'EIGHTEEN', NULL, 'CGST_SGST', 21.00, 8.00, 30.00, 12.00, 'babb7929-b663-461f-91c6-f286bbbf56df', NULL, NULL, NULL, true, '291b0188-2f77-4b8c-8127-22de295e6290', 'c54500dd-f55d-4fcd-aa25-28570335499c', '2025-10-31 00:26:58.573', '2025-10-31 01:01:23.465');
INSERT INTO public.inventories VALUES ('6bc8a929-3199-4d5b-b4af-f685532cb0ec', 'CHG-LIGHT-5W-001-TND', 'Apple Lightning 5W Charger', 'Original Apple 5W USB power adapter', NULL, 'Apple', '6675891f-3be8-4747-aa47-682208f02ed5', NULL, 'CHARGER', NULL, 'PIECE', NULL, 250.00, 500.00, '85044090', 'EIGHTEEN', NULL, 'CGST_SGST', 37.00, 15.00, 60.00, 25.00, '99562c24-7cdd-42bf-b8fc-8c6cc5a488af', NULL, NULL, NULL, true, '291b0188-2f77-4b8c-8127-22de295e6290', 'c54500dd-f55d-4fcd-aa25-28570335499c', '2025-10-31 00:26:58.611', '2025-10-31 01:01:23.465');
INSERT INTO public.inventories VALUES ('63199714-d845-4551-9504-7af8bbc5b142', 'CBL-LIGHT-1M-001-TND', 'Lightning to USB Cable 1M', 'MFi certified Lightning cable', NULL, 'Apple', '6675891f-3be8-4747-aa47-682208f02ed5', NULL, 'CABLE', NULL, 'PIECE', NULL, 120.00, 300.00, '85444290', 'EIGHTEEN', NULL, 'CGST_SGST', 75.00, 30.00, 150.00, 50.00, 'e6617fef-58e2-4874-a68d-86c1f620dc97', NULL, NULL, NULL, true, '291b0188-2f77-4b8c-8127-22de295e6290', 'c54500dd-f55d-4fcd-aa25-28570335499c', '2025-10-31 00:26:58.618', '2025-10-31 01:01:23.465');
INSERT INTO public.inventories VALUES ('af05bd47-b4db-4ffa-86bf-2ca228b6253d', 'CASE-IP15PM-SIL-001-TND', 'iPhone 15 Pro Max Silicone Case', 'Premium silicone case - Multiple colors', 'iPhone 15 Pro Max', 'Apple', '6675891f-3be8-4747-aa47-682208f02ed5', '8c9eb9d3-f1c0-4450-9081-4c958c25bcf7', 'CASE_COVER', NULL, 'PIECE', NULL, 150.00, 400.00, '39269099', 'EIGHTEEN', NULL, 'CGST_SGST', 56.00, 20.00, 100.00, 30.00, 'babb7929-b663-461f-91c6-f286bbbf56df', NULL, NULL, NULL, true, '291b0188-2f77-4b8c-8127-22de295e6290', 'c54500dd-f55d-4fcd-aa25-28570335499c', '2025-10-31 00:26:58.633', '2025-10-31 01:01:23.465');
INSERT INTO public.inventories VALUES ('c74e6c92-6c37-45c3-b026-4b9583cd1aaf', 'AUD-IP-SPEAK-001-TND', 'iPhone Earpiece Speaker', 'Replacement earpiece speaker for iPhone', NULL, 'Apple', '6675891f-3be8-4747-aa47-682208f02ed5', NULL, 'AUDIO', NULL, 'PIECE', NULL, 200.00, 500.00, '85183000', 'EIGHTEEN', NULL, 'CGST_SGST', 45.00, 15.00, 60.00, 25.00, 'f26455d0-690b-44a9-a08d-0e376f0395ac', NULL, NULL, NULL, true, '291b0188-2f77-4b8c-8127-22de295e6290', 'c54500dd-f55d-4fcd-aa25-28570335499c', '2025-10-31 00:26:58.653', '2025-10-31 01:01:23.465');
INSERT INTO public.inventories VALUES ('3be958fb-bf48-4d11-82b3-8d34dc833605', 'CAM-IP15P-REAR-001-TND', 'iPhone 15 Pro Rear Camera Module', 'Triple camera module for iPhone 15 Pro', 'iPhone 15 Pro', 'Apple', '6675891f-3be8-4747-aa47-682208f02ed5', '47d71685-1aa2-40bd-9343-07fec7514a9f', 'CAMERA', NULL, 'PIECE', NULL, 8000.00, 12000.00, '85258020', 'EIGHTEEN', NULL, 'CGST_SGST', 8.00, 2.00, 10.00, 4.00, 'e6617fef-58e2-4874-a68d-86c1f620dc97', NULL, NULL, NULL, true, '291b0188-2f77-4b8c-8127-22de295e6290', 'c54500dd-f55d-4fcd-aa25-28570335499c', '2025-10-31 00:26:58.667', '2025-10-31 01:01:23.465');


--
-- Data for Name: invoices; Type: TABLE DATA; Schema: public; Owner: postgres
--

INSERT INTO public.invoices VALUES ('6d871af8-4cc2-414f-bb19-3e2fdcd157cb', 'INV-2024-0001', '2c3c1878-3494-4a26-8591-f10dceff1cf1', 150, 150, 0, 'PAID', 'c54500dd-f55d-4fcd-aa25-28570335499c', NULL, '2025-10-31 00:06:39.293', '2025-10-31 00:06:39.293', NULL, NULL, NULL, NULL, NULL);
INSERT INTO public.invoices VALUES ('08d3c7b2-2dca-4bd3-be0c-b6b85c99181e', 'INV-MAIN-001-1761870889412-3916', '99ef4c37-4a00-42eb-836f-44641adf7b2c', 740, 740, 0, 'PAID', 'c54500dd-f55d-4fcd-aa25-28570335499c', NULL, '2025-10-31 00:34:49.439', '2025-10-31 00:34:49.439', NULL, NULL, NULL, NULL, NULL);
INSERT INTO public.invoices VALUES ('c30e540d-763a-4e13-bd7a-39e3f15bb3ac', 'INV-MAIN-001-1761870889523-3982', '5541794e-2afa-47d2-a410-8e25e21b1697', 831, 831, 0, 'PAID', 'c54500dd-f55d-4fcd-aa25-28570335499c', NULL, '2025-10-31 00:34:49.538', '2025-10-31 00:34:49.538', NULL, NULL, NULL, NULL, NULL);
INSERT INTO public.invoices VALUES ('66ab851a-837d-4ddd-9844-4006d9b838f2', 'INV-DOWN-001-1761870889569-3861', '9ce1f837-ee4e-4868-a836-071cabfe371f', 410, 410, 0, 'PAID', 'c54500dd-f55d-4fcd-aa25-28570335499c', NULL, '2025-10-31 00:34:49.58', '2025-10-31 00:34:49.58', NULL, NULL, NULL, NULL, NULL);
INSERT INTO public.invoices VALUES ('208400a9-8780-49f2-8fb3-6848755dfb8f', 'INV-DOWN-001-1761870889590-2779', '080c96b2-0a5d-473f-9495-b77524b7c2bc', 747, 240, 507, 'PARTIAL', 'c54500dd-f55d-4fcd-aa25-28570335499c', NULL, '2025-10-31 00:34:49.605', '2025-10-31 00:34:49.605', NULL, NULL, NULL, NULL, NULL);
INSERT INTO public.invoices VALUES ('3673f79f-64d0-45dc-8ede-3c5e8f3c4488', 'INV-DOWN-001-1761870889623-6121', '92cc6f9b-ff63-4cd2-8d3c-dcc8ab69d50b', 457, 0, 457, 'PENDING', 'c54500dd-f55d-4fcd-aa25-28570335499c', NULL, '2025-10-31 00:34:49.637', '2025-10-31 00:34:49.637', NULL, NULL, NULL, NULL, NULL);
INSERT INTO public.invoices VALUES ('b0bb33ca-f011-4c6b-b900-e32bcaa490e2', 'INV-DOWN-001-1761870889646-2512', 'bfc3a875-bcca-48cc-97ed-f74748f8925e', 614, 614, 0, 'PAID', 'c54500dd-f55d-4fcd-aa25-28570335499c', NULL, '2025-10-31 00:34:49.652', '2025-10-31 00:34:49.652', NULL, NULL, NULL, NULL, NULL);
INSERT INTO public.invoices VALUES ('f4b9585d-a9c7-4115-8d1a-c5151e6adeb0', 'INV-DOWN-001-1761870889713-5681', '1c747020-4a67-43e6-b487-096c92185307', 880, 240, 640, 'PARTIAL', 'c54500dd-f55d-4fcd-aa25-28570335499c', NULL, '2025-10-31 00:34:49.722', '2025-10-31 00:34:49.722', NULL, NULL, NULL, NULL, NULL);
INSERT INTO public.invoices VALUES ('8bcb5a80-fcbb-4693-ac1f-6c4a2e8eab39', 'INV-DOWN-001-1761870889729-3400', 'a1b1ee45-ecbc-4dcb-be91-29613323285b', 2424, 2424, 0, 'PAID', 'c54500dd-f55d-4fcd-aa25-28570335499c', NULL, '2025-10-31 00:34:49.745', '2025-10-31 00:34:49.745', NULL, NULL, NULL, NULL, NULL);
INSERT INTO public.invoices VALUES ('13d5b8d9-1d8d-4661-8934-f16a988155c7', 'INV-DOWN-001-1761870889755-4655', '62e9d16c-757a-48fc-a92d-412ada4fc68c', 602, 602, 0, 'PAID', 'c54500dd-f55d-4fcd-aa25-28570335499c', NULL, '2025-10-31 00:34:49.772', '2025-10-31 00:34:49.772', NULL, NULL, NULL, NULL, NULL);
INSERT INTO public.invoices VALUES ('67510d54-884c-46a1-aeaa-f95898a7a61b', 'INV-DOWN-001-1761870889794-3955', 'c52912be-e0b7-4970-8ac9-483c5cbb9deb', 569, 150, 419, 'PARTIAL', 'c54500dd-f55d-4fcd-aa25-28570335499c', NULL, '2025-10-31 00:34:49.807', '2025-10-31 00:34:49.807', NULL, NULL, NULL, NULL, NULL);
INSERT INTO public.invoices VALUES ('3478c8b2-b614-45ab-a92e-c685aa422762', 'INV-TPT-1761870889823-4850', '435a9b3c-7f2e-4eba-bf4a-5ce5fcdcfe96', 424, 424, 0, 'PAID', 'c54500dd-f55d-4fcd-aa25-28570335499c', NULL, '2025-10-31 00:34:49.834', '2025-10-31 00:34:49.834', NULL, NULL, NULL, NULL, NULL);
INSERT INTO public.invoices VALUES ('96e5c132-0729-410b-a41b-11038176aec9', 'INV-TPT-1761870889850-3103', '28d70911-7d01-4f5e-a9bd-c67f299b8699', 150, 150, 0, 'PAID', 'c54500dd-f55d-4fcd-aa25-28570335499c', NULL, '2025-10-31 00:34:49.859', '2025-10-31 00:34:49.859', NULL, NULL, NULL, NULL, NULL);
INSERT INTO public.invoices VALUES ('189d0a6c-0788-4f27-8c99-9eea09ca70ee', 'INV-TPT-1761870889906-7247', 'e269e47c-9182-49b3-a1ad-635c3c602b7a', 759, 759, 0, 'PAID', 'c54500dd-f55d-4fcd-aa25-28570335499c', NULL, '2025-10-31 00:34:49.921', '2025-10-31 00:34:49.921', NULL, NULL, NULL, NULL, NULL);
INSERT INTO public.invoices VALUES ('4b302fdd-37e0-46f2-9206-e8a8c335853f', 'INV-VPM-1761870889952-1481', '05a39b7e-32a6-4581-a04b-d48a814f1a17', 721, 0, 721, 'PENDING', 'c54500dd-f55d-4fcd-aa25-28570335499c', NULL, '2025-10-31 00:34:49.968', '2025-10-31 00:34:49.968', NULL, NULL, NULL, NULL, NULL);
INSERT INTO public.invoices VALUES ('ce473054-f898-4099-88cf-a999fab348c5', 'INV-VPM-1761870889970-4180', '639adbc6-66fa-4d04-982c-e153a8789b48', 606, 0, 606, 'PENDING', 'c54500dd-f55d-4fcd-aa25-28570335499c', NULL, '2025-10-31 00:34:49.982', '2025-10-31 00:34:49.982', NULL, NULL, NULL, NULL, NULL);
INSERT INTO public.invoices VALUES ('081a2dfe-cf16-4973-b31d-c5f19bd7a06a', 'INV-VPM-1761870889990-7771', 'fd1f1209-b7cc-4a37-bbd9-dca2d6e33e31', 1500, 1500, 0, 'PAID', 'c54500dd-f55d-4fcd-aa25-28570335499c', NULL, '2025-10-31 00:34:50.001', '2025-10-31 00:34:50.001', NULL, NULL, NULL, NULL, NULL);
INSERT INTO public.invoices VALUES ('61e14ce1-1e76-47de-be6e-9a93c4b0ac05', 'INV-VPM-1761870890008-8818', 'dc74d787-e76e-4ee0-94de-5a784b79a726', 500, 500, 0, 'PAID', 'c54500dd-f55d-4fcd-aa25-28570335499c', NULL, '2025-10-31 00:34:50.024', '2025-10-31 00:34:50.024', NULL, NULL, NULL, NULL, NULL);
INSERT INTO public.invoices VALUES ('7c6772af-d7a7-4bd5-88c9-6ca2830607df', 'INV-VPM-1761870890029-2812', '6c6f9f57-1ef6-4cf5-a016-d00d501a0891', 670, 0, 670, 'PENDING', 'c54500dd-f55d-4fcd-aa25-28570335499c', NULL, '2025-10-31 00:34:50.041', '2025-10-31 00:34:50.041', NULL, NULL, NULL, NULL, NULL);
INSERT INTO public.invoices VALUES ('f4ddeb26-499e-4b09-ae57-a820a43291f2', 'INV-VPM-1761870890053-6602', '65a8c355-c8ba-4b68-98b8-45434fc0da05', 1476, 1476, 0, 'PAID', 'c54500dd-f55d-4fcd-aa25-28570335499c', NULL, '2025-10-31 00:34:50.065', '2025-10-31 00:34:50.065', NULL, NULL, NULL, NULL, NULL);
INSERT INTO public.invoices VALUES ('e407ef73-4ffc-4820-a68e-ce5cf479e04e', 'INV-VPM-1761870890074-5497', '98e3cfac-3633-4402-9941-457b7e8a7207', 964, 964, 0, 'PAID', 'c54500dd-f55d-4fcd-aa25-28570335499c', NULL, '2025-10-31 00:34:50.089', '2025-10-31 00:34:50.089', NULL, NULL, NULL, NULL, NULL);
INSERT INTO public.invoices VALUES ('dcf89683-1b4e-44e6-bf42-cc843571a72f', 'INV-VPM-1761870890105-5622', '7f24ef4e-8963-491d-951b-ac476497355b', 1449, 1449, 0, 'PAID', 'c54500dd-f55d-4fcd-aa25-28570335499c', NULL, '2025-10-31 00:34:50.117', '2025-10-31 00:34:50.117', NULL, NULL, NULL, NULL, NULL);
INSERT INTO public.invoices VALUES ('8bd3a1e3-05b3-4dc2-a713-43fca52ff089', 'INV-VPM-1761870890135-4092', 'fa09afff-d9a7-475b-8805-b102fbb0c12d', 1084, 0, 1084, 'PENDING', 'c54500dd-f55d-4fcd-aa25-28570335499c', NULL, '2025-10-31 00:34:50.149', '2025-10-31 00:34:50.149', NULL, NULL, NULL, NULL, NULL);
INSERT INTO public.invoices VALUES ('bd17cf4e-52e4-4939-a086-4094820183e8', 'INV-VPM-1761870890166-4492', '087ebc4d-fc71-47a0-bd70-f68170802811', 350, 0, 350, 'PENDING', 'c54500dd-f55d-4fcd-aa25-28570335499c', NULL, '2025-10-31 00:34:50.178', '2025-10-31 00:34:50.178', NULL, NULL, NULL, NULL, NULL);
INSERT INTO public.invoices VALUES ('3f6378f8-fff7-4d2f-8dcc-97c407caf896', 'INV-VPM-1761870890190-7309', 'b40709ca-1b23-46c6-b80c-b59d2c765c11', 3085, 3085, 0, 'PAID', 'c54500dd-f55d-4fcd-aa25-28570335499c', NULL, '2025-10-31 00:34:50.201', '2025-10-31 00:34:50.201', NULL, NULL, NULL, NULL, NULL);
INSERT INTO public.invoices VALUES ('6fa51fcd-ee11-46be-b7e5-741fa5d64960', 'INV-VPM-1761870890229-9333', 'bb51c44d-79da-45fe-9436-321bb90f1f75', 680, 680, 0, 'PAID', 'c54500dd-f55d-4fcd-aa25-28570335499c', NULL, '2025-10-31 00:34:50.236', '2025-10-31 00:34:50.236', NULL, NULL, NULL, NULL, NULL);
INSERT INTO public.invoices VALUES ('9f8d1bab-1c09-40e4-97e4-1dcebecea42a', 'INV-TKV-1761870890255-4765', '12e3539f-7d02-4da5-98c5-1fe151f1f5f6', 1669, 1669, 0, 'PAID', 'c54500dd-f55d-4fcd-aa25-28570335499c', NULL, '2025-10-31 00:34:50.266', '2025-10-31 00:34:50.266', NULL, NULL, NULL, NULL, NULL);
INSERT INTO public.invoices VALUES ('b725b540-0392-486e-b489-be43f37be7f0', 'INV-TKV-1761870890277-6790', '70e9e326-ae47-4f0b-8b0e-cf60b3aa18d8', 1122, 0, 1122, 'PENDING', 'c54500dd-f55d-4fcd-aa25-28570335499c', NULL, '2025-10-31 00:34:50.285', '2025-10-31 00:34:50.285', NULL, NULL, NULL, NULL, NULL);
INSERT INTO public.invoices VALUES ('c3ad3e42-9388-4459-a2e9-58770bc23ce0', 'INV-TKV-1761870890299-9288', 'd06758e9-9fa8-4284-b559-554f38c1c116', 857, 0, 857, 'PENDING', 'c54500dd-f55d-4fcd-aa25-28570335499c', NULL, '2025-10-31 00:34:50.314', '2025-10-31 00:34:50.314', NULL, NULL, NULL, NULL, NULL);
INSERT INTO public.invoices VALUES ('9f1a4eb9-416f-443d-acbf-2fc219d29bdb', 'INV-TKV-1761870890373-6734', 'a68b47e2-8043-45de-9b8a-c368747d3343', 373, 30, 343, 'PARTIAL', 'c54500dd-f55d-4fcd-aa25-28570335499c', NULL, '2025-10-31 00:34:50.385', '2025-10-31 00:34:50.385', NULL, NULL, NULL, NULL, NULL);
INSERT INTO public.invoices VALUES ('bdf5a5ce-8cf7-4e2e-955a-fefb2ef850f9', 'INV-GNG-1761870890435-1703', 'b1f3ff29-174b-4922-a141-196c2415c66a', 498, 498, 0, 'PAID', 'c54500dd-f55d-4fcd-aa25-28570335499c', NULL, '2025-10-31 00:34:50.442', '2025-10-31 00:34:50.442', NULL, NULL, NULL, NULL, NULL);
INSERT INTO public.invoices VALUES ('768613ee-750a-4472-90d3-736c5bacdfc9', 'INV-GNG-1761870890447-8702', 'aa9faa67-8015-4768-b02c-1342376044e5', 2461, 600, 1861, 'PARTIAL', 'c54500dd-f55d-4fcd-aa25-28570335499c', NULL, '2025-10-31 00:34:50.457', '2025-10-31 00:34:50.457', NULL, NULL, NULL, NULL, NULL);
INSERT INTO public.invoices VALUES ('a77306bd-87b0-4365-9141-fb80ff28a130', 'INV-GNG-1761870890465-2834', 'c9e45ab6-cc1a-4fcf-980c-fec96512c5a4', 424, 0, 424, 'PENDING', 'c54500dd-f55d-4fcd-aa25-28570335499c', NULL, '2025-10-31 00:34:50.477', '2025-10-31 00:34:50.477', NULL, NULL, NULL, NULL, NULL);
INSERT INTO public.invoices VALUES ('6bcc89c7-e8a0-4446-9ee1-da44156cdf82', 'INV-GNG-1761870890494-3359', 'af81c781-5158-4ecf-8a01-4a55ef80c348', 800, 120, 680, 'PARTIAL', 'c54500dd-f55d-4fcd-aa25-28570335499c', NULL, '2025-10-31 00:34:50.506', '2025-10-31 00:34:50.506', NULL, NULL, NULL, NULL, NULL);
INSERT INTO public.invoices VALUES ('f2d82513-bb06-493f-b934-d1a846a65b9c', 'INV-GNG-1761870890520-6161', '13c36b87-0bb9-4f30-9ca9-4b26c70dce28', 460, 460, 0, 'PAID', 'c54500dd-f55d-4fcd-aa25-28570335499c', NULL, '2025-10-31 00:34:50.528', '2025-10-31 00:34:50.528', NULL, NULL, NULL, NULL, NULL);
INSERT INTO public.invoices VALUES ('e1d60436-ae59-4e02-bc2b-45492511649c', 'INV-GNG-1761870890540-7433', 'e5283545-9fa2-4310-92b9-53e917536e2d', 1007, 1007, 0, 'PAID', 'c54500dd-f55d-4fcd-aa25-28570335499c', NULL, '2025-10-31 00:34:50.55', '2025-10-31 00:34:50.55', NULL, NULL, NULL, NULL, NULL);
INSERT INTO public.invoices VALUES ('1d476f5f-c4b9-4367-afb8-b7273989be8f', 'INV-GNG-1761870890605-7918', '89f3afb2-7675-4a53-b0eb-904c67871c07', 702, 702, 0, 'PAID', 'c54500dd-f55d-4fcd-aa25-28570335499c', NULL, '2025-10-31 00:34:50.619', '2025-10-31 00:34:50.619', NULL, NULL, NULL, NULL, NULL);
INSERT INTO public.invoices VALUES ('e4ae026d-b6ec-4c63-9c52-aa0269a20d38', 'INV-TND-1761870890639-7705', 'cf4a2ae4-3ebb-4be2-b209-fe45ed5c4b18', 882, 180, 702, 'PARTIAL', 'c54500dd-f55d-4fcd-aa25-28570335499c', NULL, '2025-10-31 00:34:50.647', '2025-10-31 00:34:50.647', NULL, NULL, NULL, NULL, NULL);
INSERT INTO public.invoices VALUES ('dafa7fc6-fd02-4b16-ba04-468d04edc1a7', 'INV-TND-1761870890650-1629', 'a3d49bb6-12a4-4b0b-bcc1-23890c699a5e', 304, 304, 0, 'PAID', 'c54500dd-f55d-4fcd-aa25-28570335499c', NULL, '2025-10-31 00:34:50.659', '2025-10-31 00:34:50.659', NULL, NULL, NULL, NULL, NULL);
INSERT INTO public.invoices VALUES ('57961655-a9de-469a-8d44-9fb40df03705', 'INV-TND-1761870890670-6025', '5e10cfcc-0748-4d4a-82cf-2b62e2fa37b9', 722, 722, 0, 'PAID', 'c54500dd-f55d-4fcd-aa25-28570335499c', NULL, '2025-10-31 00:34:50.678', '2025-10-31 00:34:50.678', NULL, NULL, NULL, NULL, NULL);
INSERT INTO public.invoices VALUES ('22fc1980-ceb9-4bed-b29b-be71af661bc8', 'INV-TND-1761870890729-4415', 'debd2fb8-cf37-4972-9ab0-015c5a999f99', 447, 90, 357, 'PARTIAL', 'c54500dd-f55d-4fcd-aa25-28570335499c', NULL, '2025-10-31 00:34:50.74', '2025-10-31 00:34:50.74', NULL, NULL, NULL, NULL, NULL);
INSERT INTO public.invoices VALUES ('95b2dc43-05ee-42c4-9ddd-18134bb25d67', 'INV-TND-1761870890746-2116', 'fa0259ef-d0e8-43ca-8cda-e24fb7e1ac39', 501, 180, 321, 'PARTIAL', 'c54500dd-f55d-4fcd-aa25-28570335499c', NULL, '2025-10-31 00:34:50.758', '2025-10-31 00:34:50.758', NULL, NULL, NULL, NULL, NULL);
INSERT INTO public.invoices VALUES ('15232631-da2e-4bf0-829e-786c1392b4e7', 'INV-TND-1761870890777-3792', 'be8e87dd-c946-466a-b1ab-17966691858a', 1906, 450, 1456, 'PARTIAL', 'c54500dd-f55d-4fcd-aa25-28570335499c', NULL, '2025-10-31 00:34:50.789', '2025-10-31 00:34:50.789', NULL, NULL, NULL, NULL, NULL);
INSERT INTO public.invoices VALUES ('058fbbe6-b494-4415-a752-0f1128436744', 'INV-TND-1761870890792-1714', 'd3ee63bc-880c-4649-b2ed-3476eceee080', 1014, 1014, 0, 'PAID', 'c54500dd-f55d-4fcd-aa25-28570335499c', NULL, '2025-10-31 00:34:50.804', '2025-10-31 00:34:50.804', NULL, NULL, NULL, NULL, NULL);
INSERT INTO public.invoices VALUES ('0b298341-a56b-4866-929c-ebf33652d197', 'INV-VPM-20251031-013', '069b4b54-1025-43fa-b8eb-cc154a68b1e3', 800, 0, 800, 'PENDING', 'c54500dd-f55d-4fcd-aa25-28570335499c', 'http://localhost:5000/uploads/invoices/invoice_INV-VPM-20251031-013_1761875112608.pdf', '2025-10-31 01:45:12.767', '2025-10-31 01:56:38.444', NULL, NULL, NULL, NULL, NULL);
INSERT INTO public.invoices VALUES ('84a3d9d4-1da8-483b-8798-a7f3a597b0b9', 'INV-VPM-20251031-001', '1120de55-a803-472e-8156-a6f1486bf2c0', 1200, 1000, 200, 'PARTIAL', 'c54500dd-f55d-4fcd-aa25-28570335499c', 'http://localhost:5000/uploads/invoices/invoice_INV-VPM-20251031-001_1761894486087.pdf', '2025-10-31 07:08:06.283', '2025-10-31 07:08:06.283', NULL, NULL, NULL, NULL, NULL);
INSERT INTO public.invoices VALUES ('3c27b3c7-7847-4c1b-b018-5f807aa1da1f', 'INV-VPM-20251105-001', NULL, 2183, 0, 2183, 'PENDING', 'c54500dd-f55d-4fcd-aa25-28570335499c', NULL, '2025-11-05 15:04:19.65', '2025-11-05 15:04:19.65', 'c1a9dfc9-354a-4e71-bde1-5a1ade259bdd', '5e7b40cc-2b1d-4e35-8450-f23aafb141ee', 'db16c694-4e1b-488e-a196-b3e9651492e5', 'Premium quality replacement. 6 months warranty on parts and labor.', NULL);


--
-- Data for Name: invoice_items; Type: TABLE DATA; Schema: public; Owner: postgres
--

INSERT INTO public.invoice_items VALUES ('0f35dd23-55e5-460e-ada8-2242cd9c97e4', '3c27b3c7-7847-4c1b-b018-5f807aa1da1f', 'Loud Speaker Replacement', 1, 500, 500, '2025-11-05 15:04:19.669');
INSERT INTO public.invoice_items VALUES ('aac11e71-1871-42bc-883f-f9456ba1a83c', '3c27b3c7-7847-4c1b-b018-5f807aa1da1f', 'Earpiece Speaker Replacement', 1, 400, 400, '2025-11-05 15:04:19.669');
INSERT INTO public.invoice_items VALUES ('22531fa7-d5e9-4a24-9c5c-7c3c922360e0', '3c27b3c7-7847-4c1b-b018-5f807aa1da1f', 'Both Speakers Replacement', 1, 850, 850, '2025-11-05 15:04:19.669');
INSERT INTO public.invoice_items VALUES ('3ba607ae-d9bc-49e3-8aad-8d9481228ebf', '3c27b3c7-7847-4c1b-b018-5f807aa1da1f', 'Tempered Glass Screen Protector', 1, 100, 100, '2025-11-05 15:04:19.669');


--
-- Data for Name: invoice_templates; Type: TABLE DATA; Schema: public; Owner: postgres
--



--
-- Data for Name: invoice_template_items; Type: TABLE DATA; Schema: public; Owner: postgres
--



--
-- Data for Name: job_sheet_template_categories; Type: TABLE DATA; Schema: public; Owner: postgres
--

INSERT INTO public.job_sheet_template_categories VALUES ('6555572a-855f-4c31-aeb9-c65c95aa7afa', 'test', '', true, 'c54500dd-f55d-4fcd-aa25-28570335499c', '2025-11-07 07:30:52.733', '2025-11-07 07:30:52.733');
INSERT INTO public.job_sheet_template_categories VALUES ('66848ff3-d947-4417-aaea-3cd35bd71240', 'Warranty Service', 'Templates for warranty-covered repairs', true, 'c54500dd-f55d-4fcd-aa25-28570335499c', '2025-11-07 07:54:12.523', '2025-11-07 07:54:12.523');
INSERT INTO public.job_sheet_template_categories VALUES ('dffcf3fe-183b-48c6-833b-244b8edb25ad', 'Paid Repair', 'Templates for customer-paid repairs', true, 'c54500dd-f55d-4fcd-aa25-28570335499c', '2025-11-07 07:54:12.574', '2025-11-07 07:54:12.574');
INSERT INTO public.job_sheet_template_categories VALUES ('b033740b-b8c4-4df9-8987-3714c80e268c', 'Insurance Claim', 'Templates for insurance-covered repairs', true, 'c54500dd-f55d-4fcd-aa25-28570335499c', '2025-11-07 07:54:12.578', '2025-11-07 07:54:12.578');


--
-- Data for Name: job_sheet_templates; Type: TABLE DATA; Schema: public; Owner: postgres
--

INSERT INTO public.job_sheet_templates VALUES ('378380a0-49ea-49b6-b2de-83f8f7341cd7', 'Standard Service Template', 'Default template for general service requests', 'dffcf3fe-183b-48c6-833b-244b8edb25ad', '1. Advance payment is non-refundable.
2. Device must be collected within 7 days of service completion.
3. Company is not responsible for data loss during repair.
4. Warranty: 30 days for parts and 15 days for service.
5. Additional charges may apply for parts replacement.
6. Customer must provide device password if required for testing.
7. Any accessories left with the device are at customer''s own risk.', true, true, true, true, 'Thank you for choosing our service. We appreciate your business!', true, true, 'c54500dd-f55d-4fcd-aa25-28570335499c', NULL, 'c05796e4-8a67-4530-a475-9e3648084b6e', '2025-11-07 07:54:12.59', '2025-11-07 07:54:12.59');
INSERT INTO public.job_sheet_templates VALUES ('53cbcd81-681f-47a8-bf51-d7335cc7f0f5', 'Warranty Service Template', 'Template for warranty-covered repairs', '66848ff3-d947-4417-aaea-3cd35bd71240', '1. This service is covered under manufacturer''s warranty.
2. Warranty claim number must be provided.
3. Device must be in original condition with no physical damage.
4. Customer must provide original purchase receipt.
5. Warranty does not cover liquid damage, physical damage, or unauthorized repairs.
6. Service may take 7-15 business days depending on parts availability.
7. Customer will be notified if any charges apply outside warranty coverage.', true, true, true, true, 'Warranty service provided. Please keep this document for your records.', false, true, 'c54500dd-f55d-4fcd-aa25-28570335499c', NULL, 'c05796e4-8a67-4530-a475-9e3648084b6e', '2025-11-07 07:54:12.605', '2025-11-07 07:54:12.605');
INSERT INTO public.job_sheet_templates VALUES ('03aa43ea-3714-4c1e-89ec-a50d83bad405', 'Quick Repair Template', 'Simplified template for quick repairs', 'dffcf3fe-183b-48c6-833b-244b8edb25ad', '1. Express service - completed within 24 hours.
2. Full payment required before service.
3. No warranty on express service.
4. Customer must collect device within 24 hours of completion.
5. Company not responsible for data loss.', true, false, false, true, 'Express service completed.', false, true, 'c54500dd-f55d-4fcd-aa25-28570335499c', NULL, 'c05796e4-8a67-4530-a475-9e3648084b6e', '2025-11-07 07:54:12.615', '2025-11-07 07:54:12.615');
INSERT INTO public.job_sheet_templates VALUES ('02407e4b-4ed9-47bf-bd61-98c5ce41ffe1', 'Insurance Claim Template', 'Template for insurance-covered repairs', 'b033740b-b8c4-4df9-8987-3714c80e268c', '1. Insurance claim must be approved before service begins.
2. Customer must provide insurance policy number and claim number.
3. Service will be completed as per insurance company guidelines.
4. Any charges beyond insurance coverage will be communicated to customer.
5. Customer must sign off on completed repairs.
6. Device must be collected within 15 days of service completion.
7. All documentation must be provided to insurance company.', true, true, true, true, 'Insurance claim service. Please retain all documents for claim processing.', false, true, 'c54500dd-f55d-4fcd-aa25-28570335499c', NULL, 'c05796e4-8a67-4530-a475-9e3648084b6e', '2025-11-07 07:54:12.62', '2025-11-07 07:54:12.62');
INSERT INTO public.job_sheet_templates VALUES ('50e3a03a-6051-4e87-b660-498341397a31', 'Screen Replacement Template', 'Specialized template for screen replacements', 'dffcf3fe-183b-48c6-833b-244b8edb25ad', '1. Screen replacement warranty: 90 days for defects.
2. Warranty void if device is dropped or damaged after repair.
3. Original screen will not be returned to customer.
4. Device testing required after replacement.
5. Customer must verify screen quality before collection.
6. Touch functionality will be tested before handover.
7. Any additional issues found will be communicated to customer.', true, true, true, true, 'Screen replacement completed. Please handle with care.', false, true, 'c54500dd-f55d-4fcd-aa25-28570335499c', NULL, 'c05796e4-8a67-4530-a475-9e3648084b6e', '2025-11-07 07:54:12.627', '2025-11-07 07:54:12.627');


--
-- Data for Name: job_sheets; Type: TABLE DATA; Schema: public; Owner: postgres
--

INSERT INTO public.job_sheets VALUES ('4a4d2c0b-9870-4937-b640-abcf12416036', 'JS-VPM-20251031-001', '069b4b54-1025-43fa-b8eb-cc154a68b1e3', '2025-10-31 01:25:22.382', '97f0d703-751c-4747-9a3b-b0d56c5b6825', 'http://localhost:5000/uploads/jobsheets/jobsheet_JS-VPM-20251031-001_1761873922256.pdf', 'c54500dd-f55d-4fcd-aa25-28570335499c', 'c1a9dfc9-354a-4e71-bde1-5a1ade259bdd', '2025-10-31 01:25:22.382', '2025-10-31 01:56:38.415', NULL, NULL, NULL);
INSERT INTO public.job_sheets VALUES ('58da1dc5-fba8-4df6-a36f-9d9b3f2d774a', 'JS-VPM-20251031-002', '1120de55-a803-472e-8156-a6f1486bf2c0', '2025-10-31 07:04:21.641', '97f0d703-751c-4747-9a3b-b0d56c5b6825', 'http://localhost:5000/uploads/jobsheets/jobsheet_JS-VPM-20251031-002_1761894261448.pdf', 'c54500dd-f55d-4fcd-aa25-28570335499c', 'c1a9dfc9-354a-4e71-bde1-5a1ade259bdd', '2025-10-31 07:04:21.641', '2025-10-31 07:04:21.641', NULL, NULL, NULL);


--
-- Data for Name: notifications; Type: TABLE DATA; Schema: public; Owner: postgres
--

INSERT INTO public.notifications VALUES ('605542ee-41af-4fee-9f21-45b201edb2b4', '127e88cf-e475-443b-99b4-574b1d4db788', '06837644-3c85-42fc-919f-68be217ee992', 'Service Assigned', 'You have been assigned service ticket TKT-2024-0002', false, '2025-10-31 00:06:39.32');
INSERT INTO public.notifications VALUES ('6af2437c-738e-48e4-84b3-c7c118cc60eb', 'c05796e4-8a67-4530-a475-9e3648084b6e', '2c3c1878-3494-4a26-8591-f10dceff1cf1', 'Service Completed', 'Service ticket TKT-2024-0001 has been completed', true, '2025-10-31 00:06:39.32');


--
-- Data for Name: parts; Type: TABLE DATA; Schema: public; Owner: postgres
--

INSERT INTO public.parts VALUES ('aa3b4fc3-0f33-4cc5-8721-c98f7388c4d8', 'iPhone 12 Screen', 'IP12-SCR-001', 'Original iPhone 12 display screen', 80, 150, 25, 5, 'c54500dd-f55d-4fcd-aa25-28570335499c', '2025-10-31 00:06:39.164', '2025-10-31 00:06:39.164');
INSERT INTO public.parts VALUES ('3000cb3f-9990-4c8d-8143-5bfaff715c2e', 'Universal Charging Port', 'UNI-CHG-001', 'USB-C charging port module', 10, 25, 60, 15, 'c54500dd-f55d-4fcd-aa25-28570335499c', '2025-10-31 00:06:39.164', '2025-10-31 00:06:39.164');
INSERT INTO public.parts VALUES ('8553b082-d99b-4a1a-a76c-431bd544026f', 'Samsung S21 Battery', 'SS21-BAT-001', 'Original Samsung S21 battery', 30, 60, 40, 10, 'c54500dd-f55d-4fcd-aa25-28570335499c', '2025-10-31 00:06:39.164', '2025-10-31 00:06:39.164');


--
-- Data for Name: payment_methods; Type: TABLE DATA; Schema: public; Owner: postgres
--

INSERT INTO public.payment_methods VALUES ('9fe708b6-5d67-42b1-ac00-4dac31f9b138', 'Card', 'CARD', 'Credit/Debit card payment', true, 'c54500dd-f55d-4fcd-aa25-28570335499c', '2025-10-31 00:06:38.317', '2025-10-31 00:06:38.317');
INSERT INTO public.payment_methods VALUES ('a441330d-f601-47a2-83fe-0e777ed3ea24', 'Cash', 'CASH', 'Cash payment', true, 'c54500dd-f55d-4fcd-aa25-28570335499c', '2025-10-31 00:06:38.317', '2025-10-31 00:06:38.317');
INSERT INTO public.payment_methods VALUES ('1e437a71-7ef2-48b4-ba4d-788a83a26adc', 'UPI', 'UPI', 'UPI payment (Google Pay, PhonePe, etc.)', true, 'c54500dd-f55d-4fcd-aa25-28570335499c', '2025-10-31 00:06:38.317', '2025-10-31 00:06:38.317');
INSERT INTO public.payment_methods VALUES ('38265965-8a1e-4a15-8ebe-1e0d9a86c74e', 'Other', 'OTHER', 'Other payment methods', true, 'c54500dd-f55d-4fcd-aa25-28570335499c', '2025-10-31 00:06:38.317', '2025-10-31 00:06:38.317');
INSERT INTO public.payment_methods VALUES ('beb2a378-40b0-424e-8022-d5321d998a6c', 'Cheque', 'CHEQUE', 'Cheque payment', true, 'c54500dd-f55d-4fcd-aa25-28570335499c', '2025-10-31 00:06:38.317', '2025-10-31 00:06:38.317');
INSERT INTO public.payment_methods VALUES ('1895abcb-4ab6-4a22-9cb0-3c0e956916c1', 'Bank Transfer', 'BANK_TRANSFER', 'Bank transfer/NEFT/RTGS', true, 'c54500dd-f55d-4fcd-aa25-28570335499c', '2025-10-31 00:06:38.317', '2025-10-31 00:06:38.317');


--
-- Data for Name: payment_entries; Type: TABLE DATA; Schema: public; Owner: postgres
--

INSERT INTO public.payment_entries VALUES ('df3d9904-bc19-4aae-9f34-22e21e00ac27', 1000, '1e437a71-7ef2-48b4-ba4d-788a83a26adc', '', '', '2025-10-31 07:04:21.284', '1120de55-a803-472e-8156-a6f1486bf2c0', NULL, 'c54500dd-f55d-4fcd-aa25-28570335499c', '2025-10-31 07:04:21.287', '2025-10-31 07:04:21.287');


--
-- Data for Name: payments; Type: TABLE DATA; Schema: public; Owner: postgres
--

INSERT INTO public.payments VALUES ('dfe533ed-0a0c-44de-9798-53c303b411fe', '6d871af8-4cc2-414f-bb19-3e2fdcd157cb', 50, 'a441330d-f601-47a2-83fe-0e777ed3ea24', 'Advance payment', NULL, '2025-10-31 00:06:39.305');
INSERT INTO public.payments VALUES ('e95041f8-9942-4d4a-b56e-b5db6ed0e43b', '6d871af8-4cc2-414f-bb19-3e2fdcd157cb', 100, '9fe708b6-5d67-42b1-ac00-4dac31f9b138', 'Final payment', NULL, '2025-10-31 00:06:39.316');
INSERT INTO public.payments VALUES ('538d4a00-5904-44c2-af1e-8f020fcb0838', '08d3c7b2-2dca-4bd3-be0c-b6b85c99181e', 740, 'a441330d-f601-47a2-83fe-0e777ed3ea24', 'Final payment', NULL, '2025-09-13 00:34:49.412');
INSERT INTO public.payments VALUES ('d54bfcae-90c5-4c5f-bae0-5a1b274795f8', 'c30e540d-763a-4e13-bd7a-39e3f15bb3ac', 150, '1e437a71-7ef2-48b4-ba4d-788a83a26adc', 'Advance payment', NULL, '2025-09-04 00:34:49.523');
INSERT INTO public.payments VALUES ('37582b06-030f-4fc2-9b3f-c62c494a94cb', 'c30e540d-763a-4e13-bd7a-39e3f15bb3ac', 681, '1895abcb-4ab6-4a22-9cb0-3c0e956916c1', 'Final payment', NULL, '2025-09-05 00:34:49.523');
INSERT INTO public.payments VALUES ('205e35c0-a3c3-4d6d-88e3-7b2e22e85c69', '66ab851a-837d-4ddd-9844-4006d9b838f2', 410, 'beb2a378-40b0-424e-8022-d5321d998a6c', 'Final payment', NULL, '2025-10-05 00:34:49.569');
INSERT INTO public.payments VALUES ('3959617e-7e32-473d-9cdb-ae9efe2afe0d', '208400a9-8780-49f2-8fb3-6848755dfb8f', 240, '38265965-8a1e-4a15-8ebe-1e0d9a86c74e', 'Advance payment', NULL, '2025-10-28 00:34:49.59');
INSERT INTO public.payments VALUES ('d27c06b9-74e5-43df-b3ad-75ea70752ad4', 'b0bb33ca-f011-4c6b-b900-e32bcaa490e2', 150, '1e437a71-7ef2-48b4-ba4d-788a83a26adc', 'Advance payment', NULL, '2025-09-10 00:34:49.646');
INSERT INTO public.payments VALUES ('4aae8188-ee5c-444d-b76b-2881f6b71c8f', 'b0bb33ca-f011-4c6b-b900-e32bcaa490e2', 464, '9fe708b6-5d67-42b1-ac00-4dac31f9b138', 'Final payment', NULL, '2025-09-11 00:34:49.646');
INSERT INTO public.payments VALUES ('843f1d4b-32db-4d35-b5fb-45c767616d6c', 'f4b9585d-a9c7-4115-8d1a-c5151e6adeb0', 240, 'a441330d-f601-47a2-83fe-0e777ed3ea24', 'Advance payment', NULL, '2025-10-21 00:34:49.713');
INSERT INTO public.payments VALUES ('294f945e-4d07-40ac-be86-ba7d0af75e70', '8bcb5a80-fcbb-4693-ac1f-6c4a2e8eab39', 2424, '9fe708b6-5d67-42b1-ac00-4dac31f9b138', 'Final payment', NULL, '2025-09-06 00:34:49.729');
INSERT INTO public.payments VALUES ('1107159d-e4c4-4593-a456-adc4bc6e6a26', '13d5b8d9-1d8d-4661-8934-f16a988155c7', 150, '1895abcb-4ab6-4a22-9cb0-3c0e956916c1', 'Advance payment', NULL, '2025-09-30 00:34:49.755');
INSERT INTO public.payments VALUES ('39555b4b-2d62-4b18-af37-55818651f008', '13d5b8d9-1d8d-4661-8934-f16a988155c7', 452, '38265965-8a1e-4a15-8ebe-1e0d9a86c74e', 'Final payment', NULL, '2025-10-03 00:34:49.755');
INSERT INTO public.payments VALUES ('31fe86fe-697a-4316-bf4f-9133078bda03', '67510d54-884c-46a1-aeaa-f95898a7a61b', 150, '9fe708b6-5d67-42b1-ac00-4dac31f9b138', 'Advance payment', NULL, '2025-10-19 00:34:49.794');
INSERT INTO public.payments VALUES ('de819f00-f872-462f-bd04-8deeae6a2c57', '3478c8b2-b614-45ab-a92e-c685aa422762', 424, '1895abcb-4ab6-4a22-9cb0-3c0e956916c1', 'Final payment', NULL, '2025-10-11 00:34:49.823');
INSERT INTO public.payments VALUES ('a88a77a1-8930-43e2-aff9-3e473403301b', '96e5c132-0729-410b-a41b-11038176aec9', 150, '38265965-8a1e-4a15-8ebe-1e0d9a86c74e', 'Final payment', NULL, '2025-10-08 00:34:49.85');
INSERT INTO public.payments VALUES ('32ae02b6-e213-48c7-b716-1704dd48bf63', '189d0a6c-0788-4f27-8c99-9eea09ca70ee', 120, '1e437a71-7ef2-48b4-ba4d-788a83a26adc', 'Advance payment', NULL, '2025-10-18 00:34:49.906');
INSERT INTO public.payments VALUES ('7e996f48-2ded-44bf-b952-8c3d53024da9', '189d0a6c-0788-4f27-8c99-9eea09ca70ee', 639, '38265965-8a1e-4a15-8ebe-1e0d9a86c74e', 'Final payment', NULL, '2025-10-22 00:34:49.906');
INSERT INTO public.payments VALUES ('65d74942-0b5b-4738-80fa-a55dd2d1ef37', '081a2dfe-cf16-4973-b31d-c5f19bd7a06a', 1500, '9fe708b6-5d67-42b1-ac00-4dac31f9b138', 'Final payment', NULL, '2025-09-21 00:34:49.99');
INSERT INTO public.payments VALUES ('7f2a94ad-6184-4017-bdd1-b19e2af1fbfc', '61e14ce1-1e76-47de-be6e-9a93c4b0ac05', 500, '38265965-8a1e-4a15-8ebe-1e0d9a86c74e', 'Final payment', NULL, '2025-11-03 00:34:50.008');
INSERT INTO public.payments VALUES ('3cffe250-84c7-49fd-89d2-6f9bd28eebb4', 'f4ddeb26-499e-4b09-ae57-a820a43291f2', 300, '1e437a71-7ef2-48b4-ba4d-788a83a26adc', 'Advance payment', NULL, '2025-09-13 00:34:50.053');
INSERT INTO public.payments VALUES ('66fa6926-6dc8-4dac-9626-b943a4106738', 'f4ddeb26-499e-4b09-ae57-a820a43291f2', 1176, '1e437a71-7ef2-48b4-ba4d-788a83a26adc', 'Final payment', NULL, '2025-09-19 00:34:50.053');
INSERT INTO public.payments VALUES ('9836e76c-5f9a-4961-a14e-2ab636067eea', 'e407ef73-4ffc-4820-a68e-ce5cf479e04e', 210, '9fe708b6-5d67-42b1-ac00-4dac31f9b138', 'Advance payment', NULL, '2025-10-22 00:34:50.074');
INSERT INTO public.payments VALUES ('95381d59-3fb8-47ea-97e1-008f5722018e', 'e407ef73-4ffc-4820-a68e-ce5cf479e04e', 754, '1895abcb-4ab6-4a22-9cb0-3c0e956916c1', 'Final payment', NULL, '2025-10-29 00:34:50.074');
INSERT INTO public.payments VALUES ('8de8028e-e12c-43bd-8af2-f86562288083', 'dcf89683-1b4e-44e6-bf42-cc843571a72f', 360, '9fe708b6-5d67-42b1-ac00-4dac31f9b138', 'Advance payment', NULL, '2025-09-05 00:34:50.105');
INSERT INTO public.payments VALUES ('edf39562-7df4-4bf0-9ffb-029c6ed88d34', 'dcf89683-1b4e-44e6-bf42-cc843571a72f', 1089, 'a441330d-f601-47a2-83fe-0e777ed3ea24', 'Final payment', NULL, '2025-09-10 00:34:50.105');
INSERT INTO public.payments VALUES ('e5d352f8-d9d8-4d71-979b-cf933a2b8833', '3f6378f8-fff7-4d2f-8dcc-97c407caf896', 900, 'beb2a378-40b0-424e-8022-d5321d998a6c', 'Advance payment', NULL, '2025-09-30 00:34:50.19');
INSERT INTO public.payments VALUES ('a9caf679-5a68-442a-b021-46cf41742fd4', '3f6378f8-fff7-4d2f-8dcc-97c407caf896', 2185, '9fe708b6-5d67-42b1-ac00-4dac31f9b138', 'Final payment', NULL, '2025-10-02 00:34:50.19');
INSERT INTO public.payments VALUES ('25f0914a-15d2-41aa-bce4-9b6e97eb1235', '6fa51fcd-ee11-46be-b7e5-741fa5d64960', 150, 'beb2a378-40b0-424e-8022-d5321d998a6c', 'Advance payment', NULL, '2025-10-03 00:34:50.229');
INSERT INTO public.payments VALUES ('2eabac56-9314-4997-a427-af526c0f1025', '6fa51fcd-ee11-46be-b7e5-741fa5d64960', 530, 'beb2a378-40b0-424e-8022-d5321d998a6c', 'Final payment', NULL, '2025-10-08 00:34:50.229');
INSERT INTO public.payments VALUES ('66a4f423-1da2-4b39-bbfd-6eccfa5fc84e', '9f8d1bab-1c09-40e4-97e4-1dcebecea42a', 450, '9fe708b6-5d67-42b1-ac00-4dac31f9b138', 'Advance payment', NULL, '2025-10-28 00:34:50.255');
INSERT INTO public.payments VALUES ('e53885b9-389d-4a65-9108-5ab7556164f5', '9f8d1bab-1c09-40e4-97e4-1dcebecea42a', 1219, '1e437a71-7ef2-48b4-ba4d-788a83a26adc', 'Final payment', NULL, '2025-11-04 00:34:50.255');
INSERT INTO public.payments VALUES ('d978983f-6fbb-4a68-9eeb-52e823f3f1b5', '9f1a4eb9-416f-443d-acbf-2fc219d29bdb', 30, 'beb2a378-40b0-424e-8022-d5321d998a6c', 'Advance payment', NULL, '2025-09-07 00:34:50.373');
INSERT INTO public.payments VALUES ('58c29949-2c27-40d0-8fbc-c9b99a59d9f0', 'bdf5a5ce-8cf7-4e2e-955a-fefb2ef850f9', 498, '1895abcb-4ab6-4a22-9cb0-3c0e956916c1', 'Final payment', NULL, '2025-09-15 00:34:50.435');
INSERT INTO public.payments VALUES ('72fd07b3-1042-4ec1-abdb-5f0be86ae873', '768613ee-750a-4472-90d3-736c5bacdfc9', 600, '1895abcb-4ab6-4a22-9cb0-3c0e956916c1', 'Advance payment', NULL, '2025-10-02 00:34:50.447');
INSERT INTO public.payments VALUES ('c3eca1e6-cf4a-468f-89b4-684449901639', '6bcc89c7-e8a0-4446-9ee1-da44156cdf82', 120, '9fe708b6-5d67-42b1-ac00-4dac31f9b138', 'Advance payment', NULL, '2025-09-29 00:34:50.494');
INSERT INTO public.payments VALUES ('b9e203e6-7677-45a4-8c0b-7abccebe8f4f', 'f2d82513-bb06-493f-b934-d1a846a65b9c', 90, '1895abcb-4ab6-4a22-9cb0-3c0e956916c1', 'Advance payment', NULL, '2025-10-16 00:34:50.52');
INSERT INTO public.payments VALUES ('f46ae8c3-7d7e-45fd-bb96-99ecd621a7ee', 'f2d82513-bb06-493f-b934-d1a846a65b9c', 370, 'beb2a378-40b0-424e-8022-d5321d998a6c', 'Final payment', NULL, '2025-10-23 00:34:50.52');
INSERT INTO public.payments VALUES ('f61ba383-7daa-4cb4-90eb-e483ec85eac0', 'e1d60436-ae59-4e02-bc2b-45492511649c', 240, 'a441330d-f601-47a2-83fe-0e777ed3ea24', 'Advance payment', NULL, '2025-10-24 00:34:50.54');
INSERT INTO public.payments VALUES ('42c33bd8-a53c-4e50-8e8f-c8c44b8c1d44', 'e1d60436-ae59-4e02-bc2b-45492511649c', 767, 'a441330d-f601-47a2-83fe-0e777ed3ea24', 'Final payment', NULL, '2025-10-28 00:34:50.54');
INSERT INTO public.payments VALUES ('9b248ec5-edca-4236-b253-9981677e566f', '1d476f5f-c4b9-4367-afb8-b7273989be8f', 240, '1e437a71-7ef2-48b4-ba4d-788a83a26adc', 'Advance payment', NULL, '2025-09-12 00:34:50.605');
INSERT INTO public.payments VALUES ('aefe008d-ef22-46cc-abc1-78fba363931f', '1d476f5f-c4b9-4367-afb8-b7273989be8f', 462, '38265965-8a1e-4a15-8ebe-1e0d9a86c74e', 'Final payment', NULL, '2025-09-19 00:34:50.605');
INSERT INTO public.payments VALUES ('edeeb079-9aac-4c17-995a-66b81ed22ecf', 'e4ae026d-b6ec-4c63-9c52-aa0269a20d38', 180, '1895abcb-4ab6-4a22-9cb0-3c0e956916c1', 'Advance payment', NULL, '2025-09-28 00:34:50.639');
INSERT INTO public.payments VALUES ('98d71f42-5258-4238-8ace-645a0e1906b8', 'dafa7fc6-fd02-4b16-ba04-468d04edc1a7', 304, 'beb2a378-40b0-424e-8022-d5321d998a6c', 'Final payment', NULL, '2025-10-22 00:34:50.65');
INSERT INTO public.payments VALUES ('746ae075-b81a-4b1a-ac92-7f77a7efde15', '57961655-a9de-469a-8d44-9fb40df03705', 150, '38265965-8a1e-4a15-8ebe-1e0d9a86c74e', 'Advance payment', NULL, '2025-10-10 00:34:50.67');
INSERT INTO public.payments VALUES ('42375822-77a8-45f2-bd30-d8f163e4b0f2', '57961655-a9de-469a-8d44-9fb40df03705', 572, '9fe708b6-5d67-42b1-ac00-4dac31f9b138', 'Final payment', NULL, '2025-10-15 00:34:50.67');
INSERT INTO public.payments VALUES ('08dd350f-81ae-4f91-a2a8-9033f66b95f1', '22fc1980-ceb9-4bed-b29b-be71af661bc8', 90, 'a441330d-f601-47a2-83fe-0e777ed3ea24', 'Advance payment', NULL, '2025-10-29 00:34:50.729');
INSERT INTO public.payments VALUES ('d180bd8c-ede0-467e-b971-45082492a4df', '95b2dc43-05ee-42c4-9ddd-18134bb25d67', 180, 'a441330d-f601-47a2-83fe-0e777ed3ea24', 'Advance payment', NULL, '2025-09-28 00:34:50.746');
INSERT INTO public.payments VALUES ('bb2f3a2a-10b7-42a7-8c2e-b054ff9f64d9', '15232631-da2e-4bf0-829e-786c1392b4e7', 450, '38265965-8a1e-4a15-8ebe-1e0d9a86c74e', 'Advance payment', NULL, '2025-10-03 00:34:50.777');
INSERT INTO public.payments VALUES ('223deb4e-c6fd-4bbc-b997-a50985b27f27', '058fbbe6-b494-4415-a752-0f1128436744', 1014, 'beb2a378-40b0-424e-8022-d5321d998a6c', 'Final payment', NULL, '2025-10-22 00:34:50.792');
INSERT INTO public.payments VALUES ('2b39cfed-4cf7-47c1-84c2-339ca90d2067', '84a3d9d4-1da8-483b-8798-a7f3a597b0b9', 1000, '1e437a71-7ef2-48b4-ba4d-788a83a26adc', '', '', '2025-10-31 07:04:21.284');


--
-- Data for Name: permissions; Type: TABLE DATA; Schema: public; Owner: postgres
--

INSERT INTO public.permissions VALUES ('0c457350-26ad-4f90-b062-2c2770bff48c', 'service:update', 'Update service details', 'service', 'update', '2025-10-31 00:06:38.78', '2025-10-31 00:06:38.78');
INSERT INTO public.permissions VALUES ('cbdaf2df-92ac-468d-b4f5-b114d19d1ae0', 'invoice:view', 'View invoices', 'invoice', 'view', '2025-10-31 00:06:38.78', '2025-10-31 00:06:38.78');
INSERT INTO public.permissions VALUES ('0192c60e-dfe4-42eb-818f-94a22725b210', 'part:delete', 'Delete parts from inventory', 'part', 'delete', '2025-10-31 00:06:38.78', '2025-10-31 00:06:38.78');
INSERT INTO public.permissions VALUES ('bf994c34-e57c-4d07-a5ad-5bc107cd1dcf', 'branch:update', 'Update branch details', 'branch', 'update', '2025-10-31 00:06:38.779', '2025-10-31 00:06:38.779');
INSERT INTO public.permissions VALUES ('75f62da4-8aa3-4ed6-819a-3cc38d65944f', 'branch:create', 'Create new branches', 'branch', 'create', '2025-10-31 00:06:38.779', '2025-10-31 00:06:38.779');
INSERT INTO public.permissions VALUES ('c72a336d-13e5-4eb7-ba57-6edfab4f10ee', 'part:view', 'View parts inventory', 'part', 'view', '2025-10-31 00:06:38.78', '2025-10-31 00:06:38.78');
INSERT INTO public.permissions VALUES ('31002828-8759-4bbd-84e9-09c4e85681a0', 'employee:create', 'Create new employees', 'employee', 'create', '2025-10-31 00:06:38.779', '2025-10-31 00:06:38.779');
INSERT INTO public.permissions VALUES ('0461c45a-5f0c-4b11-9edf-969f45e7fe2c', 'branch:view', 'View branches', 'branch', 'view', '2025-10-31 00:06:38.779', '2025-10-31 00:06:38.779');
INSERT INTO public.permissions VALUES ('6a40886f-badc-481c-a724-70c7dc8f4d20', 'branch:delete', 'Delete branches', 'branch', 'delete', '2025-10-31 00:06:38.779', '2025-10-31 00:06:38.779');
INSERT INTO public.permissions VALUES ('dcc191dc-f1d4-4f16-9569-57812d49078f', 'invoice:create', 'Create invoices', 'invoice', 'create', '2025-10-31 00:06:38.781', '2025-10-31 00:06:38.781');
INSERT INTO public.permissions VALUES ('0eca998a-b0c3-49a0-a056-0add0d3c0fb6', 'service:delete', 'Delete services', 'service', 'delete', '2025-10-31 00:06:38.781', '2025-10-31 00:06:38.781');
INSERT INTO public.permissions VALUES ('eb18c12a-2b31-46aa-a82a-140938e15f23', 'part:create', 'Add new parts to inventory', 'part', 'create', '2025-10-31 00:06:38.781', '2025-10-31 00:06:38.781');
INSERT INTO public.permissions VALUES ('9909f676-c6c1-4888-a713-47c3f42d41de', 'employee:update', 'Update employee details', 'employee', 'update', '2025-10-31 00:06:38.781', '2025-10-31 00:06:38.781');
INSERT INTO public.permissions VALUES ('76e4fb98-b11f-43ba-9f2b-ebb02f4d0ba6', 'service:assign', 'Assign services to technicians', 'service', 'assign', '2025-10-31 00:06:38.781', '2025-10-31 00:06:38.781');
INSERT INTO public.permissions VALUES ('3c494387-235e-4088-afb6-5f7317c7bd1f', 'payment:create', 'Record payments', 'payment', 'create', '2025-10-31 00:06:38.781', '2025-10-31 00:06:38.781');
INSERT INTO public.permissions VALUES ('6e967953-86e4-43bb-bcf6-a64f9b17be90', 'role:view', 'View roles', 'role', 'view', '2025-10-31 00:06:38.781', '2025-10-31 00:06:38.781');
INSERT INTO public.permissions VALUES ('8fa20ff2-ae39-4608-8b18-26ed341cbdbd', 'invoice:delete', 'Delete invoices', 'invoice', 'delete', '2025-10-31 00:06:38.781', '2025-10-31 00:06:38.781');
INSERT INTO public.permissions VALUES ('bebe34ba-a191-4ecf-a64d-15173ba99892', 'invoice:update', 'Update invoices', 'invoice', 'update', '2025-10-31 00:06:38.781', '2025-10-31 00:06:38.781');
INSERT INTO public.permissions VALUES ('8efca60b-8a2b-4a85-a6b8-d611fe64e4fc', 'payment:view', 'View payments', 'payment', 'view', '2025-10-31 00:06:38.781', '2025-10-31 00:06:38.781');
INSERT INTO public.permissions VALUES ('3d6db85c-9674-4ae9-bd7c-710eeff9c372', 'role:create', 'Create custom roles', 'role', 'create', '2025-10-31 00:06:38.781', '2025-10-31 00:06:38.781');
INSERT INTO public.permissions VALUES ('47290bfa-85e4-4a9a-bb48-06a1ab1a0bbe', 'report:view', 'View reports', 'report', 'view', '2025-10-31 00:06:38.781', '2025-10-31 00:06:38.781');
INSERT INTO public.permissions VALUES ('c78435fe-b2cf-4fc8-89a1-ba5092024da8', 'role:update', 'Update roles', 'role', 'update', '2025-10-31 00:06:38.781', '2025-10-31 00:06:38.781');
INSERT INTO public.permissions VALUES ('fc5047f9-d9b4-43f9-aaf8-8db292f7419c', 'role:delete', 'Delete roles', 'role', 'delete', '2025-10-31 00:06:38.781', '2025-10-31 00:06:38.781');
INSERT INTO public.permissions VALUES ('395c906c-7124-44e1-b389-80d252e4432f', 'dashboard:view', 'View dashboard analytics', 'dashboard', 'view', '2025-10-31 00:06:38.781', '2025-10-31 00:06:38.781');
INSERT INTO public.permissions VALUES ('073e4d0e-ab5a-4b5f-8f75-b4a9a1ca1d1c', 'report:export', 'Export reports', 'report', 'export', '2025-10-31 00:06:38.781', '2025-10-31 00:06:38.781');
INSERT INTO public.permissions VALUES ('8a8ca045-ec2f-4e08-825c-d50d12454623', 'service:view', 'View services', 'service', 'view', '2025-10-31 00:06:38.781', '2025-10-31 00:06:38.781');
INSERT INTO public.permissions VALUES ('2df8d734-36aa-4c3a-8a4a-6db0ccd19175', 'customer:view', 'View customers', 'customer', 'view', '2025-10-31 00:06:38.781', '2025-10-31 00:06:38.781');
INSERT INTO public.permissions VALUES ('5135528b-9784-4d90-aa3c-bce6237f89ab', 'part:update', 'Update part details', 'part', 'update', '2025-10-31 00:06:38.781', '2025-10-31 00:06:38.781');
INSERT INTO public.permissions VALUES ('49976cf9-1822-4713-abd1-87a80afbee42', 'customer:create', 'Create new customers', 'customer', 'create', '2025-10-31 00:06:38.781', '2025-10-31 00:06:38.781');
INSERT INTO public.permissions VALUES ('784312f4-d150-4c1c-8e0d-a927899e37f6', 'service:create', 'Create new services', 'service', 'create', '2025-10-31 00:06:38.781', '2025-10-31 00:06:38.781');
INSERT INTO public.permissions VALUES ('87147f68-c9b5-41d3-8eec-0049439d591a', 'employee:view', 'View employees', 'employee', 'view', '2025-10-31 00:06:38.781', '2025-10-31 00:06:38.781');
INSERT INTO public.permissions VALUES ('a9b4e02b-fac2-4a40-bda1-9d075565992d', 'customer:update', 'Update customer details', 'customer', 'update', '2025-10-31 00:06:38.781', '2025-10-31 00:06:38.781');
INSERT INTO public.permissions VALUES ('53339632-9432-4d83-bb6a-46171c2e50bb', 'employee:delete', 'Delete employees', 'employee', 'delete', '2025-10-31 00:06:38.781', '2025-10-31 00:06:38.781');
INSERT INTO public.permissions VALUES ('081f1253-31d3-4a94-8890-1e4ec490e4aa', 'customer:delete', 'Delete customers', 'customer', 'delete', '2025-10-31 00:06:38.782', '2025-10-31 00:06:38.782');


--
-- Data for Name: petty_cash_requests; Type: TABLE DATA; Schema: public; Owner: postgres
--

INSERT INTO public.petty_cash_requests VALUES ('6e6f9a99-ece3-4083-811e-0345596f9129', 'PCR-2510-0001', 'c1a9dfc9-354a-4e71-bde1-5a1ade259bdd', 300000.00, 'dfasdfasdfasdfdsf sda fsad fasdfasdf sadf asdf', 'APPROVED', '97f0d703-751c-4747-9a3b-b0d56c5b6825', 'd90ff1ab-163c-41b5-ab0f-5eba96adb3e1', '2025-10-31 06:42:14.288', NULL, 'c54500dd-f55d-4fcd-aa25-28570335499c', '2025-10-31 06:39:33.192', '2025-10-31 06:42:14.291');


--
-- Data for Name: petty_cash_transfers; Type: TABLE DATA; Schema: public; Owner: postgres
--

INSERT INTO public.petty_cash_transfers VALUES ('e2fd8240-be9a-4d0a-b721-2a554f361ddc', 'PCT-2510-0001', 'c1a9dfc9-354a-4e71-bde1-5a1ade259bdd', NULL, 300000.00, '2025-10-31 06:42:14.31', 'a441330d-f601-47a2-83fe-0e777ed3ea24', NULL, NULL, 'Approved request: PCR-2510-0001 - dfasdfasdfasdfdsf sda fsad fasdfasdf sadf asdf', NULL, NULL, 'COMPLETED', 'c54500dd-f55d-4fcd-aa25-28570335499c', 'd90ff1ab-163c-41b5-ab0f-5eba96adb3e1', '2025-10-31 06:42:14.321', '2025-10-31 06:42:14.321');
INSERT INTO public.petty_cash_transfers VALUES ('0a2deadb-0ea2-4f11-a92c-e1f7c90e9c9e', 'PCT-2510-0002', 'c1a9dfc9-354a-4e71-bde1-5a1ade259bdd', NULL, 150000.00, '2025-10-15 00:00:00', 'a441330d-f601-47a2-83fe-0e777ed3ea24', NULL, NULL, NULL, NULL, NULL, 'COMPLETED', 'c54500dd-f55d-4fcd-aa25-28570335499c', 'd90ff1ab-163c-41b5-ab0f-5eba96adb3e1', '2025-10-31 06:42:45.672', '2025-10-31 06:42:45.672');


--
-- Data for Name: purchase_orders; Type: TABLE DATA; Schema: public; Owner: postgres
--

INSERT INTO public.purchase_orders VALUES ('d505d120-1554-4e84-aa6e-2d13d1528383', 'PO-MAIN-001-1761870520977-0', 'e6d01518-1d8d-4a56-98af-2a5e38ae725d', '96143ebf-24e9-43b6-900b-7cda5f9d0f64', 'c54500dd-f55d-4fcd-aa25-28570335499c', '2025-10-18 00:28:40.977', '2025-10-30 00:28:40.977', '2025-10-29 00:28:40.977', 34200.00, 6156.00, 40356.00, 40356.00, 'COMPLETED', 'INV-PO-MAIN-001-1761870520977-0', '2025-10-29 00:28:40.977', 'Purchase order for Main Branch', 'd90ff1ab-163c-41b5-ab0f-5eba96adb3e1', '2025-10-31 00:28:40.985', '2025-10-31 00:28:40.985');
INSERT INTO public.purchase_orders VALUES ('daf991f7-abcb-4fc1-8a1f-7127cf3738c4', 'PO-MAIN-001-1761870521011-1', '300ba079-3fab-47b8-b66e-a2eeb9103a40', '96143ebf-24e9-43b6-900b-7cda5f9d0f64', 'c54500dd-f55d-4fcd-aa25-28570335499c', '2025-10-06 00:28:41.011', '2025-10-19 00:28:41.011', '2025-10-12 00:28:41.011', 8600.00, 1548.00, 10148.00, 10148.00, 'RECEIVED', 'INV-PO-MAIN-001-1761870521011-1', '2025-10-12 00:28:41.011', 'Purchase order for Main Branch', 'd90ff1ab-163c-41b5-ab0f-5eba96adb3e1', '2025-10-31 00:28:41.014', '2025-10-31 00:28:41.014');
INSERT INTO public.purchase_orders VALUES ('c9803ec4-56ce-492c-92df-571e6fc725c8', 'PO-MAIN-001-1761870521025-2', 'e6d01518-1d8d-4a56-98af-2a5e38ae725d', '96143ebf-24e9-43b6-900b-7cda5f9d0f64', 'c54500dd-f55d-4fcd-aa25-28570335499c', '2025-10-20 00:28:41.025', '2025-10-30 00:28:41.025', '2025-10-27 00:28:41.025', 46000.00, 8280.00, 54280.00, 54280.00, 'RECEIVED', 'INV-PO-MAIN-001-1761870521025-2', '2025-10-27 00:28:41.025', 'Purchase order for Main Branch', 'd90ff1ab-163c-41b5-ab0f-5eba96adb3e1', '2025-10-31 00:28:41.027', '2025-10-31 00:28:41.027');
INSERT INTO public.purchase_orders VALUES ('4d34bd57-2e4c-4b24-97e1-80dcda602cb0', 'PO-DOWN-001-1761870521045-0', '300ba079-3fab-47b8-b66e-a2eeb9103a40', 'c5ea27d8-a13d-4c9a-81c1-7fcc2a953ae1', 'c54500dd-f55d-4fcd-aa25-28570335499c', '2025-10-23 00:28:41.045', '2025-10-31 00:28:41.045', '2025-10-30 00:28:41.045', 11050.00, 1989.00, 13039.00, 13039.00, 'COMPLETED', 'INV-PO-DOWN-001-1761870521045-0', '2025-10-30 00:28:41.045', 'Purchase order for Downtown Branch', 'd90ff1ab-163c-41b5-ab0f-5eba96adb3e1', '2025-10-31 00:28:41.048', '2025-10-31 00:28:41.048');
INSERT INTO public.purchase_orders VALUES ('b340f27e-3aa2-4eca-a8e9-462a11f4c9cd', 'PO-DOWN-001-1761870521055-1', 'adfbb6b0-07de-4bb6-876c-d89c73f9642a', 'c5ea27d8-a13d-4c9a-81c1-7fcc2a953ae1', 'c54500dd-f55d-4fcd-aa25-28570335499c', '2025-10-21 00:28:41.055', '2025-10-30 00:28:41.055', '2025-11-04 00:28:41.055', 2530.00, 455.40, 2985.40, 2985.40, 'COMPLETED', 'INV-PO-DOWN-001-1761870521055-1', '2025-11-04 00:28:41.055', 'Purchase order for Downtown Branch', 'd90ff1ab-163c-41b5-ab0f-5eba96adb3e1', '2025-10-31 00:28:41.06', '2025-10-31 00:28:41.06');
INSERT INTO public.purchase_orders VALUES ('d8c3c0b8-7069-436b-bcb1-eed422cb7111', 'PO-DOWN-001-1761870521067-2', 'adfbb6b0-07de-4bb6-876c-d89c73f9642a', 'c5ea27d8-a13d-4c9a-81c1-7fcc2a953ae1', 'c54500dd-f55d-4fcd-aa25-28570335499c', '2025-10-13 00:28:41.067', '2025-10-27 00:28:41.067', '2025-10-21 00:28:41.067', 14840.00, 2671.20, 17511.20, 17511.20, 'COMPLETED', 'INV-PO-DOWN-001-1761870521067-2', '2025-10-21 00:28:41.067', 'Purchase order for Downtown Branch', 'd90ff1ab-163c-41b5-ab0f-5eba96adb3e1', '2025-10-31 00:28:41.069', '2025-10-31 00:28:41.069');
INSERT INTO public.purchase_orders VALUES ('b924631c-15dd-407d-b335-27ea889488df', 'PO-TPT-1761870521087-0', '0c692eca-3036-4bf6-98cf-278d2c8721cc', 'fd9b3568-c312-41d1-b44e-e70437adc666', 'c54500dd-f55d-4fcd-aa25-28570335499c', '2025-10-12 00:28:41.087', '2025-10-20 00:28:41.087', '2025-10-17 00:28:41.087', 91850.00, 16533.00, 108383.00, 54191.50, 'RECEIVED', 'INV-PO-TPT-1761870521087-0', '2025-10-17 00:28:41.087', 'Purchase order for TPT Branch', 'd90ff1ab-163c-41b5-ab0f-5eba96adb3e1', '2025-10-31 00:28:41.091', '2025-10-31 00:28:41.091');
INSERT INTO public.purchase_orders VALUES ('e506fcaf-cfac-4f66-aaf1-13f08b890173', 'PO-TPT-1761870521099-1', 'e6d01518-1d8d-4a56-98af-2a5e38ae725d', 'fd9b3568-c312-41d1-b44e-e70437adc666', 'c54500dd-f55d-4fcd-aa25-28570335499c', '2025-10-15 00:28:41.099', '2025-10-27 00:28:41.099', NULL, 36750.00, 6615.00, 43365.00, 0.00, 'PENDING', NULL, NULL, 'Purchase order for TPT Branch', 'd90ff1ab-163c-41b5-ab0f-5eba96adb3e1', '2025-10-31 00:28:41.102', '2025-10-31 00:28:41.102');
INSERT INTO public.purchase_orders VALUES ('327decb9-87ce-4892-9f99-5942ffda7445', 'PO-VPM-1761870521118-0', 'e6617fef-58e2-4874-a68d-86c1f620dc97', 'c1a9dfc9-354a-4e71-bde1-5a1ade259bdd', 'c54500dd-f55d-4fcd-aa25-28570335499c', '2025-10-15 00:28:41.118', '2025-10-25 00:28:41.118', NULL, 218520.00, 39333.60, 257853.60, 0.00, 'PENDING', NULL, NULL, 'Purchase order for Deen Mobiles Villupuram', 'd90ff1ab-163c-41b5-ab0f-5eba96adb3e1', '2025-10-31 00:28:41.121', '2025-10-31 00:28:41.121');
INSERT INTO public.purchase_orders VALUES ('3571d907-5aec-4ecd-b1f4-d609c787a149', 'PO-VPM-1761870521129-1', '7efa7fae-5afc-4ca9-bf1d-2e5792892431', 'c1a9dfc9-354a-4e71-bde1-5a1ade259bdd', 'c54500dd-f55d-4fcd-aa25-28570335499c', '2025-10-18 00:28:41.129', '2025-10-27 00:28:41.129', NULL, 20000.00, 3600.00, 23600.00, 0.00, 'PENDING', NULL, NULL, 'Purchase order for Deen Mobiles Villupuram', 'd90ff1ab-163c-41b5-ab0f-5eba96adb3e1', '2025-10-31 00:28:41.131', '2025-10-31 00:28:41.131');
INSERT INTO public.purchase_orders VALUES ('7e335ee3-75f6-491f-955d-d5ecc2764f3a', 'PO-VPM-1761870521140-2', '99562c24-7cdd-42bf-b8fc-8c6cc5a488af', 'c1a9dfc9-354a-4e71-bde1-5a1ade259bdd', 'c54500dd-f55d-4fcd-aa25-28570335499c', '2025-10-10 00:28:41.14', '2025-10-19 00:28:41.14', '2025-10-21 00:28:41.14', 24600.00, 4428.00, 29028.00, 29028.00, 'COMPLETED', 'INV-PO-VPM-1761870521140-2', '2025-10-21 00:28:41.14', 'Purchase order for Deen Mobiles Villupuram', 'd90ff1ab-163c-41b5-ab0f-5eba96adb3e1', '2025-10-31 00:28:41.143', '2025-10-31 00:28:41.143');
INSERT INTO public.purchase_orders VALUES ('37c911bc-ba1c-4bdb-9bb0-29cb2d50c614', 'PO-TKV-1761870521160-0', 'f26455d0-690b-44a9-a08d-0e376f0395ac', '85b64dfa-0872-4942-83c3-489358ba6264', 'c54500dd-f55d-4fcd-aa25-28570335499c', '2025-10-22 00:28:41.16', '2025-11-01 00:28:41.16', '2025-11-04 00:28:41.16', 221280.00, 39830.40, 261110.40, 261110.40, 'COMPLETED', 'INV-PO-TKV-1761870521160-0', '2025-11-04 00:28:41.16', 'Purchase order for Deen Mobiles Tirukovilure', 'd90ff1ab-163c-41b5-ab0f-5eba96adb3e1', '2025-10-31 00:28:41.163', '2025-10-31 00:28:41.163');
INSERT INTO public.purchase_orders VALUES ('b74fe114-5667-4ee2-97c3-b865ba4c7b51', 'PO-TKV-1761870521174-1', 'babb7929-b663-461f-91c6-f286bbbf56df', '85b64dfa-0872-4942-83c3-489358ba6264', 'c54500dd-f55d-4fcd-aa25-28570335499c', '2025-10-16 00:28:41.174', '2025-10-30 00:28:41.174', NULL, 25450.00, 4581.00, 30031.00, 0.00, 'PENDING', NULL, NULL, 'Purchase order for Deen Mobiles Tirukovilure', 'd90ff1ab-163c-41b5-ab0f-5eba96adb3e1', '2025-10-31 00:28:41.177', '2025-10-31 00:28:41.177');
INSERT INTO public.purchase_orders VALUES ('85ee1c54-2c63-4176-9b49-87d9a424fc2d', 'PO-TKV-1761870521189-2', 'adfbb6b0-07de-4bb6-876c-d89c73f9642a', '85b64dfa-0872-4942-83c3-489358ba6264', 'c54500dd-f55d-4fcd-aa25-28570335499c', '2025-10-20 00:28:41.189', '2025-10-28 00:28:41.189', '2025-10-25 00:28:41.189', 137500.00, 24750.00, 162250.00, 162250.00, 'COMPLETED', 'INV-PO-TKV-1761870521189-2', '2025-10-25 00:28:41.189', 'Purchase order for Deen Mobiles Tirukovilure', 'd90ff1ab-163c-41b5-ab0f-5eba96adb3e1', '2025-10-31 00:28:41.192', '2025-10-31 00:28:41.192');
INSERT INTO public.purchase_orders VALUES ('6518495c-3e34-41fb-904e-16b2d59dd776', 'PO-GNG-1761870521210-0', 'f26455d0-690b-44a9-a08d-0e376f0395ac', 'c3f2e56e-3e75-4721-be53-de1e8ef799d8', 'c54500dd-f55d-4fcd-aa25-28570335499c', '2025-10-04 00:28:41.21', '2025-10-15 00:28:41.21', '2025-10-17 00:28:41.21', 16820.00, 3027.60, 19847.60, 19847.60, 'COMPLETED', 'INV-PO-GNG-1761870521210-0', '2025-10-17 00:28:41.21', 'Purchase order for Deen Mobiles Gingee', 'd90ff1ab-163c-41b5-ab0f-5eba96adb3e1', '2025-10-31 00:28:41.212', '2025-10-31 00:28:41.212');
INSERT INTO public.purchase_orders VALUES ('c3c639fb-de37-4024-beb9-ae675bbb0e8f', 'PO-GNG-1761870521218-1', 'e6d01518-1d8d-4a56-98af-2a5e38ae725d', 'c3f2e56e-3e75-4721-be53-de1e8ef799d8', 'c54500dd-f55d-4fcd-aa25-28570335499c', '2025-10-06 00:28:41.218', '2025-10-13 00:28:41.218', '2025-10-19 00:28:41.218', 23480.00, 4226.40, 27706.40, 13853.20, 'RECEIVED', 'INV-PO-GNG-1761870521218-1', '2025-10-19 00:28:41.218', 'Purchase order for Deen Mobiles Gingee', 'd90ff1ab-163c-41b5-ab0f-5eba96adb3e1', '2025-10-31 00:28:41.221', '2025-10-31 00:28:41.221');
INSERT INTO public.purchase_orders VALUES ('acd23e5f-0d90-4afd-99ad-cc4994abd45b', 'PO-GNG-1761870521229-2', '99562c24-7cdd-42bf-b8fc-8c6cc5a488af', 'c3f2e56e-3e75-4721-be53-de1e8ef799d8', 'c54500dd-f55d-4fcd-aa25-28570335499c', '2025-10-27 00:28:41.229', '2025-11-07 00:28:41.229', '2025-11-06 00:28:41.229', 227450.00, 40941.00, 268391.00, 268391.00, 'COMPLETED', 'INV-PO-GNG-1761870521229-2', '2025-11-06 00:28:41.229', 'Purchase order for Deen Mobiles Gingee', 'd90ff1ab-163c-41b5-ab0f-5eba96adb3e1', '2025-10-31 00:28:41.231', '2025-10-31 00:28:41.231');
INSERT INTO public.purchase_orders VALUES ('482521d9-662d-4d1c-b2ac-411c694903e6', 'PO-TND-1761870521248-0', 'babb7929-b663-461f-91c6-f286bbbf56df', '291b0188-2f77-4b8c-8127-22de295e6290', 'c54500dd-f55d-4fcd-aa25-28570335499c', '2025-10-08 00:28:41.248', '2025-10-15 00:28:41.248', '2025-10-21 00:28:41.248', 122280.00, 22010.40, 144290.40, 144290.40, 'COMPLETED', 'INV-PO-TND-1761870521248-0', '2025-10-21 00:28:41.248', 'Purchase order for Deen Mobiles Tindivanam', 'd90ff1ab-163c-41b5-ab0f-5eba96adb3e1', '2025-10-31 00:28:41.25', '2025-10-31 00:28:41.25');
INSERT INTO public.purchase_orders VALUES ('1ada06a1-0876-4447-a895-55a78538e168', 'PO-TND-1761870521258-1', '300ba079-3fab-47b8-b66e-a2eeb9103a40', '291b0188-2f77-4b8c-8127-22de295e6290', 'c54500dd-f55d-4fcd-aa25-28570335499c', '2025-10-19 00:28:41.258', '2025-11-02 00:28:41.258', '2025-10-31 00:28:41.258', 213360.00, 38404.80, 251764.80, 251764.80, 'RECEIVED', 'INV-PO-TND-1761870521258-1', '2025-10-31 00:28:41.258', 'Purchase order for Deen Mobiles Tindivanam', 'd90ff1ab-163c-41b5-ab0f-5eba96adb3e1', '2025-10-31 00:28:41.261', '2025-10-31 00:28:41.261');
INSERT INTO public.purchase_orders VALUES ('bd95fc52-4ea6-49cf-9746-939553378f15', 'PO-TND-1761870521270-2', '99562c24-7cdd-42bf-b8fc-8c6cc5a488af', '291b0188-2f77-4b8c-8127-22de295e6290', 'c54500dd-f55d-4fcd-aa25-28570335499c', '2025-10-29 00:28:41.27', '2025-11-09 00:28:41.27', '2025-11-03 00:28:41.27', 72480.00, 13046.40, 85526.40, 42763.20, 'RECEIVED', 'INV-PO-TND-1761870521270-2', '2025-11-03 00:28:41.27', 'Purchase order for Deen Mobiles Tindivanam', 'd90ff1ab-163c-41b5-ab0f-5eba96adb3e1', '2025-10-31 00:28:41.273', '2025-10-31 00:28:41.273');


--
-- Data for Name: purchase_order_items; Type: TABLE DATA; Schema: public; Owner: postgres
--

INSERT INTO public.purchase_order_items VALUES ('62ddb35b-1938-4b44-95f3-25bfdb55cbc9', 'd505d120-1554-4e84-aa6e-2d13d1528383', '236b30eb-7734-4d8c-99ed-9ff31bdf3a4f', NULL, 7.00, 3500.00, 5500.00, 18.00, 4410.00, 28910.00, 7.00, 0.00, '2025-10-31 00:28:40.985');
INSERT INTO public.purchase_order_items VALUES ('62a5f9b3-cc38-469c-9e5b-230777a00174', 'd505d120-1554-4e84-aa6e-2d13d1528383', '24dd9e6d-c865-4a88-9d7e-0ccc39f3be14', NULL, 10.00, 250.00, 500.00, 18.00, 450.00, 2950.00, 10.00, 0.00, '2025-10-31 00:28:40.985');
INSERT INTO public.purchase_order_items VALUES ('855d6fa4-08b8-4906-aa5e-33c09de3558b', 'd505d120-1554-4e84-aa6e-2d13d1528383', '104eda33-f861-4c80-ab34-5b9e770d4740', NULL, 6.00, 1200.00, 2200.00, 18.00, 1296.00, 8496.00, 6.00, 0.00, '2025-10-31 00:28:40.985');
INSERT INTO public.purchase_order_items VALUES ('a10c1ce0-49ed-4212-96ad-91aa492f6022', 'daf991f7-abcb-4fc1-8a1f-7127cf3738c4', '1138f2d6-68ac-452a-9e9a-6ebad721c4ef', NULL, 11.00, 600.00, 1200.00, 18.00, 1188.00, 7788.00, 11.00, 0.00, '2025-10-31 00:28:41.014');
INSERT INTO public.purchase_order_items VALUES ('18658542-3f80-40ea-8344-e7eff7644aa5', 'daf991f7-abcb-4fc1-8a1f-7127cf3738c4', '24dd9e6d-c865-4a88-9d7e-0ccc39f3be14', NULL, 8.00, 250.00, 500.00, 18.00, 360.00, 2360.00, 8.00, 0.00, '2025-10-31 00:28:41.014');
INSERT INTO public.purchase_order_items VALUES ('f6b038c0-a81e-4bed-ab91-a969ad07614b', 'c9803ec4-56ce-492c-92df-571e6fc725c8', '1138f2d6-68ac-452a-9e9a-6ebad721c4ef', NULL, 10.00, 600.00, 1200.00, 18.00, 1080.00, 7080.00, 10.00, 0.00, '2025-10-31 00:28:41.027');
INSERT INTO public.purchase_order_items VALUES ('652ba013-1cac-4b8d-822b-147c718e101c', 'c9803ec4-56ce-492c-92df-571e6fc725c8', '3fa77896-2870-4141-8f1f-5d03dbfea77f', NULL, 5.00, 8000.00, 12000.00, 18.00, 7200.00, 47200.00, 5.00, 0.00, '2025-10-31 00:28:41.027');
INSERT INTO public.purchase_order_items VALUES ('7a350be7-137a-4574-a9a4-abeea7621570', '4d34bd57-2e4c-4b24-97e1-80dcda602cb0', '089058f5-d32e-4a15-9345-ae89d3fe1494', NULL, 13.00, 600.00, 1200.00, 18.00, 1404.00, 9204.00, 13.00, 0.00, '2025-10-31 00:28:41.048');
INSERT INTO public.purchase_order_items VALUES ('7a0de475-0195-460d-bdfc-da8f138058b3', '4d34bd57-2e4c-4b24-97e1-80dcda602cb0', '18b2f498-cbcc-49ee-889b-8d2cb016c0fc', NULL, 13.00, 250.00, 600.00, 18.00, 585.00, 3835.00, 13.00, 0.00, '2025-10-31 00:28:41.048');
INSERT INTO public.purchase_order_items VALUES ('439d3f99-6bbf-4a48-8f43-e23f0e08a6ec', 'b340f27e-3aa2-4eca-a8e9-462a11f4c9cd', '27db8248-0e78-4f8f-beb6-e657f6e1a5b8', NULL, 11.00, 150.00, 350.00, 18.00, 297.00, 1947.00, 11.00, 0.00, '2025-10-31 00:28:41.06');
INSERT INTO public.purchase_order_items VALUES ('00e33fc1-8bcc-460d-84e7-df3655eb7c22', 'b340f27e-3aa2-4eca-a8e9-462a11f4c9cd', '3801cf52-40ee-41a5-b6a7-4615a12eb1b7', NULL, 11.00, 80.00, 250.00, 18.00, 158.40, 1038.40, 11.00, 0.00, '2025-10-31 00:28:41.06');
INSERT INTO public.purchase_order_items VALUES ('5f026b21-1b17-4dee-a443-6619bb9eea53', 'd8c3c0b8-7069-436b-bcb1-eed422cb7111', '43ca583e-8dd5-4265-94ae-1a6e9d98e63a', NULL, 6.00, 2000.00, 3500.00, 18.00, 2160.00, 14160.00, 6.00, 0.00, '2025-10-31 00:28:41.069');
INSERT INTO public.purchase_order_items VALUES ('e734a6e7-f759-484c-bbb8-26595156975c', 'd8c3c0b8-7069-436b-bcb1-eed422cb7111', '3801cf52-40ee-41a5-b6a7-4615a12eb1b7', NULL, 8.00, 80.00, 250.00, 18.00, 115.20, 755.20, 8.00, 0.00, '2025-10-31 00:28:41.069');
INSERT INTO public.purchase_order_items VALUES ('a295d643-c2c0-41c1-83c8-bfbfffc06eba', 'd8c3c0b8-7069-436b-bcb1-eed422cb7111', '5cba28ab-62d2-4ee0-9dec-c188c92d1c36', NULL, 11.00, 200.00, 500.00, 18.00, 396.00, 2596.00, 11.00, 0.00, '2025-10-31 00:28:41.069');
INSERT INTO public.purchase_order_items VALUES ('f571519e-fb85-44c9-885b-ea749e9a75ac', 'b924631c-15dd-407d-b335-27ea889488df', '0f3dd38f-249f-40ab-940f-9847191484f4', NULL, 5.00, 250.00, 500.00, 18.00, 225.00, 1475.00, 5.00, 0.00, '2025-10-31 00:28:41.091');
INSERT INTO public.purchase_order_items VALUES ('881f34cd-9664-45d1-8903-0681b555778c', 'b924631c-15dd-407d-b335-27ea889488df', '4a5ad105-8a9e-45d4-977e-ca036a8e7c5a', NULL, 5.00, 15000.00, 21000.00, 18.00, 13500.00, 88500.00, 5.00, 0.00, '2025-10-31 00:28:41.091');
INSERT INTO public.purchase_order_items VALUES ('225d2812-0a78-4049-afa2-3884f74ab5a4', 'b924631c-15dd-407d-b335-27ea889488df', '429bcc0e-e53d-4c42-839f-9ae611e045cd', NULL, 7.00, 1500.00, 2800.00, 18.00, 1890.00, 12390.00, 7.00, 0.00, '2025-10-31 00:28:41.091');
INSERT INTO public.purchase_order_items VALUES ('857a4d8e-8af6-4d15-8e6b-9496705e3ee6', 'b924631c-15dd-407d-b335-27ea889488df', '334a9b09-6c07-4376-aa80-c7e9b084bb93', NULL, 7.00, 150.00, 350.00, 18.00, 189.00, 1239.00, 7.00, 0.00, '2025-10-31 00:28:41.091');
INSERT INTO public.purchase_order_items VALUES ('00a4e2fd-0527-44bf-90e9-78d56fd80a61', 'b924631c-15dd-407d-b335-27ea889488df', '12b57616-679d-466d-ac84-b05850858f1c', NULL, 9.00, 450.00, 800.00, 18.00, 729.00, 4779.00, 9.00, 0.00, '2025-10-31 00:28:41.091');
INSERT INTO public.purchase_order_items VALUES ('e8f51d50-3eeb-4258-9b4f-93eb87c6a6f9', 'e506fcaf-cfac-4f66-aaf1-13f08b890173', '0f3dd38f-249f-40ab-940f-9847191484f4', NULL, 11.00, 250.00, 500.00, 18.00, 495.00, 3245.00, 0.00, 0.00, '2025-10-31 00:28:41.102');
INSERT INTO public.purchase_order_items VALUES ('afdab86b-4704-4d0e-be57-42198ee55865', 'e506fcaf-cfac-4f66-aaf1-13f08b890173', '429bcc0e-e53d-4c42-839f-9ae611e045cd', NULL, 11.00, 1500.00, 2800.00, 18.00, 2970.00, 19470.00, 0.00, 0.00, '2025-10-31 00:28:41.102');
INSERT INTO public.purchase_order_items VALUES ('9333de4c-30e2-4414-8757-fef33e7ec34f', 'e506fcaf-cfac-4f66-aaf1-13f08b890173', '320024a2-0f5b-4d91-a7b1-40f83771b6c0', NULL, 5.00, 3500.00, 5500.00, 18.00, 3150.00, 20650.00, 0.00, 0.00, '2025-10-31 00:28:41.102');
INSERT INTO public.purchase_order_items VALUES ('ea9c84c1-8006-4c32-a955-9ac944116ef3', '327decb9-87ce-4892-9f99-5942ffda7445', '3aed161b-5b69-48a8-9af0-7facf9167a24', NULL, 7.00, 120.00, 300.00, 18.00, 151.20, 991.20, 0.00, 0.00, '2025-10-31 00:28:41.121');
INSERT INTO public.purchase_order_items VALUES ('a6095b40-0ce4-4f7f-9b07-0c05f317b8a6', '327decb9-87ce-4892-9f99-5942ffda7445', '4f4ca5c3-dc0e-4893-98a3-dc9cb1c37995', NULL, 8.00, 80.00, 250.00, 18.00, 115.20, 755.20, 0.00, 0.00, '2025-10-31 00:28:41.121');
INSERT INTO public.purchase_order_items VALUES ('466a2710-dcf1-4cca-ba51-1799d70ae9dd', '327decb9-87ce-4892-9f99-5942ffda7445', '7158f154-1125-46de-97d3-0637bbc86c3a', NULL, 12.00, 18000.00, 25000.00, 18.00, 38880.00, 254880.00, 0.00, 0.00, '2025-10-31 00:28:41.121');
INSERT INTO public.purchase_order_items VALUES ('afa11fdb-1c2d-4826-9fd2-fdd40071ebd2', '327decb9-87ce-4892-9f99-5942ffda7445', '1073a317-2e30-4903-a5e3-afefaabc4688', NULL, 13.00, 80.00, 200.00, 18.00, 187.20, 1227.20, 0.00, 0.00, '2025-10-31 00:28:41.121');
INSERT INTO public.purchase_order_items VALUES ('4cab8662-ea01-422e-962b-609a56d9b067', '3571d907-5aec-4ecd-b1f4-d609c787a149', '1073a317-2e30-4903-a5e3-afefaabc4688', NULL, 14.00, 80.00, 200.00, 18.00, 201.60, 1321.60, 0.00, 0.00, '2025-10-31 00:28:41.131');
INSERT INTO public.purchase_order_items VALUES ('55b6582a-7881-4cf1-9ded-fac6ffc33138', '3571d907-5aec-4ecd-b1f4-d609c787a149', '5995de7a-9e4e-4060-b67c-83f5bcab02c2', NULL, 9.00, 2000.00, 3500.00, 18.00, 3240.00, 21240.00, 0.00, 0.00, '2025-10-31 00:28:41.131');
INSERT INTO public.purchase_order_items VALUES ('4fa6080d-0c1d-4308-a27a-2d34a6649893', '3571d907-5aec-4ecd-b1f4-d609c787a149', '4f4ca5c3-dc0e-4893-98a3-dc9cb1c37995', NULL, 11.00, 80.00, 250.00, 18.00, 158.40, 1038.40, 0.00, 0.00, '2025-10-31 00:28:41.131');
INSERT INTO public.purchase_order_items VALUES ('446e3fc6-bf04-47bd-87e4-38b3e6967df8', '7e335ee3-75f6-491f-955d-d5ecc2764f3a', '5995de7a-9e4e-4060-b67c-83f5bcab02c2', NULL, 6.00, 2000.00, 3500.00, 18.00, 2160.00, 14160.00, 6.00, 0.00, '2025-10-31 00:28:41.143');
INSERT INTO public.purchase_order_items VALUES ('83b39153-6f4f-42e4-8377-71be18b92954', '7e335ee3-75f6-491f-955d-d5ecc2764f3a', '1c73b9a6-1f63-407f-8c63-5a9d212e88b2', NULL, 5.00, 1800.00, 3200.00, 18.00, 1620.00, 10620.00, 5.00, 0.00, '2025-10-31 00:28:41.143');
INSERT INTO public.purchase_order_items VALUES ('b5fa78f5-3a93-4e8b-bd95-c8ace13ae841', '7e335ee3-75f6-491f-955d-d5ecc2764f3a', '2f4ae5b9-0fcf-49b6-b774-ba4178c79319', NULL, 7.00, 50.00, 150.00, 18.00, 63.00, 413.00, 7.00, 0.00, '2025-10-31 00:28:41.143');
INSERT INTO public.purchase_order_items VALUES ('028dd873-3c82-451a-8972-826729f9728b', '7e335ee3-75f6-491f-955d-d5ecc2764f3a', '3227c999-2767-4bb9-8134-edb303996276', NULL, 13.00, 250.00, 500.00, 18.00, 585.00, 3835.00, 13.00, 0.00, '2025-10-31 00:28:41.143');
INSERT INTO public.purchase_order_items VALUES ('412a0a3f-7c7c-4297-8ab0-0eea66827e6e', '37c911bc-ba1c-4bdb-9bb0-29cb2d50c614', '2c4c3bf7-708d-478e-aa57-275e5198e6eb', NULL, 12.00, 80.00, 250.00, 18.00, 172.80, 1132.80, 12.00, 0.00, '2025-10-31 00:28:41.163');
INSERT INTO public.purchase_order_items VALUES ('4a48565d-dd3f-4b66-a8ed-c82da55f6ef3', '37c911bc-ba1c-4bdb-9bb0-29cb2d50c614', '340b50ac-fdc3-4552-9324-0fec3aea046d', NULL, 8.00, 150.00, 350.00, 18.00, 216.00, 1416.00, 8.00, 0.00, '2025-10-31 00:28:41.163');
INSERT INTO public.purchase_order_items VALUES ('6cbc4ede-d858-4413-bbae-6b8340e213b3', '37c911bc-ba1c-4bdb-9bb0-29cb2d50c614', '0e4b6001-0aeb-4cea-9814-bb80d9595f3e', NULL, 8.00, 250.00, 600.00, 18.00, 360.00, 2360.00, 8.00, 0.00, '2025-10-31 00:28:41.163');
INSERT INTO public.purchase_order_items VALUES ('838748b2-d2fd-4313-be48-879f0ae06211', '37c911bc-ba1c-4bdb-9bb0-29cb2d50c614', '006b4389-90be-4306-8d02-a544a8968b24', NULL, 12.00, 18000.00, 25000.00, 18.00, 38880.00, 254880.00, 12.00, 0.00, '2025-10-31 00:28:41.163');
INSERT INTO public.purchase_order_items VALUES ('b2d457c8-4e51-4892-84ac-226e8636cb91', '37c911bc-ba1c-4bdb-9bb0-29cb2d50c614', '27c5d51d-bab6-4848-8e8c-901861eff5b8', NULL, 14.00, 80.00, 250.00, 18.00, 201.60, 1321.60, 14.00, 0.00, '2025-10-31 00:28:41.163');
INSERT INTO public.purchase_order_items VALUES ('c5d099c1-3208-4855-b583-741cfc92a34f', 'b74fe114-5667-4ee2-97c3-b865ba4c7b51', '1253ccbd-f983-4985-9c24-f1bb24684bde', NULL, 5.00, 1500.00, 2800.00, 18.00, 1350.00, 8850.00, 0.00, 0.00, '2025-10-31 00:28:41.177');
INSERT INTO public.purchase_order_items VALUES ('97517442-bdaf-4a5f-8a8a-61f1a39bdf8a', 'b74fe114-5667-4ee2-97c3-b865ba4c7b51', '07ec69ba-69f3-4412-8c9c-d917e7d3b869', NULL, 9.00, 1800.00, 3200.00, 18.00, 2916.00, 19116.00, 0.00, 0.00, '2025-10-31 00:28:41.177');
INSERT INTO public.purchase_order_items VALUES ('31e96cf6-d1f2-4744-94f4-95402fc29890', 'b74fe114-5667-4ee2-97c3-b865ba4c7b51', '27c5d51d-bab6-4848-8e8c-901861eff5b8', NULL, 5.00, 80.00, 250.00, 18.00, 72.00, 472.00, 0.00, 0.00, '2025-10-31 00:28:41.177');
INSERT INTO public.purchase_order_items VALUES ('1598f1ab-0dd5-440d-9336-5d6fb6874a73', 'b74fe114-5667-4ee2-97c3-b865ba4c7b51', '19cad12f-5cba-492d-8253-8789270c8c9c', NULL, 9.00, 150.00, 400.00, 18.00, 243.00, 1593.00, 0.00, 0.00, '2025-10-31 00:28:41.177');
INSERT INTO public.purchase_order_items VALUES ('706c1a29-6b93-4e9b-a8ff-def0fd3e73ed', '85ee1c54-2c63-4176-9b49-87d9a424fc2d', '07ec69ba-69f3-4412-8c9c-d917e7d3b869', NULL, 13.00, 1800.00, 3200.00, 18.00, 4212.00, 27612.00, 13.00, 0.00, '2025-10-31 00:28:41.192');
INSERT INTO public.purchase_order_items VALUES ('5bf80861-dd59-4b52-bac7-235a2b4c286d', '85ee1c54-2c63-4176-9b49-87d9a424fc2d', '340b50ac-fdc3-4552-9324-0fec3aea046d', NULL, 9.00, 150.00, 350.00, 18.00, 243.00, 1593.00, 9.00, 0.00, '2025-10-31 00:28:41.192');
INSERT INTO public.purchase_order_items VALUES ('aef09bf4-023f-49b7-b1d8-6912dfea656c', '85ee1c54-2c63-4176-9b49-87d9a424fc2d', '0e4b6001-0aeb-4cea-9814-bb80d9595f3e', NULL, 7.00, 250.00, 600.00, 18.00, 315.00, 2065.00, 7.00, 0.00, '2025-10-31 00:28:41.192');
INSERT INTO public.purchase_order_items VALUES ('d212cc4f-f3fc-49f7-941f-2efea3217136', '85ee1c54-2c63-4176-9b49-87d9a424fc2d', '1253ccbd-f983-4985-9c24-f1bb24684bde', NULL, 14.00, 1500.00, 2800.00, 18.00, 3780.00, 24780.00, 14.00, 0.00, '2025-10-31 00:28:41.192');
INSERT INTO public.purchase_order_items VALUES ('a0c60520-7e57-4c3b-9602-937d8a3713bf', '85ee1c54-2c63-4176-9b49-87d9a424fc2d', '006b4389-90be-4306-8d02-a544a8968b24', NULL, 5.00, 18000.00, 25000.00, 18.00, 16200.00, 106200.00, 5.00, 0.00, '2025-10-31 00:28:41.192');
INSERT INTO public.purchase_order_items VALUES ('286f37c4-3afe-453a-81f1-f716df4c2278', '6518495c-3e34-41fb-904e-16b2d59dd776', '37517a1f-ad83-4336-b9ec-0876857e2bf3', NULL, 8.00, 1500.00, 2800.00, 18.00, 2160.00, 14160.00, 8.00, 0.00, '2025-10-31 00:28:41.212');
INSERT INTO public.purchase_order_items VALUES ('4714b4c4-ff5a-4c20-a6bb-54a5a5675f8a', '6518495c-3e34-41fb-904e-16b2d59dd776', '4a0ce766-a6fa-40c9-b043-ac8d6752824b', NULL, 14.00, 250.00, 500.00, 18.00, 630.00, 4130.00, 14.00, 0.00, '2025-10-31 00:28:41.212');
INSERT INTO public.purchase_order_items VALUES ('6476b4c1-6da3-4aa0-bed0-14bd8b3936a0', '6518495c-3e34-41fb-904e-16b2d59dd776', '2929b033-a7a6-439e-9de1-810f42f192f5', NULL, 10.00, 80.00, 250.00, 18.00, 144.00, 944.00, 10.00, 0.00, '2025-10-31 00:28:41.212');
INSERT INTO public.purchase_order_items VALUES ('25bae898-948f-448d-bdfe-7767ca25dd11', '6518495c-3e34-41fb-904e-16b2d59dd776', '05edb08c-1dda-42d4-8aea-6d5cb441c0b8', NULL, 13.00, 40.00, 150.00, 18.00, 93.60, 613.60, 13.00, 0.00, '2025-10-31 00:28:41.212');
INSERT INTO public.purchase_order_items VALUES ('b156dfab-c2cc-4258-a362-5b396aad5740', 'c3c639fb-de37-4024-beb9-ae675bbb0e8f', '37517a1f-ad83-4336-b9ec-0876857e2bf3', NULL, 14.00, 1500.00, 2800.00, 18.00, 3780.00, 24780.00, 14.00, 0.00, '2025-10-31 00:28:41.221');
INSERT INTO public.purchase_order_items VALUES ('d2798a76-23fe-45f5-b6ca-a4253b09feab', 'c3c639fb-de37-4024-beb9-ae675bbb0e8f', '2929b033-a7a6-439e-9de1-810f42f192f5', NULL, 6.00, 80.00, 250.00, 18.00, 86.40, 566.40, 6.00, 0.00, '2025-10-31 00:28:41.221');
INSERT INTO public.purchase_order_items VALUES ('a0de14d0-d769-4219-9401-bf9da0037a3f', 'c3c639fb-de37-4024-beb9-ae675bbb0e8f', '4a0ce766-a6fa-40c9-b043-ac8d6752824b', NULL, 8.00, 250.00, 500.00, 18.00, 360.00, 2360.00, 8.00, 0.00, '2025-10-31 00:28:41.221');
INSERT INTO public.purchase_order_items VALUES ('efb012d7-5f7e-4e16-917e-eafe5d1d6b04', 'acd23e5f-0d90-4afd-99ad-cc4994abd45b', '40a1a26f-425d-4bf3-afe9-639813bf28f7', NULL, 14.00, 15000.00, 21000.00, 18.00, 37800.00, 247800.00, 14.00, 0.00, '2025-10-31 00:28:41.231');
INSERT INTO public.purchase_order_items VALUES ('60adeb7d-c6e6-494c-8e74-f77fc249d087', 'acd23e5f-0d90-4afd-99ad-cc4994abd45b', '198ae971-4990-437d-a897-e41cc9ae5ddc', NULL, 7.00, 200.00, 500.00, 18.00, 252.00, 1652.00, 7.00, 0.00, '2025-10-31 00:28:41.231');
INSERT INTO public.purchase_order_items VALUES ('a5ea8f38-31ac-4d77-8870-23986fd415c4', 'acd23e5f-0d90-4afd-99ad-cc4994abd45b', '37517a1f-ad83-4336-b9ec-0876857e2bf3', NULL, 10.00, 1500.00, 2800.00, 18.00, 2700.00, 17700.00, 10.00, 0.00, '2025-10-31 00:28:41.231');
INSERT INTO public.purchase_order_items VALUES ('b6a2f54b-ae01-42ff-bcc2-3f02ab93eb71', 'acd23e5f-0d90-4afd-99ad-cc4994abd45b', '36779ff1-1212-45e0-9b17-e585410fddaa', NULL, 7.00, 150.00, 400.00, 18.00, 189.00, 1239.00, 7.00, 0.00, '2025-10-31 00:28:41.231');
INSERT INTO public.purchase_order_items VALUES ('689ace4a-6137-485d-9c81-b8cc88c1acbc', '482521d9-662d-4d1c-b2ac-411c694903e6', '28632f4f-dcff-41fc-a558-8fa858bfcce1', NULL, 7.00, 40.00, 150.00, 18.00, 50.40, 330.40, 7.00, 0.00, '2025-10-31 00:28:41.25');
INSERT INTO public.purchase_order_items VALUES ('fe993d9c-6017-4ae6-aefb-deaf2b8c60fa', '482521d9-662d-4d1c-b2ac-411c694903e6', '451423c0-7707-4b1f-b1ee-7300d67e6ebd', NULL, 8.00, 12000.00, 17000.00, 18.00, 17280.00, 113280.00, 8.00, 0.00, '2025-10-31 00:28:41.25');
INSERT INTO public.purchase_order_items VALUES ('b9249fc7-932b-4797-80eb-7820e3e1af62', '482521d9-662d-4d1c-b2ac-411c694903e6', '04ac8c97-cc7f-42e5-8c48-e39639d4f0b1', NULL, 13.00, 2000.00, 3500.00, 18.00, 4680.00, 30680.00, 13.00, 0.00, '2025-10-31 00:28:41.25');
INSERT INTO public.purchase_order_items VALUES ('f386b740-213d-4de8-8e21-62e3f0ca4c82', '1ada06a1-0876-4447-a895-55a78538e168', '451423c0-7707-4b1f-b1ee-7300d67e6ebd', NULL, 11.00, 12000.00, 17000.00, 18.00, 23760.00, 155760.00, 11.00, 0.00, '2025-10-31 00:28:41.261');
INSERT INTO public.purchase_order_items VALUES ('73122c09-079a-4899-99b4-5dd077a40c2d', '1ada06a1-0876-4447-a895-55a78538e168', '3be958fb-bf48-4d11-82b3-8d34dc833605', NULL, 8.00, 8000.00, 12000.00, 18.00, 11520.00, 75520.00, 8.00, 0.00, '2025-10-31 00:28:41.261');
INSERT INTO public.purchase_order_items VALUES ('5826f7f4-8bb5-49e6-a339-3d0d84255dea', '1ada06a1-0876-4447-a895-55a78538e168', '135662ef-3513-47f0-a50b-00d4c18510d0', NULL, 14.00, 1200.00, 2200.00, 18.00, 3024.00, 19824.00, 14.00, 0.00, '2025-10-31 00:28:41.261');
INSERT INTO public.purchase_order_items VALUES ('ea5323d1-4769-452e-80d0-058184494bd2', '1ada06a1-0876-4447-a895-55a78538e168', '1eac7dbc-00f1-4b54-80cd-1519a2a242ad', NULL, 7.00, 80.00, 200.00, 18.00, 100.80, 660.80, 7.00, 0.00, '2025-10-31 00:28:41.261');
INSERT INTO public.purchase_order_items VALUES ('007b21e2-4162-4ced-87e8-4b9e09546346', 'bd95fc52-4ea6-49cf-9746-939553378f15', '135662ef-3513-47f0-a50b-00d4c18510d0', NULL, 5.00, 1200.00, 2200.00, 18.00, 1080.00, 7080.00, 5.00, 0.00, '2025-10-31 00:28:41.273');
INSERT INTO public.purchase_order_items VALUES ('74702215-1d82-4d64-81de-2c4d6a2cff59', 'bd95fc52-4ea6-49cf-9746-939553378f15', '1eac7dbc-00f1-4b54-80cd-1519a2a242ad', NULL, 13.00, 80.00, 200.00, 18.00, 187.20, 1227.20, 13.00, 0.00, '2025-10-31 00:28:41.273');
INSERT INTO public.purchase_order_items VALUES ('5ea8849d-9fff-444c-84a5-be4e2088192e', 'bd95fc52-4ea6-49cf-9746-939553378f15', '63199714-d845-4551-9504-7af8bbc5b142', NULL, 12.00, 120.00, 300.00, 18.00, 259.20, 1699.20, 12.00, 0.00, '2025-10-31 00:28:41.273');
INSERT INTO public.purchase_order_items VALUES ('e4b63be7-1782-47c5-a9dc-d61a7aa941a5', 'bd95fc52-4ea6-49cf-9746-939553378f15', '3be958fb-bf48-4d11-82b3-8d34dc833605', NULL, 8.00, 8000.00, 12000.00, 18.00, 11520.00, 75520.00, 8.00, 0.00, '2025-10-31 00:28:41.273');


--
-- Data for Name: purchase_item_returns; Type: TABLE DATA; Schema: public; Owner: postgres
--



--
-- Data for Name: refresh_tokens; Type: TABLE DATA; Schema: public; Owner: postgres
--

INSERT INTO public.refresh_tokens VALUES ('57a755c3-a36b-4e61-9744-fa9b70dc3153', 'eyJhbGciOiJIUzI1NiIsInR5cCI6IkpXVCJ9.eyJ1c2VySWQiOiJkOTBmZjFhYi0xNjNjLTQxYjUtYWIwZi01ZWJhOTZhZGIzZTEiLCJlbWFpbCI6ImFkbWluQGRlZW5tb2JpbGVzLmNvbSIsImlhdCI6MTc2MTg2OTIxMywiZXhwIjoxNzY0NDYxMjEzfQ.J1NmQsk5eeSfg_kqNoIdLfmPwO1IgL1DlneiwLdZGso', 'd90ff1ab-163c-41b5-ab0f-5eba96adb3e1', '2025-11-30 00:06:53.676', '2025-10-31 00:06:53.68');
INSERT INTO public.refresh_tokens VALUES ('e8fd4779-41d4-4358-a2c9-eba5fa5a22e6', 'eyJhbGciOiJIUzI1NiIsInR5cCI6IkpXVCJ9.eyJ1c2VySWQiOiJkOTBmZjFhYi0xNjNjLTQxYjUtYWIwZi01ZWJhOTZhZGIzZTEiLCJlbWFpbCI6ImFkbWluQGRlZW5tb2JpbGVzLmNvbSIsImlhdCI6MTc2MTg2OTIxNCwiZXhwIjoxNzY0NDYxMjE0fQ.EwqDVrerivmiKQCAm-FHQviLnjyQH8irtVooHPF3XBk', 'd90ff1ab-163c-41b5-ab0f-5eba96adb3e1', '2025-11-30 00:06:54.555', '2025-10-31 00:06:54.558');
INSERT INTO public.refresh_tokens VALUES ('c6d00d73-0831-4d81-9a8d-c68ddf5ca53a', 'eyJhbGciOiJIUzI1NiIsInR5cCI6IkpXVCJ9.eyJ1c2VySWQiOiJkOTBmZjFhYi0xNjNjLTQxYjUtYWIwZi01ZWJhOTZhZGIzZTEiLCJlbWFpbCI6ImFkbWluQGRlZW5tb2JpbGVzLmNvbSIsImlhdCI6MTc2MTg2OTIxNiwiZXhwIjoxNzY0NDYxMjE2fQ.0-RXOfZv8omCYasV02leKa1sMKC7o6bra2tWNKUgjMY', 'd90ff1ab-163c-41b5-ab0f-5eba96adb3e1', '2025-11-30 00:06:56.563', '2025-10-31 00:06:56.565');
INSERT INTO public.refresh_tokens VALUES ('f59645ab-c31d-4d7b-b284-d57399a19fe4', 'eyJhbGciOiJIUzI1NiIsInR5cCI6IkpXVCJ9.eyJ1c2VySWQiOiJkOTBmZjFhYi0xNjNjLTQxYjUtYWIwZi01ZWJhOTZhZGIzZTEiLCJlbWFpbCI6ImFkbWluQGRlZW5tb2JpbGVzLmNvbSIsImlhdCI6MTc2MTg2OTIxNywiZXhwIjoxNzY0NDYxMjE3fQ.5QxpWeVy1CyfnGIW3fBZVILorg6EZMYt2lDJxsOMczU', 'd90ff1ab-163c-41b5-ab0f-5eba96adb3e1', '2025-11-30 00:06:57.4', '2025-10-31 00:06:57.403');
INSERT INTO public.refresh_tokens VALUES ('a0196f34-7734-46ab-8d91-57786d656f8b', 'eyJhbGciOiJIUzI1NiIsInR5cCI6IkpXVCJ9.eyJ1c2VySWQiOiI5N2YwZDcwMy03NTFjLTQ3NDctOWEzYi1iMGQ1NmM1YjY4MjUiLCJlbWFpbCI6Im1hbmFnZXIudmlsbHVwdXJhbUBkZWVubW9iaWxlcy5jb20iLCJpYXQiOjE3NjE4NzE1MDEsImV4cCI6MTc2NDQ2MzUwMX0.feyfMcjcXERu7UmKog_rthcMnHv4PGH6cq2H2ZAwLTY', '97f0d703-751c-4747-9a3b-b0d56c5b6825', '2025-11-30 00:45:01.96', '2025-10-31 00:45:01.962');
INSERT INTO public.refresh_tokens VALUES ('c56ca675-aa1c-4969-8d37-327e26e32621', 'eyJhbGciOiJIUzI1NiIsInR5cCI6IkpXVCJ9.eyJ1c2VySWQiOiJkOTBmZjFhYi0xNjNjLTQxYjUtYWIwZi01ZWJhOTZhZGIzZTEiLCJlbWFpbCI6ImFkbWluQGRlZW5tb2JpbGVzLmNvbSIsImlhdCI6MTc2MTg5MjgyNywiZXhwIjoxNzYyNDk3NjI3fQ.rojZF34Q8QvwCq_KhtzXPOLeFQsykrYE_hWVmxmyIrM', 'd90ff1ab-163c-41b5-ab0f-5eba96adb3e1', '2025-11-07 06:40:27.076', '2025-10-31 06:40:27.078');
INSERT INTO public.refresh_tokens VALUES ('49aa23d9-fd8c-4be7-979d-0289f33c25b6', 'eyJhbGciOiJIUzI1NiIsInR5cCI6IkpXVCJ9.eyJ1c2VySWQiOiI5N2YwZDcwMy03NTFjLTQ3NDctOWEzYi1iMGQ1NmM1YjY4MjUiLCJlbWFpbCI6Im1hbmFnZXIudmlsbHVwdXJhbUBkZWVubW9iaWxlcy5jb20iLCJpYXQiOjE3NjE4OTI5NzYsImV4cCI6MTc2NDQ4NDk3Nn0.FBHJs2idfD8rdR9oy2OJdwHoK4iBdOoq9CFhMw2ixw8', '97f0d703-751c-4747-9a3b-b0d56c5b6825', '2025-11-30 06:42:56.64', '2025-10-31 06:42:56.642');
INSERT INTO public.refresh_tokens VALUES ('0853911c-df92-4568-ac2f-3a89a0258ce8', 'eyJhbGciOiJIUzI1NiIsInR5cCI6IkpXVCJ9.eyJ1c2VySWQiOiI5N2YwZDcwMy03NTFjLTQ3NDctOWEzYi1iMGQ1NmM1YjY4MjUiLCJlbWFpbCI6Im1hbmFnZXIudmlsbHVwdXJhbUBkZWVubW9iaWxlcy5jb20iLCJpYXQiOjE3NjIzMzcyMzUsImV4cCI6MTc2NDkyOTIzNX0.ETlx8QshDIphGQoePRogLZt0PJyiVmUNEdbFuaw6CFA', '97f0d703-751c-4747-9a3b-b0d56c5b6825', '2025-12-05 10:07:15.118', '2025-11-05 10:07:15.121');
INSERT INTO public.refresh_tokens VALUES ('e4eb1e37-9478-4e38-bf32-3d7b08b21e42', 'eyJhbGciOiJIUzI1NiIsInR5cCI6IkpXVCJ9.eyJ1c2VySWQiOiI5N2YwZDcwMy03NTFjLTQ3NDctOWEzYi1iMGQ1NmM1YjY4MjUiLCJlbWFpbCI6Im1hbmFnZXIudmlsbHVwdXJhbUBkZWVubW9iaWxlcy5jb20iLCJpYXQiOjE3NjI0OTQxODMsImV4cCI6MTc2NTA4NjE4M30.dccU-NtFhoIbPPpg9npTwNekogEr6nHU9oMm3pDUZ1o', '97f0d703-751c-4747-9a3b-b0d56c5b6825', '2025-12-07 05:43:03.303', '2025-11-07 05:43:03.307');
INSERT INTO public.refresh_tokens VALUES ('8f377c09-57f0-4a2b-8383-ee91315e112c', 'eyJhbGciOiJIUzI1NiIsInR5cCI6IkpXVCJ9.eyJ1c2VySWQiOiI5N2YwZDcwMy03NTFjLTQ3NDctOWEzYi1iMGQ1NmM1YjY4MjUiLCJlbWFpbCI6Im1hbmFnZXIudmlsbHVwdXJhbUBkZWVubW9iaWxlcy5jb20iLCJpYXQiOjE3NjQ0MTM5NzUsImV4cCI6MTc2NzAwNTk3NX0.fJeYmp1dqyR7dwTjdXt5D8pNVnVNCKr8A7msRiLbzw4', '97f0d703-751c-4747-9a3b-b0d56c5b6825', '2025-12-29 10:59:35.939', '2025-11-29 10:59:35.941');


--
-- Data for Name: refund_transactions; Type: TABLE DATA; Schema: public; Owner: postgres
--



--
-- Data for Name: report_caches; Type: TABLE DATA; Schema: public; Owner: postgres
--



--
-- Data for Name: role_permissions; Type: TABLE DATA; Schema: public; Owner: postgres
--

INSERT INTO public.role_permissions VALUES ('64f080f6-1bfe-4e19-83fc-e6e428e41a98', '1d845419-cb7c-4366-9e0a-19eae4fe5704', '0461c45a-5f0c-4b11-9edf-969f45e7fe2c', '2025-10-31 00:06:38.802');
INSERT INTO public.role_permissions VALUES ('1c57b050-58aa-40ec-bcd2-4b7d966489e8', '1d845419-cb7c-4366-9e0a-19eae4fe5704', '75f62da4-8aa3-4ed6-819a-3cc38d65944f', '2025-10-31 00:06:38.802');
INSERT INTO public.role_permissions VALUES ('dbaadb5c-d232-42d1-9982-fa570eaee200', '1d845419-cb7c-4366-9e0a-19eae4fe5704', 'bf994c34-e57c-4d07-a5ad-5bc107cd1dcf', '2025-10-31 00:06:38.802');
INSERT INTO public.role_permissions VALUES ('a02f7d6f-bdee-4d9d-bcd0-f93f8320cee9', '1d845419-cb7c-4366-9e0a-19eae4fe5704', '6a40886f-badc-481c-a724-70c7dc8f4d20', '2025-10-31 00:06:38.802');
INSERT INTO public.role_permissions VALUES ('119a50de-60f1-477f-8ef1-c319b4fcc965', '1d845419-cb7c-4366-9e0a-19eae4fe5704', '87147f68-c9b5-41d3-8eec-0049439d591a', '2025-10-31 00:06:38.802');
INSERT INTO public.role_permissions VALUES ('303beeed-ea7f-40b4-bbfe-536752352d38', '1d845419-cb7c-4366-9e0a-19eae4fe5704', '31002828-8759-4bbd-84e9-09c4e85681a0', '2025-10-31 00:06:38.802');
INSERT INTO public.role_permissions VALUES ('5bae00dd-2793-476b-91f1-b66fb996606b', '1d845419-cb7c-4366-9e0a-19eae4fe5704', '9909f676-c6c1-4888-a713-47c3f42d41de', '2025-10-31 00:06:38.802');
INSERT INTO public.role_permissions VALUES ('36db21c3-94aa-4335-a9be-d8f18c5df77b', '1d845419-cb7c-4366-9e0a-19eae4fe5704', '53339632-9432-4d83-bb6a-46171c2e50bb', '2025-10-31 00:06:38.802');
INSERT INTO public.role_permissions VALUES ('231cf747-8525-46f6-94f3-8825081aa796', '1d845419-cb7c-4366-9e0a-19eae4fe5704', '2df8d734-36aa-4c3a-8a4a-6db0ccd19175', '2025-10-31 00:06:38.802');
INSERT INTO public.role_permissions VALUES ('ee0a2c82-aa5a-4eaf-b59a-93e9da87bedc', '1d845419-cb7c-4366-9e0a-19eae4fe5704', '49976cf9-1822-4713-abd1-87a80afbee42', '2025-10-31 00:06:38.802');
INSERT INTO public.role_permissions VALUES ('f42bc71d-b3ec-4e97-b672-b87fd55dd93a', '1d845419-cb7c-4366-9e0a-19eae4fe5704', 'a9b4e02b-fac2-4a40-bda1-9d075565992d', '2025-10-31 00:06:38.802');
INSERT INTO public.role_permissions VALUES ('a8c2f000-8601-48cf-9d93-67f6237e49db', '1d845419-cb7c-4366-9e0a-19eae4fe5704', '081f1253-31d3-4a94-8890-1e4ec490e4aa', '2025-10-31 00:06:38.802');
INSERT INTO public.role_permissions VALUES ('e3151048-e52e-4766-a356-61804fe2454c', '1d845419-cb7c-4366-9e0a-19eae4fe5704', '8a8ca045-ec2f-4e08-825c-d50d12454623', '2025-10-31 00:06:38.802');
INSERT INTO public.role_permissions VALUES ('18597635-e0cf-4611-b90b-a01eff6260c1', '1d845419-cb7c-4366-9e0a-19eae4fe5704', '784312f4-d150-4c1c-8e0d-a927899e37f6', '2025-10-31 00:06:38.802');
INSERT INTO public.role_permissions VALUES ('195db87a-82b9-464d-bc9c-18f6213d525a', '1d845419-cb7c-4366-9e0a-19eae4fe5704', '0c457350-26ad-4f90-b062-2c2770bff48c', '2025-10-31 00:06:38.802');
INSERT INTO public.role_permissions VALUES ('abe7b6da-cf15-40ea-817f-67fe1e53f57f', '1d845419-cb7c-4366-9e0a-19eae4fe5704', '0eca998a-b0c3-49a0-a056-0add0d3c0fb6', '2025-10-31 00:06:38.802');
INSERT INTO public.role_permissions VALUES ('a48ac5b2-0345-4ccb-ba2d-90e57d7a28c6', '1d845419-cb7c-4366-9e0a-19eae4fe5704', '76e4fb98-b11f-43ba-9f2b-ebb02f4d0ba6', '2025-10-31 00:06:38.802');
INSERT INTO public.role_permissions VALUES ('bdf189e2-f9ec-4822-8c29-406f9438a936', '1d845419-cb7c-4366-9e0a-19eae4fe5704', 'c72a336d-13e5-4eb7-ba57-6edfab4f10ee', '2025-10-31 00:06:38.802');
INSERT INTO public.role_permissions VALUES ('1026e494-cbed-4ac9-8451-bb44ae925308', '1d845419-cb7c-4366-9e0a-19eae4fe5704', 'eb18c12a-2b31-46aa-a82a-140938e15f23', '2025-10-31 00:06:38.802');
INSERT INTO public.role_permissions VALUES ('13d236e0-e817-403d-907c-f7028fde4e7a', '1d845419-cb7c-4366-9e0a-19eae4fe5704', '5135528b-9784-4d90-aa3c-bce6237f89ab', '2025-10-31 00:06:38.802');
INSERT INTO public.role_permissions VALUES ('deafe142-e159-4336-82c8-fe4b3094794f', '1d845419-cb7c-4366-9e0a-19eae4fe5704', '0192c60e-dfe4-42eb-818f-94a22725b210', '2025-10-31 00:06:38.802');
INSERT INTO public.role_permissions VALUES ('fa748ab8-5082-42cc-b58e-d6c2147e5cd3', '1d845419-cb7c-4366-9e0a-19eae4fe5704', 'cbdaf2df-92ac-468d-b4f5-b114d19d1ae0', '2025-10-31 00:06:38.802');
INSERT INTO public.role_permissions VALUES ('7e07c0ff-04e8-44ec-8b97-4f3e831b8b44', '1d845419-cb7c-4366-9e0a-19eae4fe5704', 'dcc191dc-f1d4-4f16-9569-57812d49078f', '2025-10-31 00:06:38.802');
INSERT INTO public.role_permissions VALUES ('871fc6b7-0368-4137-8f76-e1b805c6cef7', '1d845419-cb7c-4366-9e0a-19eae4fe5704', 'bebe34ba-a191-4ecf-a64d-15173ba99892', '2025-10-31 00:06:38.802');
INSERT INTO public.role_permissions VALUES ('b2ea4dbc-7d5e-45df-9f22-66e64afce489', '1d845419-cb7c-4366-9e0a-19eae4fe5704', '8fa20ff2-ae39-4608-8b18-26ed341cbdbd', '2025-10-31 00:06:38.802');
INSERT INTO public.role_permissions VALUES ('200f2edd-1adc-432a-a7eb-509ab739bada', '1d845419-cb7c-4366-9e0a-19eae4fe5704', '8efca60b-8a2b-4a85-a6b8-d611fe64e4fc', '2025-10-31 00:06:38.802');
INSERT INTO public.role_permissions VALUES ('96abc6c1-f374-4df2-8936-15927d117089', '1d845419-cb7c-4366-9e0a-19eae4fe5704', '3c494387-235e-4088-afb6-5f7317c7bd1f', '2025-10-31 00:06:38.802');
INSERT INTO public.role_permissions VALUES ('9cf37def-83f2-43be-b52a-e1c44b5b2d62', '1d845419-cb7c-4366-9e0a-19eae4fe5704', '6e967953-86e4-43bb-bcf6-a64f9b17be90', '2025-10-31 00:06:38.802');
INSERT INTO public.role_permissions VALUES ('dae26af1-a080-4381-9b47-15a863cc8ec7', '1d845419-cb7c-4366-9e0a-19eae4fe5704', '3d6db85c-9674-4ae9-bd7c-710eeff9c372', '2025-10-31 00:06:38.802');
INSERT INTO public.role_permissions VALUES ('8be3913a-65a4-472a-9f60-b724b732c7a9', '1d845419-cb7c-4366-9e0a-19eae4fe5704', 'c78435fe-b2cf-4fc8-89a1-ba5092024da8', '2025-10-31 00:06:38.802');
INSERT INTO public.role_permissions VALUES ('8cdd864f-7c4c-4632-be47-25c22368d7ae', '1d845419-cb7c-4366-9e0a-19eae4fe5704', 'fc5047f9-d9b4-43f9-aaf8-8db292f7419c', '2025-10-31 00:06:38.802');
INSERT INTO public.role_permissions VALUES ('a672eb8e-9da1-41c8-a815-ecfa11ee9f91', '1d845419-cb7c-4366-9e0a-19eae4fe5704', '395c906c-7124-44e1-b389-80d252e4432f', '2025-10-31 00:06:38.802');
INSERT INTO public.role_permissions VALUES ('c5a26ef1-91fe-4172-aded-3c31d7629da8', '1d845419-cb7c-4366-9e0a-19eae4fe5704', '47290bfa-85e4-4a9a-bb48-06a1ab1a0bbe', '2025-10-31 00:06:38.802');
INSERT INTO public.role_permissions VALUES ('3af648ea-09e5-4f9a-a010-6fd468e01aab', '1d845419-cb7c-4366-9e0a-19eae4fe5704', '073e4d0e-ab5a-4b5f-8f75-b4a9a1ca1d1c', '2025-10-31 00:06:38.802');
INSERT INTO public.role_permissions VALUES ('2620e110-2606-4f18-a459-a20c8856099a', '0c31d297-b4c5-4321-ba78-d098f492324d', '0461c45a-5f0c-4b11-9edf-969f45e7fe2c', '2025-10-31 00:06:38.836');
INSERT INTO public.role_permissions VALUES ('a1915edc-58fa-4b7f-901a-37d0b5f4883a', '0c31d297-b4c5-4321-ba78-d098f492324d', '75f62da4-8aa3-4ed6-819a-3cc38d65944f', '2025-10-31 00:06:38.836');
INSERT INTO public.role_permissions VALUES ('5b277bf2-06da-4090-ad74-81a1f0ea611e', '0c31d297-b4c5-4321-ba78-d098f492324d', 'bf994c34-e57c-4d07-a5ad-5bc107cd1dcf', '2025-10-31 00:06:38.836');
INSERT INTO public.role_permissions VALUES ('9f2e61b8-ca4d-472b-8a43-49da695b9e0f', '0c31d297-b4c5-4321-ba78-d098f492324d', '6a40886f-badc-481c-a724-70c7dc8f4d20', '2025-10-31 00:06:38.836');
INSERT INTO public.role_permissions VALUES ('d392605c-86c1-4dce-9b1a-e3e83128ef03', '0c31d297-b4c5-4321-ba78-d098f492324d', '87147f68-c9b5-41d3-8eec-0049439d591a', '2025-10-31 00:06:38.836');
INSERT INTO public.role_permissions VALUES ('8f0dbf97-f6b0-43ff-8395-29d2f3520d61', '0c31d297-b4c5-4321-ba78-d098f492324d', '31002828-8759-4bbd-84e9-09c4e85681a0', '2025-10-31 00:06:38.836');
INSERT INTO public.role_permissions VALUES ('28235154-ee1b-49d6-b386-564044997401', '0c31d297-b4c5-4321-ba78-d098f492324d', '9909f676-c6c1-4888-a713-47c3f42d41de', '2025-10-31 00:06:38.836');
INSERT INTO public.role_permissions VALUES ('68aef867-1254-4ef0-8cd5-43dca55be900', '0c31d297-b4c5-4321-ba78-d098f492324d', '53339632-9432-4d83-bb6a-46171c2e50bb', '2025-10-31 00:06:38.836');
INSERT INTO public.role_permissions VALUES ('c337cb22-7d3c-4d20-93fc-92a8e54e3313', '0c31d297-b4c5-4321-ba78-d098f492324d', '2df8d734-36aa-4c3a-8a4a-6db0ccd19175', '2025-10-31 00:06:38.836');
INSERT INTO public.role_permissions VALUES ('d6506d26-98c8-4291-ad83-dd35176973dc', '0c31d297-b4c5-4321-ba78-d098f492324d', '49976cf9-1822-4713-abd1-87a80afbee42', '2025-10-31 00:06:38.836');
INSERT INTO public.role_permissions VALUES ('eac62fbf-4697-46f9-9b4f-a185f46807e6', '0c31d297-b4c5-4321-ba78-d098f492324d', 'a9b4e02b-fac2-4a40-bda1-9d075565992d', '2025-10-31 00:06:38.836');
INSERT INTO public.role_permissions VALUES ('45052b85-b8de-4f78-8cc0-97c0cad91fbe', '0c31d297-b4c5-4321-ba78-d098f492324d', '081f1253-31d3-4a94-8890-1e4ec490e4aa', '2025-10-31 00:06:38.836');
INSERT INTO public.role_permissions VALUES ('07e21439-1ed6-44c0-8dfe-edb80452bfed', '0c31d297-b4c5-4321-ba78-d098f492324d', '8a8ca045-ec2f-4e08-825c-d50d12454623', '2025-10-31 00:06:38.836');
INSERT INTO public.role_permissions VALUES ('edb27e96-faa7-47d9-a61b-9492a9ff02c6', '0c31d297-b4c5-4321-ba78-d098f492324d', '784312f4-d150-4c1c-8e0d-a927899e37f6', '2025-10-31 00:06:38.836');
INSERT INTO public.role_permissions VALUES ('7de973eb-d29d-4b61-9dcc-a3f7403a4a02', '0c31d297-b4c5-4321-ba78-d098f492324d', '0c457350-26ad-4f90-b062-2c2770bff48c', '2025-10-31 00:06:38.836');
INSERT INTO public.role_permissions VALUES ('0af53dae-61c4-4b83-ac98-6bb5e24e1379', '0c31d297-b4c5-4321-ba78-d098f492324d', '0eca998a-b0c3-49a0-a056-0add0d3c0fb6', '2025-10-31 00:06:38.836');
INSERT INTO public.role_permissions VALUES ('2663101f-51bb-413b-bfec-b570039a61bf', '0c31d297-b4c5-4321-ba78-d098f492324d', '76e4fb98-b11f-43ba-9f2b-ebb02f4d0ba6', '2025-10-31 00:06:38.836');
INSERT INTO public.role_permissions VALUES ('902a53c8-1262-4d76-ac0a-139e932a56f5', '0c31d297-b4c5-4321-ba78-d098f492324d', 'c72a336d-13e5-4eb7-ba57-6edfab4f10ee', '2025-10-31 00:06:38.836');
INSERT INTO public.role_permissions VALUES ('6f8ad5c6-22c5-4be9-b7c6-82ec598ad252', '0c31d297-b4c5-4321-ba78-d098f492324d', 'eb18c12a-2b31-46aa-a82a-140938e15f23', '2025-10-31 00:06:38.836');
INSERT INTO public.role_permissions VALUES ('897c8b18-ebc0-4393-bc2b-e835a0fdc9d7', '0c31d297-b4c5-4321-ba78-d098f492324d', '5135528b-9784-4d90-aa3c-bce6237f89ab', '2025-10-31 00:06:38.836');
INSERT INTO public.role_permissions VALUES ('3ab62de6-c6a3-42ab-99c8-22a3893b02b5', '0c31d297-b4c5-4321-ba78-d098f492324d', '0192c60e-dfe4-42eb-818f-94a22725b210', '2025-10-31 00:06:38.836');
INSERT INTO public.role_permissions VALUES ('d5fd3654-4827-4e99-b2ed-f2e0b1966874', '0c31d297-b4c5-4321-ba78-d098f492324d', 'cbdaf2df-92ac-468d-b4f5-b114d19d1ae0', '2025-10-31 00:06:38.836');
INSERT INTO public.role_permissions VALUES ('166c87b7-16ca-4050-816e-29ff0f826068', '0c31d297-b4c5-4321-ba78-d098f492324d', 'dcc191dc-f1d4-4f16-9569-57812d49078f', '2025-10-31 00:06:38.836');
INSERT INTO public.role_permissions VALUES ('5e8394ef-1fff-47bf-ae20-108b41999d22', '0c31d297-b4c5-4321-ba78-d098f492324d', 'bebe34ba-a191-4ecf-a64d-15173ba99892', '2025-10-31 00:06:38.836');
INSERT INTO public.role_permissions VALUES ('7815ddd6-90e1-4638-934d-2b7eb2526c76', '0c31d297-b4c5-4321-ba78-d098f492324d', '8fa20ff2-ae39-4608-8b18-26ed341cbdbd', '2025-10-31 00:06:38.836');
INSERT INTO public.role_permissions VALUES ('5db6c0aa-145b-46aa-b4fe-7bac73bb123e', '0c31d297-b4c5-4321-ba78-d098f492324d', '8efca60b-8a2b-4a85-a6b8-d611fe64e4fc', '2025-10-31 00:06:38.836');
INSERT INTO public.role_permissions VALUES ('c162acd5-1715-445c-807e-182746881924', '0c31d297-b4c5-4321-ba78-d098f492324d', '3c494387-235e-4088-afb6-5f7317c7bd1f', '2025-10-31 00:06:38.836');
INSERT INTO public.role_permissions VALUES ('642ed1b0-fa4c-4f2d-b451-eb7122acb4d0', '0c31d297-b4c5-4321-ba78-d098f492324d', '6e967953-86e4-43bb-bcf6-a64f9b17be90', '2025-10-31 00:06:38.836');
INSERT INTO public.role_permissions VALUES ('d3b3c00a-b824-41a5-a5a7-67d6630b899b', '0c31d297-b4c5-4321-ba78-d098f492324d', '3d6db85c-9674-4ae9-bd7c-710eeff9c372', '2025-10-31 00:06:38.836');
INSERT INTO public.role_permissions VALUES ('7956968f-56e9-4fc3-b4bb-2c5956e217f0', '0c31d297-b4c5-4321-ba78-d098f492324d', 'c78435fe-b2cf-4fc8-89a1-ba5092024da8', '2025-10-31 00:06:38.836');
INSERT INTO public.role_permissions VALUES ('f6e474f6-860c-4601-a9c6-c84dad482b00', '0c31d297-b4c5-4321-ba78-d098f492324d', '395c906c-7124-44e1-b389-80d252e4432f', '2025-10-31 00:06:38.836');
INSERT INTO public.role_permissions VALUES ('c890d05e-8422-4fe2-aba0-fd83a201fbb0', '0c31d297-b4c5-4321-ba78-d098f492324d', '47290bfa-85e4-4a9a-bb48-06a1ab1a0bbe', '2025-10-31 00:06:38.836');
INSERT INTO public.role_permissions VALUES ('bc93ebd7-fd7d-4833-8f8b-d763c3cb8f13', '0c31d297-b4c5-4321-ba78-d098f492324d', '073e4d0e-ab5a-4b5f-8f75-b4a9a1ca1d1c', '2025-10-31 00:06:38.836');
INSERT INTO public.role_permissions VALUES ('85629a08-1466-43d0-92df-5d07e26a464a', '54dfbdc9-da0d-4052-acff-df4caf5153ea', '87147f68-c9b5-41d3-8eec-0049439d591a', '2025-10-31 00:06:38.852');
INSERT INTO public.role_permissions VALUES ('a47012a8-87fd-4034-949d-b4e5e562c4a1', '54dfbdc9-da0d-4052-acff-df4caf5153ea', '31002828-8759-4bbd-84e9-09c4e85681a0', '2025-10-31 00:06:38.852');
INSERT INTO public.role_permissions VALUES ('7e7d3f6e-d7d0-4e6c-950f-afaea6a54cad', '54dfbdc9-da0d-4052-acff-df4caf5153ea', '9909f676-c6c1-4888-a713-47c3f42d41de', '2025-10-31 00:06:38.852');
INSERT INTO public.role_permissions VALUES ('0b5ab448-7f83-40b3-aa3c-a6cf5208d956', '54dfbdc9-da0d-4052-acff-df4caf5153ea', '53339632-9432-4d83-bb6a-46171c2e50bb', '2025-10-31 00:06:38.852');
INSERT INTO public.role_permissions VALUES ('5f862332-5197-4aa9-9139-750688de234a', '54dfbdc9-da0d-4052-acff-df4caf5153ea', '2df8d734-36aa-4c3a-8a4a-6db0ccd19175', '2025-10-31 00:06:38.852');
INSERT INTO public.role_permissions VALUES ('e251d428-3b81-4d76-9684-395259cf617d', '54dfbdc9-da0d-4052-acff-df4caf5153ea', '49976cf9-1822-4713-abd1-87a80afbee42', '2025-10-31 00:06:38.852');
INSERT INTO public.role_permissions VALUES ('2487ddc5-3c9e-41fa-99fa-277c6ec1e463', '54dfbdc9-da0d-4052-acff-df4caf5153ea', 'a9b4e02b-fac2-4a40-bda1-9d075565992d', '2025-10-31 00:06:38.852');
INSERT INTO public.role_permissions VALUES ('d800b058-b0d9-445b-9d67-8fb4b4ec35cd', '54dfbdc9-da0d-4052-acff-df4caf5153ea', '081f1253-31d3-4a94-8890-1e4ec490e4aa', '2025-10-31 00:06:38.852');
INSERT INTO public.role_permissions VALUES ('fabb869b-f41b-43e6-a87c-7610c3b7d751', '54dfbdc9-da0d-4052-acff-df4caf5153ea', '8a8ca045-ec2f-4e08-825c-d50d12454623', '2025-10-31 00:06:38.852');
INSERT INTO public.role_permissions VALUES ('80217e57-2ee7-46aa-b38e-961318d7385d', '54dfbdc9-da0d-4052-acff-df4caf5153ea', '784312f4-d150-4c1c-8e0d-a927899e37f6', '2025-10-31 00:06:38.852');
INSERT INTO public.role_permissions VALUES ('f40ed52d-2068-42bf-845b-18210e79a44b', '54dfbdc9-da0d-4052-acff-df4caf5153ea', '0c457350-26ad-4f90-b062-2c2770bff48c', '2025-10-31 00:06:38.852');
INSERT INTO public.role_permissions VALUES ('81675dc8-6430-4a07-a722-884db63cf19b', '54dfbdc9-da0d-4052-acff-df4caf5153ea', '0eca998a-b0c3-49a0-a056-0add0d3c0fb6', '2025-10-31 00:06:38.852');
INSERT INTO public.role_permissions VALUES ('9a80e534-37df-4136-af2a-2b48d6bacabc', '54dfbdc9-da0d-4052-acff-df4caf5153ea', '76e4fb98-b11f-43ba-9f2b-ebb02f4d0ba6', '2025-10-31 00:06:38.852');
INSERT INTO public.role_permissions VALUES ('70d5118e-964b-47a0-8509-4019eac95ac3', '54dfbdc9-da0d-4052-acff-df4caf5153ea', 'c72a336d-13e5-4eb7-ba57-6edfab4f10ee', '2025-10-31 00:06:38.852');
INSERT INTO public.role_permissions VALUES ('aba1f891-43e8-456b-950f-5fd297bb0b78', '54dfbdc9-da0d-4052-acff-df4caf5153ea', 'eb18c12a-2b31-46aa-a82a-140938e15f23', '2025-10-31 00:06:38.852');
INSERT INTO public.role_permissions VALUES ('03325bd5-edf6-40d7-8f23-33e2a816f1d5', '54dfbdc9-da0d-4052-acff-df4caf5153ea', '5135528b-9784-4d90-aa3c-bce6237f89ab', '2025-10-31 00:06:38.852');
INSERT INTO public.role_permissions VALUES ('89e908d0-6f4c-4d3a-afcd-05c63232fc60', '54dfbdc9-da0d-4052-acff-df4caf5153ea', '0192c60e-dfe4-42eb-818f-94a22725b210', '2025-10-31 00:06:38.852');
INSERT INTO public.role_permissions VALUES ('82f991e0-4656-45a1-9ac5-c6f80ecccdcb', '54dfbdc9-da0d-4052-acff-df4caf5153ea', 'cbdaf2df-92ac-468d-b4f5-b114d19d1ae0', '2025-10-31 00:06:38.852');
INSERT INTO public.role_permissions VALUES ('1f588799-fe22-4c81-9a1a-9a88e5647959', '54dfbdc9-da0d-4052-acff-df4caf5153ea', 'dcc191dc-f1d4-4f16-9569-57812d49078f', '2025-10-31 00:06:38.852');
INSERT INTO public.role_permissions VALUES ('295e5a5f-f7e7-42d7-9f9e-ca43f8a33ae5', '54dfbdc9-da0d-4052-acff-df4caf5153ea', 'bebe34ba-a191-4ecf-a64d-15173ba99892', '2025-10-31 00:06:38.852');
INSERT INTO public.role_permissions VALUES ('f0571c47-e356-4f71-a7d3-90a62b7b39bf', '54dfbdc9-da0d-4052-acff-df4caf5153ea', '8fa20ff2-ae39-4608-8b18-26ed341cbdbd', '2025-10-31 00:06:38.852');
INSERT INTO public.role_permissions VALUES ('437c0753-ad9c-416a-bba6-d91b49a79eea', '54dfbdc9-da0d-4052-acff-df4caf5153ea', '8efca60b-8a2b-4a85-a6b8-d611fe64e4fc', '2025-10-31 00:06:38.852');
INSERT INTO public.role_permissions VALUES ('4c78cae7-d656-4f57-a0b0-3709184349dc', '54dfbdc9-da0d-4052-acff-df4caf5153ea', '3c494387-235e-4088-afb6-5f7317c7bd1f', '2025-10-31 00:06:38.852');
INSERT INTO public.role_permissions VALUES ('d1606496-61d9-4e86-bd4e-fa80511448ec', '54dfbdc9-da0d-4052-acff-df4caf5153ea', '6e967953-86e4-43bb-bcf6-a64f9b17be90', '2025-10-31 00:06:38.852');
INSERT INTO public.role_permissions VALUES ('7dccb000-1e83-47f1-a371-2938f205d2ea', '54dfbdc9-da0d-4052-acff-df4caf5153ea', '395c906c-7124-44e1-b389-80d252e4432f', '2025-10-31 00:06:38.852');
INSERT INTO public.role_permissions VALUES ('0cdeb95f-0ef7-42a3-baff-1fa453b31816', '54dfbdc9-da0d-4052-acff-df4caf5153ea', '47290bfa-85e4-4a9a-bb48-06a1ab1a0bbe', '2025-10-31 00:06:38.852');
INSERT INTO public.role_permissions VALUES ('83a4aa4a-8e53-454c-bf7c-6176fa2346fb', '54dfbdc9-da0d-4052-acff-df4caf5153ea', '073e4d0e-ab5a-4b5f-8f75-b4a9a1ca1d1c', '2025-10-31 00:06:38.852');
INSERT INTO public.role_permissions VALUES ('5bcf1078-d0cb-4c61-91a0-a5d041c2e9de', 'a28f0d61-975d-4a3b-917d-4ef53a5313f0', '87147f68-c9b5-41d3-8eec-0049439d591a', '2025-10-31 00:06:38.863');
INSERT INTO public.role_permissions VALUES ('e1a22682-1b0d-4f28-8204-c514c0affcb3', 'a28f0d61-975d-4a3b-917d-4ef53a5313f0', '2df8d734-36aa-4c3a-8a4a-6db0ccd19175', '2025-10-31 00:06:38.863');
INSERT INTO public.role_permissions VALUES ('c7e0c52f-cd81-4f7a-96bc-e4286207d0f1', 'a28f0d61-975d-4a3b-917d-4ef53a5313f0', '49976cf9-1822-4713-abd1-87a80afbee42', '2025-10-31 00:06:38.863');
INSERT INTO public.role_permissions VALUES ('ae61cd12-d704-47e8-8538-8032cd54738d', 'a28f0d61-975d-4a3b-917d-4ef53a5313f0', 'a9b4e02b-fac2-4a40-bda1-9d075565992d', '2025-10-31 00:06:38.863');
INSERT INTO public.role_permissions VALUES ('021df22f-4ad5-4827-9c1b-e87cbd17d0e2', 'a28f0d61-975d-4a3b-917d-4ef53a5313f0', '081f1253-31d3-4a94-8890-1e4ec490e4aa', '2025-10-31 00:06:38.863');
INSERT INTO public.role_permissions VALUES ('19d59611-61e2-48c1-812f-20a571b66535', 'a28f0d61-975d-4a3b-917d-4ef53a5313f0', '8a8ca045-ec2f-4e08-825c-d50d12454623', '2025-10-31 00:06:38.863');
INSERT INTO public.role_permissions VALUES ('8b74593c-b1ff-4638-9f78-def31b7a421f', 'a28f0d61-975d-4a3b-917d-4ef53a5313f0', '784312f4-d150-4c1c-8e0d-a927899e37f6', '2025-10-31 00:06:38.863');
INSERT INTO public.role_permissions VALUES ('01567039-2cb6-4c91-98e3-7f04b22fa050', 'a28f0d61-975d-4a3b-917d-4ef53a5313f0', '0c457350-26ad-4f90-b062-2c2770bff48c', '2025-10-31 00:06:38.863');
INSERT INTO public.role_permissions VALUES ('b15d8e71-bd01-41c4-9038-8495b5daa433', 'a28f0d61-975d-4a3b-917d-4ef53a5313f0', '0eca998a-b0c3-49a0-a056-0add0d3c0fb6', '2025-10-31 00:06:38.863');
INSERT INTO public.role_permissions VALUES ('91cbb359-24d1-4754-8c02-8118593865da', 'a28f0d61-975d-4a3b-917d-4ef53a5313f0', '76e4fb98-b11f-43ba-9f2b-ebb02f4d0ba6', '2025-10-31 00:06:38.863');
INSERT INTO public.role_permissions VALUES ('ca22bb18-791f-4090-8c56-4f57486d0c3b', 'a28f0d61-975d-4a3b-917d-4ef53a5313f0', 'c72a336d-13e5-4eb7-ba57-6edfab4f10ee', '2025-10-31 00:06:38.863');
INSERT INTO public.role_permissions VALUES ('a6eadfa9-55e4-4a86-abf2-9540a7a416e4', 'a28f0d61-975d-4a3b-917d-4ef53a5313f0', 'eb18c12a-2b31-46aa-a82a-140938e15f23', '2025-10-31 00:06:38.863');
INSERT INTO public.role_permissions VALUES ('2ea2e165-cd7d-41da-bb70-9c945de2c30d', 'a28f0d61-975d-4a3b-917d-4ef53a5313f0', '5135528b-9784-4d90-aa3c-bce6237f89ab', '2025-10-31 00:06:38.863');
INSERT INTO public.role_permissions VALUES ('016689b7-3317-4316-9865-57c85da44150', 'a28f0d61-975d-4a3b-917d-4ef53a5313f0', '0192c60e-dfe4-42eb-818f-94a22725b210', '2025-10-31 00:06:38.863');
INSERT INTO public.role_permissions VALUES ('c1c452e7-d33c-4d49-b06b-c3cfdf2cfbec', 'a28f0d61-975d-4a3b-917d-4ef53a5313f0', 'cbdaf2df-92ac-468d-b4f5-b114d19d1ae0', '2025-10-31 00:06:38.863');
INSERT INTO public.role_permissions VALUES ('0d4ad389-e212-44d7-809f-481b6ea96c8a', 'a28f0d61-975d-4a3b-917d-4ef53a5313f0', 'dcc191dc-f1d4-4f16-9569-57812d49078f', '2025-10-31 00:06:38.863');
INSERT INTO public.role_permissions VALUES ('288ba3e3-158e-4c90-a4a7-322aa60f71ab', 'a28f0d61-975d-4a3b-917d-4ef53a5313f0', 'bebe34ba-a191-4ecf-a64d-15173ba99892', '2025-10-31 00:06:38.863');
INSERT INTO public.role_permissions VALUES ('a9f562fd-8303-4e94-b9df-c2a575faf8da', 'a28f0d61-975d-4a3b-917d-4ef53a5313f0', '8fa20ff2-ae39-4608-8b18-26ed341cbdbd', '2025-10-31 00:06:38.863');
INSERT INTO public.role_permissions VALUES ('7af221b1-1fc5-4089-9382-a85ef6b6b8c5', 'a28f0d61-975d-4a3b-917d-4ef53a5313f0', '8efca60b-8a2b-4a85-a6b8-d611fe64e4fc', '2025-10-31 00:06:38.863');
INSERT INTO public.role_permissions VALUES ('7dd21888-602a-46a7-8b7e-c1cdca7448db', 'a28f0d61-975d-4a3b-917d-4ef53a5313f0', '3c494387-235e-4088-afb6-5f7317c7bd1f', '2025-10-31 00:06:38.863');
INSERT INTO public.role_permissions VALUES ('fbf65433-99f3-4655-a2e2-0867656ea368', 'a28f0d61-975d-4a3b-917d-4ef53a5313f0', '395c906c-7124-44e1-b389-80d252e4432f', '2025-10-31 00:06:38.863');
INSERT INTO public.role_permissions VALUES ('d7240b27-7754-4a74-a2e2-50a525efd72f', 'a28f0d61-975d-4a3b-917d-4ef53a5313f0', '47290bfa-85e4-4a9a-bb48-06a1ab1a0bbe', '2025-10-31 00:06:38.863');
INSERT INTO public.role_permissions VALUES ('6ac076ce-04ee-4d13-8eb9-181793af086a', 'a28f0d61-975d-4a3b-917d-4ef53a5313f0', '073e4d0e-ab5a-4b5f-8f75-b4a9a1ca1d1c', '2025-10-31 00:06:38.863');
INSERT INTO public.role_permissions VALUES ('fd523a44-3052-405a-9e12-55c71ea78ca9', 'd0e57d4f-1f1b-4501-a187-14b4c40d9f96', '2df8d734-36aa-4c3a-8a4a-6db0ccd19175', '2025-10-31 00:06:38.871');
INSERT INTO public.role_permissions VALUES ('e14546af-39d5-4e8a-99da-e474fd18653c', 'd0e57d4f-1f1b-4501-a187-14b4c40d9f96', '49976cf9-1822-4713-abd1-87a80afbee42', '2025-10-31 00:06:38.871');
INSERT INTO public.role_permissions VALUES ('cee9006d-d933-44f2-a767-caa6e358a5e3', 'd0e57d4f-1f1b-4501-a187-14b4c40d9f96', 'a9b4e02b-fac2-4a40-bda1-9d075565992d', '2025-10-31 00:06:38.871');
INSERT INTO public.role_permissions VALUES ('9d2570ec-2eb4-4b22-abd2-3f217ae2876c', 'd0e57d4f-1f1b-4501-a187-14b4c40d9f96', '081f1253-31d3-4a94-8890-1e4ec490e4aa', '2025-10-31 00:06:38.871');
INSERT INTO public.role_permissions VALUES ('a8e07e0c-ccc0-41a6-9ee4-a0c31989e5cf', 'd0e57d4f-1f1b-4501-a187-14b4c40d9f96', '8a8ca045-ec2f-4e08-825c-d50d12454623', '2025-10-31 00:06:38.871');
INSERT INTO public.role_permissions VALUES ('be1fc4b3-ab5f-49f9-beee-da37284f93ee', 'd0e57d4f-1f1b-4501-a187-14b4c40d9f96', '784312f4-d150-4c1c-8e0d-a927899e37f6', '2025-10-31 00:06:38.871');
INSERT INTO public.role_permissions VALUES ('afb60bf4-7fbb-4801-912d-004def5cf497', 'd0e57d4f-1f1b-4501-a187-14b4c40d9f96', '0c457350-26ad-4f90-b062-2c2770bff48c', '2025-10-31 00:06:38.871');
INSERT INTO public.role_permissions VALUES ('cf3f4e57-e6fa-4faf-91e8-897e099e28de', 'd0e57d4f-1f1b-4501-a187-14b4c40d9f96', '0eca998a-b0c3-49a0-a056-0add0d3c0fb6', '2025-10-31 00:06:38.871');
INSERT INTO public.role_permissions VALUES ('2b4dcf38-0313-4f87-875a-aebc016e1517', 'd0e57d4f-1f1b-4501-a187-14b4c40d9f96', '76e4fb98-b11f-43ba-9f2b-ebb02f4d0ba6', '2025-10-31 00:06:38.871');
INSERT INTO public.role_permissions VALUES ('7d2cb746-78d7-4fb6-8e03-21ab303539d0', 'd0e57d4f-1f1b-4501-a187-14b4c40d9f96', 'c72a336d-13e5-4eb7-ba57-6edfab4f10ee', '2025-10-31 00:06:38.871');
INSERT INTO public.role_permissions VALUES ('d5022a6f-c621-4144-a531-1fb973634396', 'd0e57d4f-1f1b-4501-a187-14b4c40d9f96', 'eb18c12a-2b31-46aa-a82a-140938e15f23', '2025-10-31 00:06:38.871');
INSERT INTO public.role_permissions VALUES ('89daec8b-7618-4ee4-89a8-947d989ae044', 'd0e57d4f-1f1b-4501-a187-14b4c40d9f96', '5135528b-9784-4d90-aa3c-bce6237f89ab', '2025-10-31 00:06:38.871');
INSERT INTO public.role_permissions VALUES ('d9b7b050-d78e-4524-bd33-3467c5893c18', 'd0e57d4f-1f1b-4501-a187-14b4c40d9f96', '0192c60e-dfe4-42eb-818f-94a22725b210', '2025-10-31 00:06:38.871');
INSERT INTO public.role_permissions VALUES ('31af9d2f-d03f-4da2-9ae2-76c65e2421cb', 'd0e57d4f-1f1b-4501-a187-14b4c40d9f96', 'cbdaf2df-92ac-468d-b4f5-b114d19d1ae0', '2025-10-31 00:06:38.871');
INSERT INTO public.role_permissions VALUES ('e1f5dc5f-10cb-4a9e-8b00-d1e004cde297', 'd0e57d4f-1f1b-4501-a187-14b4c40d9f96', 'dcc191dc-f1d4-4f16-9569-57812d49078f', '2025-10-31 00:06:38.871');
INSERT INTO public.role_permissions VALUES ('ab9e3684-dd32-4a74-bab7-2523fdf547e0', 'd0e57d4f-1f1b-4501-a187-14b4c40d9f96', 'bebe34ba-a191-4ecf-a64d-15173ba99892', '2025-10-31 00:06:38.871');
INSERT INTO public.role_permissions VALUES ('7d575b2c-47e3-4255-9d2c-2a8f74d2bd05', 'd0e57d4f-1f1b-4501-a187-14b4c40d9f96', '8fa20ff2-ae39-4608-8b18-26ed341cbdbd', '2025-10-31 00:06:38.871');
INSERT INTO public.role_permissions VALUES ('13554b13-ad5d-464d-b5e5-2410417a547e', 'd0e57d4f-1f1b-4501-a187-14b4c40d9f96', '8efca60b-8a2b-4a85-a6b8-d611fe64e4fc', '2025-10-31 00:06:38.871');
INSERT INTO public.role_permissions VALUES ('4f0c7750-4b63-4c68-8098-f32e292a6b28', 'd0e57d4f-1f1b-4501-a187-14b4c40d9f96', '3c494387-235e-4088-afb6-5f7317c7bd1f', '2025-10-31 00:06:38.871');
INSERT INTO public.role_permissions VALUES ('192a07ec-adb1-4b50-b5a4-5161ba1fd08e', 'd0e57d4f-1f1b-4501-a187-14b4c40d9f96', '395c906c-7124-44e1-b389-80d252e4432f', '2025-10-31 00:06:38.871');
INSERT INTO public.role_permissions VALUES ('07552815-f2c5-4fa2-a6a0-f40b2f49955b', 'e8e16882-3171-4dbe-99e3-1c29fa1397f4', '2df8d734-36aa-4c3a-8a4a-6db0ccd19175', '2025-10-31 00:06:38.882');
INSERT INTO public.role_permissions VALUES ('d56a2d43-59e1-46a3-a29b-c09451bcbd15', 'e8e16882-3171-4dbe-99e3-1c29fa1397f4', 'a9b4e02b-fac2-4a40-bda1-9d075565992d', '2025-10-31 00:06:38.882');
INSERT INTO public.role_permissions VALUES ('d5830d75-5ae2-4e9d-8f01-2185762c9262', 'e8e16882-3171-4dbe-99e3-1c29fa1397f4', '8a8ca045-ec2f-4e08-825c-d50d12454623', '2025-10-31 00:06:38.882');
INSERT INTO public.role_permissions VALUES ('3a5261a5-1c70-44ec-b663-b61cff51d90d', 'e8e16882-3171-4dbe-99e3-1c29fa1397f4', '784312f4-d150-4c1c-8e0d-a927899e37f6', '2025-10-31 00:06:38.882');
INSERT INTO public.role_permissions VALUES ('c7c2ff9d-efff-4977-9daa-e75380373005', 'e8e16882-3171-4dbe-99e3-1c29fa1397f4', '0c457350-26ad-4f90-b062-2c2770bff48c', '2025-10-31 00:06:38.882');
INSERT INTO public.role_permissions VALUES ('855c078b-0c96-4a65-a0f7-b6f022f7a78a', 'e8e16882-3171-4dbe-99e3-1c29fa1397f4', '76e4fb98-b11f-43ba-9f2b-ebb02f4d0ba6', '2025-10-31 00:06:38.882');
INSERT INTO public.role_permissions VALUES ('4fc3b0d6-f3be-4337-9440-2acfc05ffe5d', 'e8e16882-3171-4dbe-99e3-1c29fa1397f4', 'c72a336d-13e5-4eb7-ba57-6edfab4f10ee', '2025-10-31 00:06:38.882');
INSERT INTO public.role_permissions VALUES ('3e44b0cc-5eed-47af-85ea-a54a2fb65014', 'e8e16882-3171-4dbe-99e3-1c29fa1397f4', 'cbdaf2df-92ac-468d-b4f5-b114d19d1ae0', '2025-10-31 00:06:38.882');
INSERT INTO public.role_permissions VALUES ('1277ee63-dd29-4783-8e1f-c0031a515b84', 'e8e16882-3171-4dbe-99e3-1c29fa1397f4', '395c906c-7124-44e1-b389-80d252e4432f', '2025-10-31 00:06:38.882');
INSERT INTO public.role_permissions VALUES ('7cc6acc2-0821-4765-bd33-b7c2b4b5daac', '350bdbff-ae2e-40d2-b48a-d205b87c175d', '2df8d734-36aa-4c3a-8a4a-6db0ccd19175', '2025-10-31 00:06:38.888');
INSERT INTO public.role_permissions VALUES ('e4aabf34-4fe9-4ce1-93f2-32f983be38dd', '350bdbff-ae2e-40d2-b48a-d205b87c175d', '8a8ca045-ec2f-4e08-825c-d50d12454623', '2025-10-31 00:06:38.888');
INSERT INTO public.role_permissions VALUES ('babfee37-ac2f-4cbe-8e8a-e8255fb55abd', '350bdbff-ae2e-40d2-b48a-d205b87c175d', '0c457350-26ad-4f90-b062-2c2770bff48c', '2025-10-31 00:06:38.888');
INSERT INTO public.role_permissions VALUES ('fe3c12a3-ba78-478b-b60d-c83aee2e80ca', '350bdbff-ae2e-40d2-b48a-d205b87c175d', 'c72a336d-13e5-4eb7-ba57-6edfab4f10ee', '2025-10-31 00:06:38.888');
INSERT INTO public.role_permissions VALUES ('d562d93d-9e97-40fb-a141-d2464e7696ff', '48d7a8a4-1e2d-41ba-8679-e612d828d34e', '2df8d734-36aa-4c3a-8a4a-6db0ccd19175', '2025-10-31 00:06:38.896');
INSERT INTO public.role_permissions VALUES ('8e001ed9-a68e-4f98-a812-2d9fa2003e04', '48d7a8a4-1e2d-41ba-8679-e612d828d34e', '49976cf9-1822-4713-abd1-87a80afbee42', '2025-10-31 00:06:38.896');
INSERT INTO public.role_permissions VALUES ('c9e6a1fa-8001-439b-8a5e-24985733de85', '48d7a8a4-1e2d-41ba-8679-e612d828d34e', 'a9b4e02b-fac2-4a40-bda1-9d075565992d', '2025-10-31 00:06:38.896');
INSERT INTO public.role_permissions VALUES ('fb554e94-00a9-4620-896c-122bd573eca7', '48d7a8a4-1e2d-41ba-8679-e612d828d34e', '081f1253-31d3-4a94-8890-1e4ec490e4aa', '2025-10-31 00:06:38.896');
INSERT INTO public.role_permissions VALUES ('f35f6863-ffbe-4c1b-b736-862ea62bf758', '48d7a8a4-1e2d-41ba-8679-e612d828d34e', '8a8ca045-ec2f-4e08-825c-d50d12454623', '2025-10-31 00:06:38.896');
INSERT INTO public.role_permissions VALUES ('8bc8d529-ca9d-4543-87ea-6e8fa3192526', '48d7a8a4-1e2d-41ba-8679-e612d828d34e', '784312f4-d150-4c1c-8e0d-a927899e37f6', '2025-10-31 00:06:38.896');
INSERT INTO public.role_permissions VALUES ('4cb450bb-a374-4801-a4c9-72b357afb25a', '48d7a8a4-1e2d-41ba-8679-e612d828d34e', '0c457350-26ad-4f90-b062-2c2770bff48c', '2025-10-31 00:06:38.896');
INSERT INTO public.role_permissions VALUES ('ec5410fe-6fcd-415d-824b-30466cabd15e', '48d7a8a4-1e2d-41ba-8679-e612d828d34e', 'cbdaf2df-92ac-468d-b4f5-b114d19d1ae0', '2025-10-31 00:06:38.896');
INSERT INTO public.role_permissions VALUES ('fccb4a07-45ed-46cc-a7c0-9dbc9ea7520a', '48d7a8a4-1e2d-41ba-8679-e612d828d34e', '3c494387-235e-4088-afb6-5f7317c7bd1f', '2025-10-31 00:06:38.896');
INSERT INTO public.role_permissions VALUES ('798c0f94-66e3-4b7e-9269-f32db6e71c00', '30f9a185-e0e6-4c70-865f-416abd6f08e4', '2df8d734-36aa-4c3a-8a4a-6db0ccd19175', '2025-10-31 00:06:38.903');
INSERT INTO public.role_permissions VALUES ('971a67ee-4d0b-428b-ba5f-46811f6c0fd0', '30f9a185-e0e6-4c70-865f-416abd6f08e4', 'a9b4e02b-fac2-4a40-bda1-9d075565992d', '2025-10-31 00:06:38.903');
INSERT INTO public.role_permissions VALUES ('cdfe8317-a008-46a9-8eaa-688d6aa44cf4', '30f9a185-e0e6-4c70-865f-416abd6f08e4', '8a8ca045-ec2f-4e08-825c-d50d12454623', '2025-10-31 00:06:38.903');
INSERT INTO public.role_permissions VALUES ('cb147a88-1819-4efa-b6be-e849ab773e0e', '30f9a185-e0e6-4c70-865f-416abd6f08e4', '0c457350-26ad-4f90-b062-2c2770bff48c', '2025-10-31 00:06:38.903');
INSERT INTO public.role_permissions VALUES ('c4fc5665-813e-4c59-a7e6-0891d6fe6707', '30f9a185-e0e6-4c70-865f-416abd6f08e4', 'cbdaf2df-92ac-468d-b4f5-b114d19d1ae0', '2025-10-31 00:06:38.903');


--
-- Data for Name: service_images; Type: TABLE DATA; Schema: public; Owner: postgres
--



--
-- Data for Name: service_parts; Type: TABLE DATA; Schema: public; Owner: postgres
--

INSERT INTO public.service_parts VALUES ('38be6b80-9345-4200-9dea-8cf7176851a9', '2c3c1878-3494-4a26-8591-f10dceff1cf1', 'aa3b4fc3-0f33-4cc5-8721-c98f7388c4d8', 1, 150, 150, '2025-10-31 00:06:39.284');
INSERT INTO public.service_parts VALUES ('6d5f313d-50d2-4a41-92d3-20309b21c976', '99ef4c37-4a00-42eb-836f-44641adf7b2c', '8553b082-d99b-4a1a-a76c-431bd544026f', 2, 30, 60, '2025-10-31 00:34:49.425');
INSERT INTO public.service_parts VALUES ('3e34c844-3082-4010-83a5-f1e7ac62e4a7', '99ef4c37-4a00-42eb-836f-44641adf7b2c', '8553b082-d99b-4a1a-a76c-431bd544026f', 2, 30, 60, '2025-10-31 00:34:49.432');
INSERT INTO public.service_parts VALUES ('290b5fc0-f9ed-4da7-9319-a3d57455a92c', '99ef4c37-4a00-42eb-836f-44641adf7b2c', 'aa3b4fc3-0f33-4cc5-8721-c98f7388c4d8', 2, 80, 160, '2025-10-31 00:34:49.435');
INSERT INTO public.service_parts VALUES ('547a4046-5eca-4d4e-8438-d8e210671be3', 'f5202171-6497-4daf-a19f-fb4cce0e3fe5', '3000cb3f-9990-4c8d-8143-5bfaff715c2e', 2, 10, 20, '2025-10-31 00:34:49.487');
INSERT INTO public.service_parts VALUES ('e3838150-9e66-4d7a-a8ec-90e5fce4b973', 'f5202171-6497-4daf-a19f-fb4cce0e3fe5', '8553b082-d99b-4a1a-a76c-431bd544026f', 1, 30, 30, '2025-10-31 00:34:49.492');
INSERT INTO public.service_parts VALUES ('ef5548e3-0da0-4c7e-bca5-43b181fc355e', '5541794e-2afa-47d2-a410-8e25e21b1697', '8553b082-d99b-4a1a-a76c-431bd544026f', 1, 30, 30, '2025-10-31 00:34:49.528');
INSERT INTO public.service_parts VALUES ('f226ded6-1159-464a-9531-1103d4bf32f2', '5541794e-2afa-47d2-a410-8e25e21b1697', 'aa3b4fc3-0f33-4cc5-8721-c98f7388c4d8', 2, 80, 160, '2025-10-31 00:34:49.532');
INSERT INTO public.service_parts VALUES ('9c49df8c-2f8e-42ff-8b66-2ba21f1185b3', '5541794e-2afa-47d2-a410-8e25e21b1697', '8553b082-d99b-4a1a-a76c-431bd544026f', 1, 30, 30, '2025-10-31 00:34:49.535');
INSERT INTO public.service_parts VALUES ('fa38ab68-92fa-4f8c-b706-d879d91aff54', '9ce1f837-ee4e-4868-a836-071cabfe371f', '8553b082-d99b-4a1a-a76c-431bd544026f', 2, 30, 60, '2025-10-31 00:34:49.576');
INSERT INTO public.service_parts VALUES ('2e9bc66f-a384-4ca4-81d2-165e92141b6a', '080c96b2-0a5d-473f-9495-b77524b7c2bc', '8553b082-d99b-4a1a-a76c-431bd544026f', 1, 30, 30, '2025-10-31 00:34:49.596');
INSERT INTO public.service_parts VALUES ('06d1a930-dfa9-4a24-870e-b019ef52f9bb', '080c96b2-0a5d-473f-9495-b77524b7c2bc', '3000cb3f-9990-4c8d-8143-5bfaff715c2e', 2, 10, 20, '2025-10-31 00:34:49.599');
INSERT INTO public.service_parts VALUES ('cfcc4c28-a3b2-414a-a9ea-871daa8138e7', '080c96b2-0a5d-473f-9495-b77524b7c2bc', '8553b082-d99b-4a1a-a76c-431bd544026f', 2, 30, 60, '2025-10-31 00:34:49.601');
INSERT INTO public.service_parts VALUES ('86839823-8be6-42cb-bce0-5276a336bc4f', '92cc6f9b-ff63-4cd2-8d3c-dcc8ab69d50b', 'aa3b4fc3-0f33-4cc5-8721-c98f7388c4d8', 1, 80, 80, '2025-10-31 00:34:49.629');
INSERT INTO public.service_parts VALUES ('f7adc1f2-c87a-46f8-9ec4-6008ec324e1e', '92cc6f9b-ff63-4cd2-8d3c-dcc8ab69d50b', 'aa3b4fc3-0f33-4cc5-8721-c98f7388c4d8', 1, 80, 80, '2025-10-31 00:34:49.631');
INSERT INTO public.service_parts VALUES ('e5a9c23a-4f4c-4e7e-97be-392a41bce911', '92cc6f9b-ff63-4cd2-8d3c-dcc8ab69d50b', '3000cb3f-9990-4c8d-8143-5bfaff715c2e', 2, 10, 20, '2025-10-31 00:34:49.634');
INSERT INTO public.service_parts VALUES ('5532a2e5-f064-4a81-8efe-88dc572606fe', 'bfc3a875-bcca-48cc-97ed-f74748f8925e', '8553b082-d99b-4a1a-a76c-431bd544026f', 2, 30, 60, '2025-10-31 00:34:49.65');
INSERT INTO public.service_parts VALUES ('54fb4d50-288b-465f-ac73-c6111d1a3133', 'd7543e6b-f017-433d-983a-fa1987159838', 'aa3b4fc3-0f33-4cc5-8721-c98f7388c4d8', 1, 80, 80, '2025-10-31 00:34:49.709');
INSERT INTO public.service_parts VALUES ('9472bba5-308c-484c-9680-49c690c0986f', 'd7543e6b-f017-433d-983a-fa1987159838', '8553b082-d99b-4a1a-a76c-431bd544026f', 1, 30, 30, '2025-10-31 00:34:49.711');
INSERT INTO public.service_parts VALUES ('947c26ce-181d-40f6-a9cd-2e11b935c127', '1c747020-4a67-43e6-b487-096c92185307', '8553b082-d99b-4a1a-a76c-431bd544026f', 2, 30, 60, '2025-10-31 00:34:49.718');
INSERT INTO public.service_parts VALUES ('c063a623-3808-41a0-8828-03edf3fcb949', 'a1b1ee45-ecbc-4dcb-be91-29613323285b', '3000cb3f-9990-4c8d-8143-5bfaff715c2e', 1, 10, 10, '2025-10-31 00:34:49.736');
INSERT INTO public.service_parts VALUES ('e0b61884-8732-4481-a462-4260c132771c', 'a1b1ee45-ecbc-4dcb-be91-29613323285b', 'aa3b4fc3-0f33-4cc5-8721-c98f7388c4d8', 2, 80, 160, '2025-10-31 00:34:49.74');
INSERT INTO public.service_parts VALUES ('30d086c2-c18a-4b61-b5b2-c06d658f7d2b', 'a1b1ee45-ecbc-4dcb-be91-29613323285b', '3000cb3f-9990-4c8d-8143-5bfaff715c2e', 1, 10, 10, '2025-10-31 00:34:49.742');
INSERT INTO public.service_parts VALUES ('307618e8-a8d1-4b98-b0f7-c28ca8389117', '62e9d16c-757a-48fc-a92d-412ada4fc68c', 'aa3b4fc3-0f33-4cc5-8721-c98f7388c4d8', 2, 80, 160, '2025-10-31 00:34:49.763');
INSERT INTO public.service_parts VALUES ('75f68377-a4a4-49df-a585-781e90b65e91', '62e9d16c-757a-48fc-a92d-412ada4fc68c', '8553b082-d99b-4a1a-a76c-431bd544026f', 2, 30, 60, '2025-10-31 00:34:49.766');
INSERT INTO public.service_parts VALUES ('5a293a9c-1d40-4938-8df3-3e7777797dae', '62e9d16c-757a-48fc-a92d-412ada4fc68c', '3000cb3f-9990-4c8d-8143-5bfaff715c2e', 2, 10, 20, '2025-10-31 00:34:49.769');
INSERT INTO public.service_parts VALUES ('671a8aae-f606-4a49-a1ca-e6eccb4d2b77', '5cefa33b-d6f4-4e51-9152-a9bfab27a3fe', 'aa3b4fc3-0f33-4cc5-8721-c98f7388c4d8', 2, 80, 160, '2025-10-31 00:34:49.788');
INSERT INTO public.service_parts VALUES ('979c7ebf-654a-47f4-a740-f04d03bd58f3', '5cefa33b-d6f4-4e51-9152-a9bfab27a3fe', '8553b082-d99b-4a1a-a76c-431bd544026f', 2, 30, 60, '2025-10-31 00:34:49.79');
INSERT INTO public.service_parts VALUES ('c1129d0b-f56e-4915-9dd4-9f23d1c773aa', '5cefa33b-d6f4-4e51-9152-a9bfab27a3fe', 'aa3b4fc3-0f33-4cc5-8721-c98f7388c4d8', 1, 80, 80, '2025-10-31 00:34:49.793');
INSERT INTO public.service_parts VALUES ('3683624b-6efe-4e27-b6c0-3499037f1ab4', 'c52912be-e0b7-4970-8ac9-483c5cbb9deb', 'aa3b4fc3-0f33-4cc5-8721-c98f7388c4d8', 1, 80, 80, '2025-10-31 00:34:49.799');
INSERT INTO public.service_parts VALUES ('c38b4774-04f6-4005-9ab1-e30208e4af46', 'c52912be-e0b7-4970-8ac9-483c5cbb9deb', 'aa3b4fc3-0f33-4cc5-8721-c98f7388c4d8', 1, 80, 80, '2025-10-31 00:34:49.803');
INSERT INTO public.service_parts VALUES ('e1aef8c2-1ab3-419d-aba8-c5efe8ccd1c4', '435a9b3c-7f2e-4eba-bf4a-5ce5fcdcfe96', '8553b082-d99b-4a1a-a76c-431bd544026f', 2, 30, 60, '2025-10-31 00:34:49.829');
INSERT INTO public.service_parts VALUES ('66ac1eb4-54f6-45d8-a2c4-3c35fc4b2290', '435a9b3c-7f2e-4eba-bf4a-5ce5fcdcfe96', '8553b082-d99b-4a1a-a76c-431bd544026f', 1, 30, 30, '2025-10-31 00:34:49.832');
INSERT INTO public.service_parts VALUES ('c828bc79-1ce6-4648-8c14-20c20110b412', '28d70911-7d01-4f5e-a9bd-c67f299b8699', 'aa3b4fc3-0f33-4cc5-8721-c98f7388c4d8', 2, 80, 160, '2025-10-31 00:34:49.856');
INSERT INTO public.service_parts VALUES ('d5dab20f-33c7-4ff9-895a-6fe090a06fd6', 'e4fba872-b8fd-4900-a240-8a8672157edb', 'aa3b4fc3-0f33-4cc5-8721-c98f7388c4d8', 2, 80, 160, '2025-10-31 00:34:49.869');
INSERT INTO public.service_parts VALUES ('9b003e5a-c6a9-4e48-a934-67d7f7ea48e7', '3dfe95cb-cae4-4697-9714-d4433c88d090', 'aa3b4fc3-0f33-4cc5-8721-c98f7388c4d8', 2, 80, 160, '2025-10-31 00:34:49.88');
INSERT INTO public.service_parts VALUES ('31d7c918-d693-4c80-80df-66410741629b', 'e269e47c-9182-49b3-a1ad-635c3c602b7a', '3000cb3f-9990-4c8d-8143-5bfaff715c2e', 2, 10, 20, '2025-10-31 00:34:49.913');
INSERT INTO public.service_parts VALUES ('c21904da-fc4d-45f4-8be1-7cf84d6b828c', 'e269e47c-9182-49b3-a1ad-635c3c602b7a', '8553b082-d99b-4a1a-a76c-431bd544026f', 1, 30, 30, '2025-10-31 00:34:49.917');
INSERT INTO public.service_parts VALUES ('9de7315a-37a4-47da-ac36-d5710c69596f', '3badcab6-7a7f-4071-b700-24cd000e535b', '3000cb3f-9990-4c8d-8143-5bfaff715c2e', 1, 10, 10, '2025-10-31 00:34:49.947');
INSERT INTO public.service_parts VALUES ('2be70748-5548-42bb-a743-a3fc7b5cefa8', '3badcab6-7a7f-4071-b700-24cd000e535b', '8553b082-d99b-4a1a-a76c-431bd544026f', 2, 30, 60, '2025-10-31 00:34:49.95');
INSERT INTO public.service_parts VALUES ('e84e8f21-716d-46a2-b5db-c1ab8488da9c', '05a39b7e-32a6-4581-a04b-d48a814f1a17', '3000cb3f-9990-4c8d-8143-5bfaff715c2e', 1, 10, 10, '2025-10-31 00:34:49.958');
INSERT INTO public.service_parts VALUES ('6760526b-ecd8-4190-aa63-ebfd594120da', '05a39b7e-32a6-4581-a04b-d48a814f1a17', '3000cb3f-9990-4c8d-8143-5bfaff715c2e', 1, 10, 10, '2025-10-31 00:34:49.962');
INSERT INTO public.service_parts VALUES ('d40f3ebf-fd1b-4eeb-9710-b66930ef1b17', '05a39b7e-32a6-4581-a04b-d48a814f1a17', 'aa3b4fc3-0f33-4cc5-8721-c98f7388c4d8', 2, 80, 160, '2025-10-31 00:34:49.965');
INSERT INTO public.service_parts VALUES ('201127b5-f771-4f72-8192-489dbcf9b0b6', '639adbc6-66fa-4d04-982c-e153a8789b48', 'aa3b4fc3-0f33-4cc5-8721-c98f7388c4d8', 1, 80, 80, '2025-10-31 00:34:49.976');
INSERT INTO public.service_parts VALUES ('a4f9cf5a-c8fc-45da-871d-e465fdc38503', '639adbc6-66fa-4d04-982c-e153a8789b48', 'aa3b4fc3-0f33-4cc5-8721-c98f7388c4d8', 2, 80, 160, '2025-10-31 00:34:49.979');
INSERT INTO public.service_parts VALUES ('6576072e-3a7e-486e-938d-e37ab8696757', 'fd1f1209-b7cc-4a37-bbd9-dca2d6e33e31', 'aa3b4fc3-0f33-4cc5-8721-c98f7388c4d8', 2, 80, 160, '2025-10-31 00:34:49.996');
INSERT INTO public.service_parts VALUES ('2787fcfa-c132-491b-90eb-0519fa553d2a', 'fd1f1209-b7cc-4a37-bbd9-dca2d6e33e31', '3000cb3f-9990-4c8d-8143-5bfaff715c2e', 1, 10, 10, '2025-10-31 00:34:49.998');
INSERT INTO public.service_parts VALUES ('f2f470f2-24f4-41f0-ab92-453390ed517e', 'dc74d787-e76e-4ee0-94de-5a784b79a726', '3000cb3f-9990-4c8d-8143-5bfaff715c2e', 1, 10, 10, '2025-10-31 00:34:50.014');
INSERT INTO public.service_parts VALUES ('62abdad3-df1c-4d64-8e87-f7dc0bab1dec', 'dc74d787-e76e-4ee0-94de-5a784b79a726', 'aa3b4fc3-0f33-4cc5-8721-c98f7388c4d8', 2, 80, 160, '2025-10-31 00:34:50.021');
INSERT INTO public.service_parts VALUES ('dbb2ec96-cd02-4908-923e-675e0ca28ace', '6c6f9f57-1ef6-4cf5-a016-d00d501a0891', 'aa3b4fc3-0f33-4cc5-8721-c98f7388c4d8', 1, 80, 80, '2025-10-31 00:34:50.035');
INSERT INTO public.service_parts VALUES ('77284ad8-c919-4b1b-9b5d-22d41856584f', '6c6f9f57-1ef6-4cf5-a016-d00d501a0891', '8553b082-d99b-4a1a-a76c-431bd544026f', 1, 30, 30, '2025-10-31 00:34:50.038');
INSERT INTO public.service_parts VALUES ('9c8f4975-fcdc-490f-a705-c4908a58c5c4', '65a8c355-c8ba-4b68-98b8-45434fc0da05', '3000cb3f-9990-4c8d-8143-5bfaff715c2e', 1, 10, 10, '2025-10-31 00:34:50.059');
INSERT INTO public.service_parts VALUES ('11627a3d-2702-40e4-baca-df43ddb5c1bc', '65a8c355-c8ba-4b68-98b8-45434fc0da05', '3000cb3f-9990-4c8d-8143-5bfaff715c2e', 1, 10, 10, '2025-10-31 00:34:50.061');
INSERT INTO public.service_parts VALUES ('c6c30491-5202-4ae0-bdd4-13dd6d2dd9ef', '65a8c355-c8ba-4b68-98b8-45434fc0da05', 'aa3b4fc3-0f33-4cc5-8721-c98f7388c4d8', 2, 80, 160, '2025-10-31 00:34:50.063');
INSERT INTO public.service_parts VALUES ('ba101a50-f50a-40c0-bd0d-bb903c17fbc1', '98e3cfac-3633-4402-9941-457b7e8a7207', '3000cb3f-9990-4c8d-8143-5bfaff715c2e', 2, 10, 20, '2025-10-31 00:34:50.08');
INSERT INTO public.service_parts VALUES ('d88c603d-f0dc-4f97-ab42-c104c5179a67', '98e3cfac-3633-4402-9941-457b7e8a7207', '8553b082-d99b-4a1a-a76c-431bd544026f', 2, 30, 60, '2025-10-31 00:34:50.082');
INSERT INTO public.service_parts VALUES ('88327e19-0741-46c1-a0ae-c4513cbf13de', '98e3cfac-3633-4402-9941-457b7e8a7207', '8553b082-d99b-4a1a-a76c-431bd544026f', 2, 30, 60, '2025-10-31 00:34:50.085');
INSERT INTO public.service_parts VALUES ('1203c06b-9b66-4eab-953f-73777b291e4b', '7f24ef4e-8963-491d-951b-ac476497355b', 'aa3b4fc3-0f33-4cc5-8721-c98f7388c4d8', 2, 80, 160, '2025-10-31 00:34:50.109');
INSERT INTO public.service_parts VALUES ('afe66ab9-aa1e-45ef-87db-46b6d7d272ae', '7f24ef4e-8963-491d-951b-ac476497355b', '3000cb3f-9990-4c8d-8143-5bfaff715c2e', 2, 10, 20, '2025-10-31 00:34:50.111');
INSERT INTO public.service_parts VALUES ('d740f5bd-4e67-45e6-9ddb-bb7f46d57c8d', '7f24ef4e-8963-491d-951b-ac476497355b', '8553b082-d99b-4a1a-a76c-431bd544026f', 1, 30, 30, '2025-10-31 00:34:50.115');
INSERT INTO public.service_parts VALUES ('89de6a4b-2573-47ef-bff8-9dc676ae270f', 'b624fae2-5022-4936-92a9-a679cc296839', '3000cb3f-9990-4c8d-8143-5bfaff715c2e', 1, 10, 10, '2025-10-31 00:34:50.127');
INSERT INTO public.service_parts VALUES ('f1d1be6f-f928-4819-aeff-dccf7fb0fb40', 'fa09afff-d9a7-475b-8805-b102fbb0c12d', '8553b082-d99b-4a1a-a76c-431bd544026f', 2, 30, 60, '2025-10-31 00:34:50.141');
INSERT INTO public.service_parts VALUES ('2d573ddc-c593-440d-ae22-7120773665c5', 'fa09afff-d9a7-475b-8805-b102fbb0c12d', '8553b082-d99b-4a1a-a76c-431bd544026f', 1, 30, 30, '2025-10-31 00:34:50.143');
INSERT INTO public.service_parts VALUES ('3a3b39b4-2647-444a-9e5c-22dce694604f', 'fa09afff-d9a7-475b-8805-b102fbb0c12d', '3000cb3f-9990-4c8d-8143-5bfaff715c2e', 1, 10, 10, '2025-10-31 00:34:50.145');
INSERT INTO public.service_parts VALUES ('6171ce50-2847-45b8-bd56-c528e60afe86', '756ac143-6aeb-4f54-aaa0-1e416f008a79', 'aa3b4fc3-0f33-4cc5-8721-c98f7388c4d8', 1, 80, 80, '2025-10-31 00:34:50.161');
INSERT INTO public.service_parts VALUES ('d1340db0-8e30-4b3f-abd5-55d07ac5cacc', '756ac143-6aeb-4f54-aaa0-1e416f008a79', '8553b082-d99b-4a1a-a76c-431bd544026f', 1, 30, 30, '2025-10-31 00:34:50.164');
INSERT INTO public.service_parts VALUES ('d2bbd8e5-eeb9-4002-9d45-eaa599b915e5', '087ebc4d-fc71-47a0-bd70-f68170802811', '8553b082-d99b-4a1a-a76c-431bd544026f', 2, 30, 60, '2025-10-31 00:34:50.171');
INSERT INTO public.service_parts VALUES ('06ea116c-e421-4ba7-bfcf-e4da69270b67', '087ebc4d-fc71-47a0-bd70-f68170802811', 'aa3b4fc3-0f33-4cc5-8721-c98f7388c4d8', 2, 80, 160, '2025-10-31 00:34:50.174');
INSERT INTO public.service_parts VALUES ('6eca5fd4-85ae-4819-9a9f-e8fde60728cd', '087ebc4d-fc71-47a0-bd70-f68170802811', '8553b082-d99b-4a1a-a76c-431bd544026f', 2, 30, 60, '2025-10-31 00:34:50.176');
INSERT INTO public.service_parts VALUES ('9c1ccded-2adf-42cf-8049-569ed9f9e5d1', 'b40709ca-1b23-46c6-b80c-b59d2c765c11', '8553b082-d99b-4a1a-a76c-431bd544026f', 2, 30, 60, '2025-10-31 00:34:50.196');
INSERT INTO public.service_parts VALUES ('50362dc5-2894-46d7-9967-e098bae5f7c6', 'b40709ca-1b23-46c6-b80c-b59d2c765c11', 'aa3b4fc3-0f33-4cc5-8721-c98f7388c4d8', 2, 80, 160, '2025-10-31 00:34:50.199');
INSERT INTO public.service_parts VALUES ('e719c28a-a2e5-443e-a747-73f45e929f9a', '045adb73-b9b3-4b69-8a78-b36d5ffb10ac', 'aa3b4fc3-0f33-4cc5-8721-c98f7388c4d8', 2, 80, 160, '2025-10-31 00:34:50.221');
INSERT INTO public.service_parts VALUES ('61da9d96-6a66-4d17-a0f0-98fba1f96653', '045adb73-b9b3-4b69-8a78-b36d5ffb10ac', '3000cb3f-9990-4c8d-8143-5bfaff715c2e', 1, 10, 10, '2025-10-31 00:34:50.224');
INSERT INTO public.service_parts VALUES ('546719f1-4feb-4ac4-aa9b-f8a8ae92cc2f', '045adb73-b9b3-4b69-8a78-b36d5ffb10ac', 'aa3b4fc3-0f33-4cc5-8721-c98f7388c4d8', 1, 80, 80, '2025-10-31 00:34:50.226');
INSERT INTO public.service_parts VALUES ('190aa318-8afc-4ae4-b7ad-5aa43329daba', 'bb51c44d-79da-45fe-9436-321bb90f1f75', '8553b082-d99b-4a1a-a76c-431bd544026f', 2, 30, 60, '2025-10-31 00:34:50.234');
INSERT INTO public.service_parts VALUES ('5fda46d2-8c3f-48ce-90cf-f2c5645e4ed5', '12e3539f-7d02-4da5-98c5-1fe151f1f5f6', '3000cb3f-9990-4c8d-8143-5bfaff715c2e', 2, 10, 20, '2025-10-31 00:34:50.26');
INSERT INTO public.service_parts VALUES ('9b421603-ab85-45fd-8004-a01ca3a7b015', '12e3539f-7d02-4da5-98c5-1fe151f1f5f6', '3000cb3f-9990-4c8d-8143-5bfaff715c2e', 2, 10, 20, '2025-10-31 00:34:50.262');
INSERT INTO public.service_parts VALUES ('6beff9be-a143-4029-a3bf-7c68631d5934', '12e3539f-7d02-4da5-98c5-1fe151f1f5f6', 'aa3b4fc3-0f33-4cc5-8721-c98f7388c4d8', 2, 80, 160, '2025-10-31 00:34:50.264');
INSERT INTO public.service_parts VALUES ('02540e85-87c9-4120-9603-46de71de4d71', '70e9e326-ae47-4f0b-8b0e-cf60b3aa18d8', 'aa3b4fc3-0f33-4cc5-8721-c98f7388c4d8', 1, 80, 80, '2025-10-31 00:34:50.282');
INSERT INTO public.service_parts VALUES ('d5b8c3d7-085b-4446-9658-a75bd0892e88', 'd06758e9-9fa8-4284-b559-554f38c1c116', 'aa3b4fc3-0f33-4cc5-8721-c98f7388c4d8', 2, 80, 160, '2025-10-31 00:34:50.311');
INSERT INTO public.service_parts VALUES ('365429a3-3c1b-4f2e-a0ca-d775d7c9cf53', 'c191021c-de2a-4b54-b147-301d2719818d', 'aa3b4fc3-0f33-4cc5-8721-c98f7388c4d8', 2, 80, 160, '2025-10-31 00:34:50.336');
INSERT INTO public.service_parts VALUES ('c3a26137-b80c-4249-8814-764639bd090c', '6aeac4fa-7d0b-4a3e-8145-0c3f2c129215', 'aa3b4fc3-0f33-4cc5-8721-c98f7388c4d8', 2, 80, 160, '2025-10-31 00:34:50.36');
INSERT INTO public.service_parts VALUES ('34b28be1-c839-4669-8c25-7a7ac4629d08', '6aeac4fa-7d0b-4a3e-8145-0c3f2c129215', 'aa3b4fc3-0f33-4cc5-8721-c98f7388c4d8', 2, 80, 160, '2025-10-31 00:34:50.362');
INSERT INTO public.service_parts VALUES ('0112c0b0-fd87-42a6-807b-9f7d551585f4', 'a68b47e2-8043-45de-9b8a-c368747d3343', 'aa3b4fc3-0f33-4cc5-8721-c98f7388c4d8', 2, 80, 160, '2025-10-31 00:34:50.379');
INSERT INTO public.service_parts VALUES ('ff58e351-933b-4d5a-ae4b-c2fa571aa69d', 'a68b47e2-8043-45de-9b8a-c368747d3343', '8553b082-d99b-4a1a-a76c-431bd544026f', 1, 30, 30, '2025-10-31 00:34:50.382');
INSERT INTO public.service_parts VALUES ('1bb6f357-d990-465d-a269-b3931bff7b1b', '63f40caa-513d-4873-9359-d9a44e16ab91', '3000cb3f-9990-4c8d-8143-5bfaff715c2e', 2, 10, 20, '2025-10-31 00:34:50.421');
INSERT INTO public.service_parts VALUES ('d29e9f24-3d71-49ff-9799-515104ea5c84', '63f40caa-513d-4873-9359-d9a44e16ab91', 'aa3b4fc3-0f33-4cc5-8721-c98f7388c4d8', 1, 80, 80, '2025-10-31 00:34:50.424');
INSERT INTO public.service_parts VALUES ('17781241-642e-4957-aef6-a7aa95c71caa', '63f40caa-513d-4873-9359-d9a44e16ab91', '8553b082-d99b-4a1a-a76c-431bd544026f', 2, 30, 60, '2025-10-31 00:34:50.426');
INSERT INTO public.service_parts VALUES ('c47ba587-b51c-4ff2-a4df-646e6caf2cb4', 'b1f3ff29-174b-4922-a141-196c2415c66a', '3000cb3f-9990-4c8d-8143-5bfaff715c2e', 1, 10, 10, '2025-10-31 00:34:50.439');
INSERT INTO public.service_parts VALUES ('2238dacf-b65b-4012-bae1-b03e958cc4a5', 'aa9faa67-8015-4768-b02c-1342376044e5', '8553b082-d99b-4a1a-a76c-431bd544026f', 1, 30, 30, '2025-10-31 00:34:50.452');
INSERT INTO public.service_parts VALUES ('dbf4fb5c-8b62-4f9a-a2b2-eedc5e16183f', 'aa9faa67-8015-4768-b02c-1342376044e5', '8553b082-d99b-4a1a-a76c-431bd544026f', 2, 30, 60, '2025-10-31 00:34:50.454');
INSERT INTO public.service_parts VALUES ('d81864c6-71b9-472e-b665-017496effcbd', 'c9e45ab6-cc1a-4fcf-980c-fec96512c5a4', '8553b082-d99b-4a1a-a76c-431bd544026f', 2, 30, 60, '2025-10-31 00:34:50.471');
INSERT INTO public.service_parts VALUES ('dfec378b-039c-4900-881d-d7ce8cca8f0c', 'c9e45ab6-cc1a-4fcf-980c-fec96512c5a4', '3000cb3f-9990-4c8d-8143-5bfaff715c2e', 2, 10, 20, '2025-10-31 00:34:50.474');
INSERT INTO public.service_parts VALUES ('590aa6a6-2e3a-4a3b-aa45-7a217720b789', '3fb2005f-b488-4343-8795-2b283860f0dc', '8553b082-d99b-4a1a-a76c-431bd544026f', 2, 30, 60, '2025-10-31 00:34:50.483');
INSERT INTO public.service_parts VALUES ('f593f4ca-cdc8-4802-878d-c418ee691534', '3fb2005f-b488-4343-8795-2b283860f0dc', '8553b082-d99b-4a1a-a76c-431bd544026f', 2, 30, 60, '2025-10-31 00:34:50.485');
INSERT INTO public.service_parts VALUES ('0e1f7769-0d20-4917-8afc-b16238431a44', '3fb2005f-b488-4343-8795-2b283860f0dc', '3000cb3f-9990-4c8d-8143-5bfaff715c2e', 1, 10, 10, '2025-10-31 00:34:50.489');
INSERT INTO public.service_parts VALUES ('5c71cc52-3658-41d3-a8ca-a836daf5d695', 'af81c781-5158-4ecf-8a01-4a55ef80c348', '8553b082-d99b-4a1a-a76c-431bd544026f', 2, 30, 60, '2025-10-31 00:34:50.499');
INSERT INTO public.service_parts VALUES ('de580fa6-f779-4080-a4dc-abffac3e2381', 'af81c781-5158-4ecf-8a01-4a55ef80c348', 'aa3b4fc3-0f33-4cc5-8721-c98f7388c4d8', 1, 80, 80, '2025-10-31 00:34:50.501');
INSERT INTO public.service_parts VALUES ('0b3a6c84-57e1-4f36-87a2-e0961f7fbad5', 'af81c781-5158-4ecf-8a01-4a55ef80c348', '3000cb3f-9990-4c8d-8143-5bfaff715c2e', 1, 10, 10, '2025-10-31 00:34:50.504');
INSERT INTO public.service_parts VALUES ('adc15dfe-6c87-4c05-9403-fd6a047bcf25', '13c36b87-0bb9-4f30-9ca9-4b26c70dce28', 'aa3b4fc3-0f33-4cc5-8721-c98f7388c4d8', 1, 80, 80, '2025-10-31 00:34:50.526');
INSERT INTO public.service_parts VALUES ('4e935fa6-5d44-4945-921a-70e0cdec472d', 'e5283545-9fa2-4310-92b9-53e917536e2d', 'aa3b4fc3-0f33-4cc5-8721-c98f7388c4d8', 1, 80, 80, '2025-10-31 00:34:50.544');
INSERT INTO public.service_parts VALUES ('b50ef5ea-2c56-4525-8fa7-f2fbc41ac529', 'e5283545-9fa2-4310-92b9-53e917536e2d', '8553b082-d99b-4a1a-a76c-431bd544026f', 1, 30, 30, '2025-10-31 00:34:50.546');
INSERT INTO public.service_parts VALUES ('c2fb49a4-24ee-4be6-8398-965c1577d686', 'e5283545-9fa2-4310-92b9-53e917536e2d', '3000cb3f-9990-4c8d-8143-5bfaff715c2e', 1, 10, 10, '2025-10-31 00:34:50.548');
INSERT INTO public.service_parts VALUES ('c033b1c8-99d3-4e5a-af1e-1afb652272d2', '9b1a1f2c-4d6f-4a0e-bab8-e8af325ccb60', 'aa3b4fc3-0f33-4cc5-8721-c98f7388c4d8', 2, 80, 160, '2025-10-31 00:34:50.565');
INSERT INTO public.service_parts VALUES ('d58d022c-fbe5-4e97-bc88-a17e6dc2ebe6', '9b1a1f2c-4d6f-4a0e-bab8-e8af325ccb60', '8553b082-d99b-4a1a-a76c-431bd544026f', 2, 30, 60, '2025-10-31 00:34:50.568');
INSERT INTO public.service_parts VALUES ('5d6d4fa9-303a-4f3a-bbf5-ccbc43bea6e2', '9b1a1f2c-4d6f-4a0e-bab8-e8af325ccb60', '3000cb3f-9990-4c8d-8143-5bfaff715c2e', 1, 10, 10, '2025-10-31 00:34:50.571');
INSERT INTO public.service_parts VALUES ('4ef3a595-f939-4693-89ac-3dbabd41ff84', '8b0ad37d-453c-4766-be25-9b58d4012cfa', 'aa3b4fc3-0f33-4cc5-8721-c98f7388c4d8', 1, 80, 80, '2025-10-31 00:34:50.588');
INSERT INTO public.service_parts VALUES ('faf4f839-70aa-4c31-953c-73c40c33afba', '8b0ad37d-453c-4766-be25-9b58d4012cfa', '3000cb3f-9990-4c8d-8143-5bfaff715c2e', 1, 10, 10, '2025-10-31 00:34:50.59');
INSERT INTO public.service_parts VALUES ('cf6972c1-a5ad-47e1-b9bd-b9d44c944cf9', '8b0ad37d-453c-4766-be25-9b58d4012cfa', '3000cb3f-9990-4c8d-8143-5bfaff715c2e', 2, 10, 20, '2025-10-31 00:34:50.592');
INSERT INTO public.service_parts VALUES ('b52ec8d2-01f6-4ce7-b00e-c29f5b8de039', '89f3afb2-7675-4a53-b0eb-904c67871c07', 'aa3b4fc3-0f33-4cc5-8721-c98f7388c4d8', 2, 80, 160, '2025-10-31 00:34:50.611');
INSERT INTO public.service_parts VALUES ('96c8f9a7-a835-4b64-babf-6ba1210bd712', '89f3afb2-7675-4a53-b0eb-904c67871c07', 'aa3b4fc3-0f33-4cc5-8721-c98f7388c4d8', 1, 80, 80, '2025-10-31 00:34:50.614');
INSERT INTO public.service_parts VALUES ('14f9c2a5-434d-42a6-b103-f302dcc41e7d', '89f3afb2-7675-4a53-b0eb-904c67871c07', '3000cb3f-9990-4c8d-8143-5bfaff715c2e', 2, 10, 20, '2025-10-31 00:34:50.616');
INSERT INTO public.service_parts VALUES ('43a7777d-d7ac-4c48-bd92-d6ea1cc36b7e', 'cf4a2ae4-3ebb-4be2-b209-fe45ed5c4b18', 'aa3b4fc3-0f33-4cc5-8721-c98f7388c4d8', 1, 80, 80, '2025-10-31 00:34:50.645');
INSERT INTO public.service_parts VALUES ('5ee6e28e-a386-4198-8ec3-f93bcf0afb9a', 'a3d49bb6-12a4-4b0b-bcc1-23890c699a5e', '3000cb3f-9990-4c8d-8143-5bfaff715c2e', 1, 10, 10, '2025-10-31 00:34:50.657');
INSERT INTO public.service_parts VALUES ('2cf1d279-c1e2-4641-bf12-7d9e9e33814e', '5e10cfcc-0748-4d4a-82cf-2b62e2fa37b9', '3000cb3f-9990-4c8d-8143-5bfaff715c2e', 1, 10, 10, '2025-10-31 00:34:50.675');
INSERT INTO public.service_parts VALUES ('83c8b947-e8c2-4e8a-add7-33a9fc05f57e', 'e77d15f0-2793-435a-aa34-5d08463c77c3', '3000cb3f-9990-4c8d-8143-5bfaff715c2e', 1, 10, 10, '2025-10-31 00:34:50.719');
INSERT INTO public.service_parts VALUES ('4f68d496-8c67-4f37-87bc-54cbc3006608', 'e77d15f0-2793-435a-aa34-5d08463c77c3', 'aa3b4fc3-0f33-4cc5-8721-c98f7388c4d8', 1, 80, 80, '2025-10-31 00:34:50.722');
INSERT INTO public.service_parts VALUES ('30727dc9-1995-4abf-b96e-7d3698184865', 'debd2fb8-cf37-4972-9ab0-015c5a999f99', 'aa3b4fc3-0f33-4cc5-8721-c98f7388c4d8', 2, 80, 160, '2025-10-31 00:34:50.734');
INSERT INTO public.service_parts VALUES ('af273939-3bef-4caa-9f4d-ff43e847bf01', 'debd2fb8-cf37-4972-9ab0-015c5a999f99', 'aa3b4fc3-0f33-4cc5-8721-c98f7388c4d8', 2, 80, 160, '2025-10-31 00:34:50.736');
INSERT INTO public.service_parts VALUES ('9c37dc0a-de6f-46a0-b9d2-d5a9ac9d3f83', 'fa0259ef-d0e8-43ca-8cda-e24fb7e1ac39', '8553b082-d99b-4a1a-a76c-431bd544026f', 2, 30, 60, '2025-10-31 00:34:50.752');
INSERT INTO public.service_parts VALUES ('3fe89e1c-0b6b-400d-8194-834d862e5c90', 'fa0259ef-d0e8-43ca-8cda-e24fb7e1ac39', 'aa3b4fc3-0f33-4cc5-8721-c98f7388c4d8', 2, 80, 160, '2025-10-31 00:34:50.754');
INSERT INTO public.service_parts VALUES ('c3787842-b762-48ef-b737-c32e4722d9af', 'fa0259ef-d0e8-43ca-8cda-e24fb7e1ac39', '8553b082-d99b-4a1a-a76c-431bd544026f', 2, 30, 60, '2025-10-31 00:34:50.756');
INSERT INTO public.service_parts VALUES ('2437380d-5889-48ba-a70f-0626e07bbfbb', 'be8e87dd-c946-466a-b1ab-17966691858a', '8553b082-d99b-4a1a-a76c-431bd544026f', 1, 30, 30, '2025-10-31 00:34:50.783');
INSERT INTO public.service_parts VALUES ('a29f3a44-3ed6-4637-ab79-062ca12bd001', 'be8e87dd-c946-466a-b1ab-17966691858a', '8553b082-d99b-4a1a-a76c-431bd544026f', 2, 30, 60, '2025-10-31 00:34:50.785');
INSERT INTO public.service_parts VALUES ('18a7f9c1-982f-4298-a09e-285565fe797f', 'be8e87dd-c946-466a-b1ab-17966691858a', 'aa3b4fc3-0f33-4cc5-8721-c98f7388c4d8', 1, 80, 80, '2025-10-31 00:34:50.787');
INSERT INTO public.service_parts VALUES ('6456aba0-f493-4715-aaa9-8c50cc46b29a', 'd3ee63bc-880c-4649-b2ed-3476eceee080', 'aa3b4fc3-0f33-4cc5-8721-c98f7388c4d8', 2, 80, 160, '2025-10-31 00:34:50.797');
INSERT INTO public.service_parts VALUES ('658a412b-9fbf-41e3-927c-b4583de8426d', 'd3ee63bc-880c-4649-b2ed-3476eceee080', '8553b082-d99b-4a1a-a76c-431bd544026f', 1, 30, 30, '2025-10-31 00:34:50.799');
INSERT INTO public.service_parts VALUES ('0a6552ae-8f06-49d0-8619-89520a2d70f8', 'd3ee63bc-880c-4649-b2ed-3476eceee080', 'aa3b4fc3-0f33-4cc5-8721-c98f7388c4d8', 2, 80, 160, '2025-10-31 00:34:50.801');


--
-- Data for Name: service_ratings; Type: TABLE DATA; Schema: public; Owner: postgres
--

INSERT INTO public.service_ratings VALUES ('d8698a5b-16c7-48a8-afc0-f62dd3d68b0d', '5541794e-2afa-47d2-a410-8e25e21b1697', 3, 'Service was okay.', '2025-09-08 00:34:49.523');
INSERT INTO public.service_ratings VALUES ('05bf5e3b-edcf-4dfa-b7df-0249bd2d6afd', '9ce1f837-ee4e-4868-a836-071cabfe371f', 4, 'Professional service. Highly recommended.', '2025-10-06 00:34:49.569');
INSERT INTO public.service_ratings VALUES ('20ffdf2c-9af5-4cdd-bf32-70b00a5b69f8', 'bfc3a875-bcca-48cc-97ed-f74748f8925e', 3, 'Service was okay.', '2025-09-13 00:34:49.646');
INSERT INTO public.service_ratings VALUES ('b7d8d9e6-da65-420e-954b-761dfa5ce466', '435a9b3c-7f2e-4eba-bf4a-5ce5fcdcfe96', 5, 'Professional service. Highly recommended.', '2025-10-14 00:34:49.823');
INSERT INTO public.service_ratings VALUES ('35cc2b9f-d6d2-47c4-8a79-fbef301f9fb1', 'b40709ca-1b23-46c6-b80c-b59d2c765c11', 5, 'Excellent repair work.', '2025-10-05 00:34:50.19');
INSERT INTO public.service_ratings VALUES ('4662803a-7aa4-4bcb-9216-fba9dccabaf7', 'a3d49bb6-12a4-4b0b-bcc1-23890c699a5e', 4, 'Excellent repair work.', '2025-10-25 00:34:50.65');


--
-- Data for Name: service_status_history; Type: TABLE DATA; Schema: public; Owner: postgres
--

INSERT INTO public.service_status_history VALUES ('dff90eda-8cde-46f6-acd8-8277496a7e20', '069b4b54-1025-43fa-b8eb-cc154a68b1e3', 'PENDING', 'Service created', '97f0d703-751c-4747-9a3b-b0d56c5b6825', '2025-10-31 01:25:22.201');
INSERT INTO public.service_status_history VALUES ('2e7044e9-58b9-4f0a-a003-f9cd2a221387', '069b4b54-1025-43fa-b8eb-cc154a68b1e3', 'IN_PROGRESS', '', '97f0d703-751c-4747-9a3b-b0d56c5b6825', '2025-10-31 02:01:32.769');
INSERT INTO public.service_status_history VALUES ('da620f55-645e-4ac2-94b7-20571eb222eb', '069b4b54-1025-43fa-b8eb-cc154a68b1e3', 'WAITING_PARTS', '', '97f0d703-751c-4747-9a3b-b0d56c5b6825', '2025-10-31 02:01:51.059');
INSERT INTO public.service_status_history VALUES ('7b9b6248-09b5-4107-bd69-b38eabac11ac', '1120de55-a803-472e-8156-a6f1486bf2c0', 'PENDING', 'Service created', '97f0d703-751c-4747-9a3b-b0d56c5b6825', '2025-10-31 07:04:21.335');
INSERT INTO public.service_status_history VALUES ('2047fc92-051c-4691-a2aa-90cbeb36ed59', '1120de55-a803-472e-8156-a6f1486bf2c0', 'IN_PROGRESS', '', '97f0d703-751c-4747-9a3b-b0d56c5b6825', '2025-10-31 07:04:55.782');


--
-- Data for Name: stock_movements; Type: TABLE DATA; Schema: public; Owner: postgres
--



--
-- Data for Name: supplier_payments; Type: TABLE DATA; Schema: public; Owner: postgres
--



--
-- Data for Name: technician_performance_logs; Type: TABLE DATA; Schema: public; Owner: postgres
--



--
-- PostgreSQL database dump complete
--

\unrestrict ejMgiXpcxKvuStxFqhz6sV0CRQMS6blwva4I8MD4rApCVOmTAc8Nu1Sn6RZYGsT

